<?xml version="1.0" encoding="UTF-8"?>
<gpx xmlns:gpxdata="http://www.cluetrust.com/XML/GPXDATA/1/0" xmlns:xsi="http://www.w3.org/2001/XMLSchema-instance" xmlns="http://www.topografix.com/GPX/1/1" version="1.1" creator="http://ridewithgps.com/" xsi:schemaLocation="http://www.topografix.com/GPX/1/1 http://www.topografix.com/GPX/1/1/gpx.xsd http://www.cluetrust.com/XML/GPXDATA/1/0 http://www.cluetrust.com/Schemas/gpxdata10.xsd">
  <metadata>
    <name>Boston-Emerald Necklace Bicycle Adventure</name>
    <link href="https://ridewithgps.com/routes/5684692">
      <text>Boston-Emerald Necklace Bicycle Adventure</text>
    </link>
    <time>2014-08-17T04:11:44Z</time>
  </metadata>
  <trk>
    <name>Boston-Emerald Necklace Bicycle Adventure</name>
    <trkseg>
      <trkpt lat="42.36575" lon="-71.060689">
        <ele>2.1</ele>
      </trkpt>
      <trkpt lat="42.36571" lon="-71.06065">
        <ele>2.1</ele>
      </trkpt>
      <trkpt lat="42.36586" lon="-71.06035">
        <ele>1.9</ele>
      </trkpt>
      <trkpt lat="42.36592" lon="-71.06028">
        <ele>1.7</ele>
      </trkpt>
      <trkpt lat="42.366" lon="-71.06023">
        <ele>1.6</ele>
      </trkpt>
      <trkpt lat="42.36621" lon="-71.05983">
        <ele>1.2</ele>
      </trkpt>
      <trkpt lat="42.36621" lon="-71.05983">
        <ele>1.2</ele>
      </trkpt>
      <trkpt lat="42.36621" lon="-71.05982">
        <ele>1.2</ele>
      </trkpt>
      <trkpt lat="42.36656" lon="-71.06017">
        <ele>0.7</ele>
      </trkpt>
      <trkpt lat="42.367" lon="-71.06066">
        <ele>0.1</ele>
      </trkpt>
      <trkpt lat="42.36705" lon="-71.06072">
        <ele>0.1</ele>
      </trkpt>
      <trkpt lat="42.36762" lon="-71.05951">
        <ele>0.0</ele>
      </trkpt>
      <trkpt lat="42.36788" lon="-71.05947">
        <ele>0.0</ele>
      </trkpt>
      <trkpt lat="42.36803" lon="-71.05908">
        <ele>0.0</ele>
      </trkpt>
      <trkpt lat="42.36786" lon="-71.05861">
        <ele>0.1</ele>
      </trkpt>
      <trkpt lat="42.36787" lon="-71.05822">
        <ele>0.1</ele>
      </trkpt>
      <trkpt lat="42.36795" lon="-71.0581">
        <ele>0.1</ele>
      </trkpt>
      <trkpt lat="42.36801" lon="-71.05815">
        <ele>0.0</ele>
      </trkpt>
      <trkpt lat="42.36832" lon="-71.05763">
        <ele>0.4</ele>
      </trkpt>
      <trkpt lat="42.36851" lon="-71.05758">
        <ele>0.2</ele>
      </trkpt>
      <trkpt lat="42.36871" lon="-71.05727">
        <ele>0.1</ele>
      </trkpt>
      <trkpt lat="42.36885" lon="-71.05681">
        <ele>0.0</ele>
      </trkpt>
      <trkpt lat="42.368899" lon="-71.056569">
        <ele>0.1</ele>
      </trkpt>
      <trkpt lat="42.36891" lon="-71.056479">
        <ele>0.1</ele>
      </trkpt>
      <trkpt lat="42.36891" lon="-71.056479">
        <ele>0.1</ele>
      </trkpt>
      <trkpt lat="42.36897" lon="-71.05586">
        <ele>0.0</ele>
      </trkpt>
      <trkpt lat="42.36898" lon="-71.05556">
        <ele>0.0</ele>
      </trkpt>
      <trkpt lat="42.368899" lon="-71.05517">
        <ele>-0.2</ele>
      </trkpt>
      <trkpt lat="42.36822" lon="-71.05548">
        <ele>3.9</ele>
      </trkpt>
      <trkpt lat="42.36815" lon="-71.05551">
        <ele>4.5</ele>
      </trkpt>
      <trkpt lat="42.3678" lon="-71.05419">
        <ele>4.7</ele>
      </trkpt>
      <trkpt lat="42.36774" lon="-71.05402">
        <ele>4.8</ele>
      </trkpt>
      <trkpt lat="42.367744" lon="-71.054015">
        <ele>4.7</ele>
      </trkpt>
      <trkpt lat="42.3677" lon="-71.0539">
        <ele>4.8</ele>
      </trkpt>
      <trkpt lat="42.36765" lon="-71.05376">
        <ele>4.8</ele>
      </trkpt>
      <trkpt lat="42.36751" lon="-71.05338">
        <ele>4.7</ele>
      </trkpt>
      <trkpt lat="42.36743" lon="-71.05317">
        <ele>4.6</ele>
      </trkpt>
      <trkpt lat="42.36739" lon="-71.05306">
        <ele>4.5</ele>
      </trkpt>
      <trkpt lat="42.36734" lon="-71.05294">
        <ele>4.3</ele>
      </trkpt>
      <trkpt lat="42.36718" lon="-71.05251">
        <ele>3.4</ele>
      </trkpt>
      <trkpt lat="42.36712" lon="-71.05235">
        <ele>3.2</ele>
      </trkpt>
      <trkpt lat="42.36706" lon="-71.05221">
        <ele>3.1</ele>
      </trkpt>
      <trkpt lat="42.36704" lon="-71.05215">
        <ele>3.1</ele>
      </trkpt>
      <trkpt lat="42.36703" lon="-71.05213">
        <ele>3.1</ele>
      </trkpt>
      <trkpt lat="42.36701" lon="-71.0521">
        <ele>3.1</ele>
      </trkpt>
      <trkpt lat="42.36699" lon="-71.05206">
        <ele>3.1</ele>
      </trkpt>
      <trkpt lat="42.36697" lon="-71.05204">
        <ele>3.1</ele>
      </trkpt>
      <trkpt lat="42.36695" lon="-71.05201">
        <ele>3.1</ele>
      </trkpt>
      <trkpt lat="42.36693" lon="-71.05199">
        <ele>3.1</ele>
      </trkpt>
      <trkpt lat="42.36684" lon="-71.05188">
        <ele>3.2</ele>
      </trkpt>
      <trkpt lat="42.36675" lon="-71.051779">
        <ele>3.2</ele>
      </trkpt>
      <trkpt lat="42.366491" lon="-71.051488">
        <ele>3.2</ele>
      </trkpt>
      <trkpt lat="42.36648" lon="-71.0515">
        <ele>3.3</ele>
      </trkpt>
      <trkpt lat="42.3664" lon="-71.05141">
        <ele>3.2</ele>
      </trkpt>
      <trkpt lat="42.366549" lon="-71.05129">
        <ele>2.7</ele>
      </trkpt>
      <trkpt lat="42.36688" lon="-71.05082">
        <ele>1.1</ele>
      </trkpt>
      <trkpt lat="42.3671" lon="-71.05106">
        <ele>0.6</ele>
      </trkpt>
      <trkpt lat="42.36718" lon="-71.05103">
        <ele>0.2</ele>
      </trkpt>
      <trkpt lat="42.36723" lon="-71.05095">
        <ele>0.0</ele>
      </trkpt>
      <trkpt lat="42.36718" lon="-71.05083">
        <ele>0.1</ele>
      </trkpt>
      <trkpt lat="42.367759" lon="-71.04995">
        <ele>0.1</ele>
      </trkpt>
      <trkpt lat="42.36774" lon="-71.04988">
        <ele>0.0</ele>
      </trkpt>
      <trkpt lat="42.36763" lon="-71.04976">
        <ele>0.1</ele>
      </trkpt>
      <trkpt lat="42.36744" lon="-71.05001">
        <ele>0.2</ele>
      </trkpt>
      <trkpt lat="42.36744" lon="-71.05001">
        <ele>0.2</ele>
      </trkpt>
      <trkpt lat="42.36744" lon="-71.05002">
        <ele>0.2</ele>
      </trkpt>
      <trkpt lat="42.3674" lon="-71.05007">
        <ele>0.3</ele>
      </trkpt>
      <trkpt lat="42.36718" lon="-71.04992">
        <ele>0.3</ele>
      </trkpt>
      <trkpt lat="42.36724" lon="-71.04949">
        <ele>0.1</ele>
      </trkpt>
      <trkpt lat="42.36718" lon="-71.04944">
        <ele>0.1</ele>
      </trkpt>
      <trkpt lat="42.367109" lon="-71.04943">
        <ele>0.1</ele>
      </trkpt>
      <trkpt lat="42.367019" lon="-71.04943">
        <ele>0.0</ele>
      </trkpt>
      <trkpt lat="42.3669" lon="-71.05016">
        <ele>0.2</ele>
      </trkpt>
      <trkpt lat="42.3669" lon="-71.05016">
        <ele>0.2</ele>
      </trkpt>
      <trkpt lat="42.3669" lon="-71.05017">
        <ele>0.2</ele>
      </trkpt>
      <trkpt lat="42.366729" lon="-71.05045">
        <ele>0.7</ele>
      </trkpt>
      <trkpt lat="42.36662" lon="-71.05047">
        <ele>0.8</ele>
      </trkpt>
      <trkpt lat="42.3666" lon="-71.05044">
        <ele>0.8</ele>
      </trkpt>
      <trkpt lat="42.36667" lon="-71.05012">
        <ele>0.1</ele>
      </trkpt>
      <trkpt lat="42.36668" lon="-71.04993">
        <ele>-0.2</ele>
      </trkpt>
      <trkpt lat="42.3668" lon="-71.04926">
        <ele>0.0</ele>
      </trkpt>
      <trkpt lat="42.36659" lon="-71.04919">
        <ele>0.0</ele>
      </trkpt>
      <trkpt lat="42.36654" lon="-71.04948">
        <ele>0.0</ele>
      </trkpt>
      <trkpt lat="42.36654" lon="-71.04948">
        <ele>0.0</ele>
      </trkpt>
      <trkpt lat="42.36654" lon="-71.04949">
        <ele>0.0</ele>
      </trkpt>
      <trkpt lat="42.36652" lon="-71.04962">
        <ele>0.0</ele>
      </trkpt>
      <trkpt lat="42.36633" lon="-71.04961">
        <ele>0.2</ele>
      </trkpt>
      <trkpt lat="42.36631" lon="-71.04912">
        <ele>0.2</ele>
      </trkpt>
      <trkpt lat="42.36618" lon="-71.04912">
        <ele>0.1</ele>
      </trkpt>
      <trkpt lat="42.36618" lon="-71.04912">
        <ele>0.1</ele>
      </trkpt>
      <trkpt lat="42.366169" lon="-71.04912">
        <ele>0.1</ele>
      </trkpt>
      <trkpt lat="42.36607" lon="-71.04931">
        <ele>0.1</ele>
      </trkpt>
      <trkpt lat="42.36607" lon="-71.04937">
        <ele>0.1</ele>
      </trkpt>
      <trkpt lat="42.36607" lon="-71.04937">
        <ele>0.1</ele>
      </trkpt>
      <trkpt lat="42.36609" lon="-71.05009">
        <ele>0.7</ele>
      </trkpt>
      <trkpt lat="42.36578" lon="-71.0501">
        <ele>1.3</ele>
      </trkpt>
      <trkpt lat="42.36575" lon="-71.05005">
        <ele>1.4</ele>
      </trkpt>
      <trkpt lat="42.36567" lon="-71.04982">
        <ele>0.4</ele>
      </trkpt>
      <trkpt lat="42.36531" lon="-71.04983">
        <ele>2.4</ele>
      </trkpt>
      <trkpt lat="42.36531" lon="-71.05021">
        <ele>3.2</ele>
      </trkpt>
      <trkpt lat="42.365319" lon="-71.05049">
        <ele>2.9</ele>
      </trkpt>
      <trkpt lat="42.365319" lon="-71.05049">
        <ele>2.9</ele>
      </trkpt>
      <trkpt lat="42.36533" lon="-71.05098">
        <ele>3.1</ele>
      </trkpt>
      <trkpt lat="42.36534" lon="-71.05111">
        <ele>3.3</ele>
      </trkpt>
      <trkpt lat="42.364849" lon="-71.05107">
        <ele>1.9</ele>
      </trkpt>
      <trkpt lat="42.36484" lon="-71.05094">
        <ele>1.3</ele>
      </trkpt>
      <trkpt lat="42.36483" lon="-71.050839">
        <ele>0.8</ele>
      </trkpt>
      <trkpt lat="42.36479" lon="-71.05053">
        <ele>0.1</ele>
      </trkpt>
      <trkpt lat="42.3648" lon="-71.05052">
        <ele>0.0</ele>
      </trkpt>
      <trkpt lat="42.36479" lon="-71.05053">
        <ele>0.1</ele>
      </trkpt>
      <trkpt lat="42.36472" lon="-71.04988">
        <ele>0.0</ele>
      </trkpt>
      <trkpt lat="42.36472" lon="-71.04988">
        <ele>0.0</ele>
      </trkpt>
      <trkpt lat="42.36469" lon="-71.049629">
        <ele>0.1</ele>
      </trkpt>
      <trkpt lat="42.36457" lon="-71.04964">
        <ele>0.2</ele>
      </trkpt>
      <trkpt lat="42.36455" lon="-71.04947">
        <ele>0.1</ele>
      </trkpt>
      <trkpt lat="42.3645" lon="-71.04948">
        <ele>0.1</ele>
      </trkpt>
      <trkpt lat="42.36449" lon="-71.04938">
        <ele>0.1</ele>
      </trkpt>
      <trkpt lat="42.36448" lon="-71.04937">
        <ele>0.1</ele>
      </trkpt>
      <trkpt lat="42.363819" lon="-71.04948">
        <ele>0.1</ele>
      </trkpt>
      <trkpt lat="42.36383" lon="-71.04971">
        <ele>0.2</ele>
      </trkpt>
      <trkpt lat="42.3638" lon="-71.04971">
        <ele>0.1</ele>
      </trkpt>
      <trkpt lat="42.3638" lon="-71.04971">
        <ele>0.1</ele>
      </trkpt>
      <trkpt lat="42.36379" lon="-71.04971">
        <ele>0.1</ele>
      </trkpt>
      <trkpt lat="42.363549" lon="-71.04976">
        <ele>0.3</ele>
      </trkpt>
      <trkpt lat="42.36348" lon="-71.04908">
        <ele>0.1</ele>
      </trkpt>
      <trkpt lat="42.36345" lon="-71.04908">
        <ele>0.1</ele>
      </trkpt>
      <trkpt lat="42.36345" lon="-71.04908">
        <ele>0.1</ele>
      </trkpt>
      <trkpt lat="42.36322" lon="-71.0491">
        <ele>0.1</ele>
      </trkpt>
      <trkpt lat="42.36323" lon="-71.04927">
        <ele>0.2</ele>
      </trkpt>
      <trkpt lat="42.36295" lon="-71.049359">
        <ele>0.2</ele>
      </trkpt>
      <trkpt lat="42.36296" lon="-71.04937">
        <ele>0.3</ele>
      </trkpt>
      <trkpt lat="42.36297" lon="-71.04943">
        <ele>0.3</ele>
      </trkpt>
      <trkpt lat="42.36303" lon="-71.0497">
        <ele>0.4</ele>
      </trkpt>
      <trkpt lat="42.36303" lon="-71.0497">
        <ele>0.4</ele>
      </trkpt>
      <trkpt lat="42.36315" lon="-71.05021">
        <ele>0.6</ele>
      </trkpt>
      <trkpt lat="42.36315" lon="-71.05021">
        <ele>0.6</ele>
      </trkpt>
      <trkpt lat="42.36315" lon="-71.05021">
        <ele>0.6</ele>
      </trkpt>
      <trkpt lat="42.36331" lon="-71.05089">
        <ele>1.8</ele>
      </trkpt>
      <trkpt lat="42.36251" lon="-71.05085">
        <ele>2.4</ele>
      </trkpt>
      <trkpt lat="42.36251" lon="-71.05085">
        <ele>2.4</ele>
      </trkpt>
      <trkpt lat="42.362229" lon="-71.05089">
        <ele>3.0</ele>
      </trkpt>
      <trkpt lat="42.36174" lon="-71.0509">
        <ele>1.9</ele>
      </trkpt>
      <trkpt lat="42.36143" lon="-71.05088">
        <ele>2.2</ele>
      </trkpt>
      <trkpt lat="42.36143" lon="-71.050884">
        <ele>2.2</ele>
      </trkpt>
      <trkpt lat="42.36143" lon="-71.05088">
        <ele>2.2</ele>
      </trkpt>
      <trkpt lat="42.36056" lon="-71.05086">
        <ele>2.8</ele>
      </trkpt>
      <trkpt lat="42.36042" lon="-71.05081">
        <ele>2.8</ele>
      </trkpt>
      <trkpt lat="42.360439" lon="-71.05071">
        <ele>2.8</ele>
      </trkpt>
      <trkpt lat="42.360439" lon="-71.05071">
        <ele>2.8</ele>
      </trkpt>
      <trkpt lat="42.36043" lon="-71.05071">
        <ele>2.8</ele>
      </trkpt>
      <trkpt lat="42.36051" lon="-71.05024">
        <ele>1.2</ele>
      </trkpt>
      <trkpt lat="42.36056" lon="-71.05026">
        <ele>0.9</ele>
      </trkpt>
      <trkpt lat="42.36063" lon="-71.04983">
        <ele>0.3</ele>
      </trkpt>
      <trkpt lat="42.36056" lon="-71.049449">
        <ele>0.2</ele>
      </trkpt>
      <trkpt lat="42.36057" lon="-71.049359">
        <ele>0.1</ele>
      </trkpt>
      <trkpt lat="42.36041" lon="-71.0493">
        <ele>0.2</ele>
      </trkpt>
      <trkpt lat="42.36041" lon="-71.0493">
        <ele>0.2</ele>
      </trkpt>
      <trkpt lat="42.36041" lon="-71.04929">
        <ele>0.2</ele>
      </trkpt>
      <trkpt lat="42.36028" lon="-71.04925">
        <ele>0.4</ele>
      </trkpt>
      <trkpt lat="42.36057" lon="-71.04778">
        <ele>0.1</ele>
      </trkpt>
      <trkpt lat="42.36007" lon="-71.04771">
        <ele>-0.2</ele>
      </trkpt>
      <trkpt lat="42.35999" lon="-71.0484">
        <ele>0.0</ele>
      </trkpt>
      <trkpt lat="42.35999" lon="-71.0484">
        <ele>0.0</ele>
      </trkpt>
      <trkpt lat="42.35999" lon="-71.04841">
        <ele>0.0</ele>
      </trkpt>
      <trkpt lat="42.359969" lon="-71.048509">
        <ele>0.1</ele>
      </trkpt>
      <trkpt lat="42.3601" lon="-71.04854">
        <ele>0.0</ele>
      </trkpt>
      <trkpt lat="42.36014" lon="-71.04855">
        <ele>0.0</ele>
      </trkpt>
      <trkpt lat="42.3599" lon="-71.05009">
        <ele>0.8</ele>
      </trkpt>
      <trkpt lat="42.359879" lon="-71.05022">
        <ele>1.0</ele>
      </trkpt>
      <trkpt lat="42.359879" lon="-71.05022">
        <ele>1.0</ele>
      </trkpt>
      <trkpt lat="42.35983" lon="-71.05055">
        <ele>2.4</ele>
      </trkpt>
      <trkpt lat="42.3598" lon="-71.05071">
        <ele>2.8</ele>
      </trkpt>
      <trkpt lat="42.35962" lon="-71.05072">
        <ele>2.3</ele>
      </trkpt>
      <trkpt lat="42.35946" lon="-71.05072">
        <ele>2.3</ele>
      </trkpt>
      <trkpt lat="42.35919" lon="-71.05071">
        <ele>2.8</ele>
      </trkpt>
      <trkpt lat="42.35915" lon="-71.050479">
        <ele>2.7</ele>
      </trkpt>
      <trkpt lat="42.35924" lon="-71.05042">
        <ele>1.8</ele>
      </trkpt>
      <trkpt lat="42.35927" lon="-71.05019">
        <ele>1.9</ele>
      </trkpt>
      <trkpt lat="42.35927" lon="-71.05019">
        <ele>1.9</ele>
      </trkpt>
      <trkpt lat="42.35927" lon="-71.0502">
        <ele>1.9</ele>
      </trkpt>
      <trkpt lat="42.35954" lon="-71.04849">
        <ele>0.0</ele>
      </trkpt>
      <trkpt lat="42.35928" lon="-71.048419">
        <ele>0.8</ele>
      </trkpt>
      <trkpt lat="42.35926" lon="-71.0485">
        <ele>2.0</ele>
      </trkpt>
      <trkpt lat="42.35926" lon="-71.0485">
        <ele>2.0</ele>
      </trkpt>
      <trkpt lat="42.35926" lon="-71.048509">
        <ele>2.2</ele>
      </trkpt>
      <trkpt lat="42.35925" lon="-71.04858">
        <ele>3.0</ele>
      </trkpt>
      <trkpt lat="42.35898" lon="-71.0485">
        <ele>0.1</ele>
      </trkpt>
      <trkpt lat="42.35891" lon="-71.04893">
        <ele>2.3</ele>
      </trkpt>
      <trkpt lat="42.35895" lon="-71.04894">
        <ele>2.7</ele>
      </trkpt>
      <trkpt lat="42.35888" lon="-71.04942">
        <ele>2.0</ele>
      </trkpt>
      <trkpt lat="42.35896" lon="-71.04959">
        <ele>1.8</ele>
      </trkpt>
      <trkpt lat="42.358939" lon="-71.0497">
        <ele>1.1</ele>
      </trkpt>
      <trkpt lat="42.35873" lon="-71.0498">
        <ele>0.0</ele>
      </trkpt>
      <trkpt lat="42.35861" lon="-71.05032">
        <ele>1.7</ele>
      </trkpt>
      <trkpt lat="42.35819" lon="-71.05018">
        <ele>2.1</ele>
      </trkpt>
      <trkpt lat="42.35822" lon="-71.04998">
        <ele>1.5</ele>
      </trkpt>
      <trkpt lat="42.35822" lon="-71.04998">
        <ele>1.5</ele>
      </trkpt>
      <trkpt lat="42.35822" lon="-71.049989">
        <ele>1.5</ele>
      </trkpt>
      <trkpt lat="42.35827" lon="-71.04958">
        <ele>1.2</ele>
      </trkpt>
      <trkpt lat="42.35797" lon="-71.04948">
        <ele>1.5</ele>
      </trkpt>
      <trkpt lat="42.35787" lon="-71.04957">
        <ele>2.3</ele>
      </trkpt>
      <trkpt lat="42.35783" lon="-71.04955">
        <ele>1.7</ele>
      </trkpt>
      <trkpt lat="42.35783" lon="-71.04955">
        <ele>1.7</ele>
      </trkpt>
      <trkpt lat="42.35766" lon="-71.0495">
        <ele>0.0</ele>
      </trkpt>
      <trkpt lat="42.35757" lon="-71.04982">
        <ele>2.7</ele>
      </trkpt>
      <trkpt lat="42.35747" lon="-71.04979">
        <ele>2.1</ele>
      </trkpt>
      <trkpt lat="42.35747" lon="-71.04979">
        <ele>2.1</ele>
      </trkpt>
      <trkpt lat="42.35728" lon="-71.04974">
        <ele>1.6</ele>
      </trkpt>
      <trkpt lat="42.35743" lon="-71.04911">
        <ele>0.0</ele>
      </trkpt>
      <trkpt lat="42.35733" lon="-71.04902">
        <ele>0.0</ele>
      </trkpt>
      <trkpt lat="42.35732" lon="-71.04901">
        <ele>0.0</ele>
      </trkpt>
      <trkpt lat="42.35732" lon="-71.04901">
        <ele>0.0</ele>
      </trkpt>
      <trkpt lat="42.3572" lon="-71.04899">
        <ele>0.0</ele>
      </trkpt>
      <trkpt lat="42.356969" lon="-71.049899">
        <ele>2.8</ele>
      </trkpt>
      <trkpt lat="42.35683" lon="-71.04987">
        <ele>2.9</ele>
      </trkpt>
      <trkpt lat="42.35683" lon="-71.04982">
        <ele>2.9</ele>
      </trkpt>
      <trkpt lat="42.35683" lon="-71.04982">
        <ele>2.9</ele>
      </trkpt>
      <trkpt lat="42.35682" lon="-71.04926">
        <ele>0.0</ele>
      </trkpt>
      <trkpt lat="42.35673" lon="-71.04923">
        <ele>0.0</ele>
      </trkpt>
      <trkpt lat="42.35673" lon="-71.04923">
        <ele>0.0</ele>
      </trkpt>
      <trkpt lat="42.35669" lon="-71.04922">
        <ele>0.0</ele>
      </trkpt>
      <trkpt lat="42.35657" lon="-71.04925">
        <ele>0.0</ele>
      </trkpt>
      <trkpt lat="42.35656" lon="-71.049899">
        <ele>2.4</ele>
      </trkpt>
      <trkpt lat="42.35633" lon="-71.04992">
        <ele>2.0</ele>
      </trkpt>
      <trkpt lat="42.35634" lon="-71.05001">
        <ele>2.5</ele>
      </trkpt>
      <trkpt lat="42.35605" lon="-71.05004">
        <ele>2.2</ele>
      </trkpt>
      <trkpt lat="42.35601" lon="-71.04984">
        <ele>0.8</ele>
      </trkpt>
      <trkpt lat="42.35601" lon="-71.04984">
        <ele>0.8</ele>
      </trkpt>
      <trkpt lat="42.356" lon="-71.04973">
        <ele>0.1</ele>
      </trkpt>
      <trkpt lat="42.355289" lon="-71.05017">
        <ele>0.1</ele>
      </trkpt>
      <trkpt lat="42.35499" lon="-71.05038">
        <ele>0.2</ele>
      </trkpt>
      <trkpt lat="42.354999" lon="-71.050389">
        <ele>0.3</ele>
      </trkpt>
      <trkpt lat="42.35501" lon="-71.05038">
        <ele>0.2</ele>
      </trkpt>
      <trkpt lat="42.354909" lon="-71.05044">
        <ele>0.2</ele>
      </trkpt>
      <trkpt lat="42.354909" lon="-71.05044">
        <ele>0.2</ele>
      </trkpt>
      <trkpt lat="42.35494" lon="-71.05051">
        <ele>0.4</ele>
      </trkpt>
      <trkpt lat="42.35502" lon="-71.0507">
        <ele>1.0</ele>
      </trkpt>
      <trkpt lat="42.35513" lon="-71.05101">
        <ele>2.0</ele>
      </trkpt>
      <trkpt lat="42.354828" lon="-71.051339">
        <ele>2.2</ele>
      </trkpt>
      <trkpt lat="42.354819" lon="-71.05134">
        <ele>2.2</ele>
      </trkpt>
      <trkpt lat="42.35477" lon="-71.05143">
        <ele>2.3</ele>
      </trkpt>
      <trkpt lat="42.35452" lon="-71.05114">
        <ele>1.4</ele>
      </trkpt>
      <trkpt lat="42.35432" lon="-71.05082">
        <ele>0.7</ele>
      </trkpt>
      <trkpt lat="42.35348" lon="-71.04917">
        <ele>0.0</ele>
      </trkpt>
      <trkpt lat="42.35349" lon="-71.04916">
        <ele>0.0</ele>
      </trkpt>
      <trkpt lat="42.35343" lon="-71.04906">
        <ele>0.0</ele>
      </trkpt>
      <trkpt lat="42.35343" lon="-71.04906">
        <ele>0.0</ele>
      </trkpt>
      <trkpt lat="42.35342" lon="-71.04897">
        <ele>0.1</ele>
      </trkpt>
      <trkpt lat="42.353409" lon="-71.04888">
        <ele>0.0</ele>
      </trkpt>
      <trkpt lat="42.35334" lon="-71.04875">
        <ele>0.0</ele>
      </trkpt>
      <trkpt lat="42.35316" lon="-71.04837">
        <ele>0.2</ele>
      </trkpt>
      <trkpt lat="42.35316" lon="-71.04837">
        <ele>0.2</ele>
      </trkpt>
      <trkpt lat="42.35325" lon="-71.04832">
        <ele>0.2</ele>
      </trkpt>
      <trkpt lat="42.35328" lon="-71.04828">
        <ele>0.2</ele>
      </trkpt>
      <trkpt lat="42.35351" lon="-71.04811">
        <ele>0.2</ele>
      </trkpt>
      <trkpt lat="42.35386" lon="-71.047839">
        <ele>0.2</ele>
      </trkpt>
      <trkpt lat="42.35386" lon="-71.047839">
        <ele>0.2</ele>
      </trkpt>
      <trkpt lat="42.354" lon="-71.04816">
        <ele>0.1</ele>
      </trkpt>
      <trkpt lat="42.35401" lon="-71.04819">
        <ele>0.0</ele>
      </trkpt>
      <trkpt lat="42.354059" lon="-71.04829">
        <ele>0.0</ele>
      </trkpt>
      <trkpt lat="42.35409" lon="-71.04838">
        <ele>0.1</ele>
      </trkpt>
      <trkpt lat="42.35409" lon="-71.04838">
        <ele>0.1</ele>
      </trkpt>
      <trkpt lat="42.35423" lon="-71.04827">
        <ele>0.2</ele>
      </trkpt>
      <trkpt lat="42.35441" lon="-71.04808">
        <ele>0.1</ele>
      </trkpt>
      <trkpt lat="42.3544" lon="-71.04807">
        <ele>0.1</ele>
      </trkpt>
      <trkpt lat="42.35449" lon="-71.04795">
        <ele>0.1</ele>
      </trkpt>
      <trkpt lat="42.35477" lon="-71.04737">
        <ele>0.1</ele>
      </trkpt>
      <trkpt lat="42.35488" lon="-71.04711">
        <ele>0.0</ele>
      </trkpt>
      <trkpt lat="42.35498" lon="-71.0467">
        <ele>0.0</ele>
      </trkpt>
      <trkpt lat="42.35502" lon="-71.04653">
        <ele>0.0</ele>
      </trkpt>
      <trkpt lat="42.35502" lon="-71.04653">
        <ele>0.0</ele>
      </trkpt>
      <trkpt lat="42.35505" lon="-71.04639">
        <ele>0.1</ele>
      </trkpt>
      <trkpt lat="42.355089" lon="-71.04602">
        <ele>0.0</ele>
      </trkpt>
      <trkpt lat="42.3551" lon="-71.045779">
        <ele>0.0</ele>
      </trkpt>
      <trkpt lat="42.35507" lon="-71.04552">
        <ele>0.0</ele>
      </trkpt>
      <trkpt lat="42.35506" lon="-71.04509">
        <ele>0.0</ele>
      </trkpt>
      <trkpt lat="42.35502" lon="-71.04492">
        <ele>0.0</ele>
      </trkpt>
      <trkpt lat="42.35496" lon="-71.04477">
        <ele>0.1</ele>
      </trkpt>
      <trkpt lat="42.35493" lon="-71.04454">
        <ele>0.0</ele>
      </trkpt>
      <trkpt lat="42.3548" lon="-71.04413">
        <ele>0.0</ele>
      </trkpt>
      <trkpt lat="42.35478" lon="-71.04398">
        <ele>0.0</ele>
      </trkpt>
      <trkpt lat="42.35475" lon="-71.04387">
        <ele>0.0</ele>
      </trkpt>
      <trkpt lat="42.35467" lon="-71.04376">
        <ele>0.1</ele>
      </trkpt>
      <trkpt lat="42.35462" lon="-71.04377">
        <ele>0.1</ele>
      </trkpt>
      <trkpt lat="42.35457" lon="-71.0438">
        <ele>0.2</ele>
      </trkpt>
      <trkpt lat="42.35457" lon="-71.0438">
        <ele>0.2</ele>
      </trkpt>
      <trkpt lat="42.35457" lon="-71.043809">
        <ele>0.2</ele>
      </trkpt>
      <trkpt lat="42.35422" lon="-71.04404">
        <ele>0.2</ele>
      </trkpt>
      <trkpt lat="42.354059" lon="-71.04423">
        <ele>0.2</ele>
      </trkpt>
      <trkpt lat="42.35345" lon="-71.04467">
        <ele>0.0</ele>
      </trkpt>
      <trkpt lat="42.35342" lon="-71.0446">
        <ele>0.1</ele>
      </trkpt>
      <trkpt lat="42.35342" lon="-71.0446">
        <ele>0.1</ele>
      </trkpt>
      <trkpt lat="42.35286" lon="-71.04338">
        <ele>0.0</ele>
      </trkpt>
      <trkpt lat="42.35286" lon="-71.04338">
        <ele>0.0</ele>
      </trkpt>
      <trkpt lat="42.352849" lon="-71.04338">
        <ele>0.1</ele>
      </trkpt>
      <trkpt lat="42.35286" lon="-71.04338">
        <ele>0.0</ele>
      </trkpt>
      <trkpt lat="42.35315" lon="-71.04308">
        <ele>0.1</ele>
      </trkpt>
      <trkpt lat="42.35289" lon="-71.04242">
        <ele>0.1</ele>
      </trkpt>
      <trkpt lat="42.35283" lon="-71.04245">
        <ele>0.2</ele>
      </trkpt>
      <trkpt lat="42.35278" lon="-71.04246">
        <ele>0.2</ele>
      </trkpt>
      <trkpt lat="42.35276" lon="-71.04244">
        <ele>0.2</ele>
      </trkpt>
      <trkpt lat="42.35276" lon="-71.04244">
        <ele>0.2</ele>
      </trkpt>
      <trkpt lat="42.35271" lon="-71.04239">
        <ele>0.2</ele>
      </trkpt>
      <trkpt lat="42.35267" lon="-71.04231">
        <ele>0.2</ele>
      </trkpt>
      <trkpt lat="42.35195" lon="-71.042869">
        <ele>0.1</ele>
      </trkpt>
      <trkpt lat="42.35207" lon="-71.04316">
        <ele>0.3</ele>
      </trkpt>
      <trkpt lat="42.35208" lon="-71.0432">
        <ele>0.3</ele>
      </trkpt>
      <trkpt lat="42.35205" lon="-71.04324">
        <ele>0.3</ele>
      </trkpt>
      <trkpt lat="42.3515" lon="-71.04367">
        <ele>0.6</ele>
      </trkpt>
      <trkpt lat="42.35146" lon="-71.04359">
        <ele>0.5</ele>
      </trkpt>
      <trkpt lat="42.35142" lon="-71.04364">
        <ele>0.5</ele>
      </trkpt>
      <trkpt lat="42.35129" lon="-71.04373">
        <ele>0.6</ele>
      </trkpt>
      <trkpt lat="42.3511" lon="-71.04389">
        <ele>0.8</ele>
      </trkpt>
      <trkpt lat="42.351" lon="-71.04396">
        <ele>0.9</ele>
      </trkpt>
      <trkpt lat="42.351" lon="-71.04396">
        <ele>0.9</ele>
      </trkpt>
      <trkpt lat="42.35102" lon="-71.04402">
        <ele>1.0</ele>
      </trkpt>
      <trkpt lat="42.35104" lon="-71.04401">
        <ele>1.0</ele>
      </trkpt>
      <trkpt lat="42.35103" lon="-71.04401">
        <ele>1.0</ele>
      </trkpt>
      <trkpt lat="42.35098" lon="-71.043989">
        <ele>1.0</ele>
      </trkpt>
      <trkpt lat="42.35052" lon="-71.043049">
        <ele>0.5</ele>
      </trkpt>
      <trkpt lat="42.35053" lon="-71.04304">
        <ele>0.5</ele>
      </trkpt>
      <trkpt lat="42.35046" lon="-71.04288">
        <ele>0.4</ele>
      </trkpt>
      <trkpt lat="42.350409" lon="-71.04279">
        <ele>0.4</ele>
      </trkpt>
      <trkpt lat="42.35036" lon="-71.04267">
        <ele>0.4</ele>
      </trkpt>
      <trkpt lat="42.350195" lon="-71.042295">
        <ele>0.7</ele>
      </trkpt>
      <trkpt lat="42.35019" lon="-71.0423">
        <ele>0.7</ele>
      </trkpt>
      <trkpt lat="42.35018" lon="-71.04227">
        <ele>0.7</ele>
      </trkpt>
      <trkpt lat="42.35121" lon="-71.0415">
        <ele>0.1</ele>
      </trkpt>
      <trkpt lat="42.353119" lon="-71.04001">
        <ele>0.2</ele>
      </trkpt>
      <trkpt lat="42.35284" lon="-71.03934">
        <ele>0.2</ele>
      </trkpt>
      <trkpt lat="42.35284" lon="-71.03934">
        <ele>0.2</ele>
      </trkpt>
      <trkpt lat="42.35262" lon="-71.0388">
        <ele>0.1</ele>
      </trkpt>
      <trkpt lat="42.34981" lon="-71.04091">
        <ele>0.2</ele>
      </trkpt>
      <trkpt lat="42.34981" lon="-71.040899">
        <ele>0.2</ele>
      </trkpt>
      <trkpt lat="42.34981" lon="-71.04091">
        <ele>0.2</ele>
      </trkpt>
      <trkpt lat="42.3498" lon="-71.04092">
        <ele>0.3</ele>
      </trkpt>
      <trkpt lat="42.34949" lon="-71.040139">
        <ele>0.3</ele>
      </trkpt>
      <trkpt lat="42.34949" lon="-71.040139">
        <ele>0.3</ele>
      </trkpt>
      <trkpt lat="42.34926" lon="-71.03956">
        <ele>1.1</ele>
      </trkpt>
      <trkpt lat="42.34921" lon="-71.03945">
        <ele>1.0</ele>
      </trkpt>
      <trkpt lat="42.34921" lon="-71.03946">
        <ele>1.0</ele>
      </trkpt>
      <trkpt lat="42.349209" lon="-71.039447">
        <ele>1.0</ele>
      </trkpt>
      <trkpt lat="42.34921" lon="-71.03946">
        <ele>1.0</ele>
      </trkpt>
      <trkpt lat="42.34921" lon="-71.03945">
        <ele>1.0</ele>
      </trkpt>
      <trkpt lat="42.34896" lon="-71.03887">
        <ele>0.4</ele>
      </trkpt>
      <trkpt lat="42.34902" lon="-71.0388">
        <ele>0.3</ele>
      </trkpt>
      <trkpt lat="42.34902" lon="-71.0388">
        <ele>0.3</ele>
      </trkpt>
      <trkpt lat="42.34902" lon="-71.03881">
        <ele>0.3</ele>
      </trkpt>
      <trkpt lat="42.34921" lon="-71.03859">
        <ele>0.1</ele>
      </trkpt>
      <trkpt lat="42.34911" lon="-71.03843">
        <ele>0.1</ele>
      </trkpt>
      <trkpt lat="42.348909" lon="-71.03794">
        <ele>0.1</ele>
      </trkpt>
      <trkpt lat="42.34887" lon="-71.03789">
        <ele>0.0</ele>
      </trkpt>
      <trkpt lat="42.34869" lon="-71.03747">
        <ele>0.2</ele>
      </trkpt>
      <trkpt lat="42.34867" lon="-71.03749">
        <ele>0.2</ele>
      </trkpt>
      <trkpt lat="42.34867" lon="-71.03749">
        <ele>0.2</ele>
      </trkpt>
      <trkpt lat="42.34866" lon="-71.03749">
        <ele>0.2</ele>
      </trkpt>
      <trkpt lat="42.34846" lon="-71.03764">
        <ele>0.3</ele>
      </trkpt>
      <trkpt lat="42.348239" lon="-71.03712">
        <ele>1.0</ele>
      </trkpt>
      <trkpt lat="42.34819" lon="-71.03691">
        <ele>0.9</ele>
      </trkpt>
      <trkpt lat="42.34802" lon="-71.0365">
        <ele>1.0</ele>
      </trkpt>
      <trkpt lat="42.34795" lon="-71.03639">
        <ele>1.0</ele>
      </trkpt>
      <trkpt lat="42.34774" lon="-71.035839">
        <ele>0.9</ele>
      </trkpt>
      <trkpt lat="42.34777" lon="-71.03577">
        <ele>0.8</ele>
      </trkpt>
      <trkpt lat="42.34782" lon="-71.0357">
        <ele>0.8</ele>
      </trkpt>
      <trkpt lat="42.34784" lon="-71.03569">
        <ele>0.7</ele>
      </trkpt>
      <trkpt lat="42.34784" lon="-71.03569">
        <ele>0.7</ele>
      </trkpt>
      <trkpt lat="42.34784" lon="-71.0357">
        <ele>0.7</ele>
      </trkpt>
      <trkpt lat="42.34852" lon="-71.03518">
        <ele>0.2</ele>
      </trkpt>
      <trkpt lat="42.34827" lon="-71.03459">
        <ele>0.1</ele>
      </trkpt>
      <trkpt lat="42.348239" lon="-71.03446">
        <ele>0.0</ele>
      </trkpt>
      <trkpt lat="42.34821" lon="-71.0341">
        <ele>0.2</ele>
      </trkpt>
      <trkpt lat="42.3477" lon="-71.03288">
        <ele>0.2</ele>
      </trkpt>
      <trkpt lat="42.347589" lon="-71.03286">
        <ele>0.0</ele>
      </trkpt>
      <trkpt lat="42.34711" lon="-71.03171">
        <ele>0.2</ele>
      </trkpt>
      <trkpt lat="42.34704" lon="-71.03178">
        <ele>0.0</ele>
      </trkpt>
      <trkpt lat="42.34704" lon="-71.03178">
        <ele>0.0</ele>
      </trkpt>
      <trkpt lat="42.347029" lon="-71.03178">
        <ele>0.0</ele>
      </trkpt>
      <trkpt lat="42.34633" lon="-71.03237">
        <ele>0.2</ele>
      </trkpt>
      <trkpt lat="42.3456" lon="-71.03297">
        <ele>0.9</ele>
      </trkpt>
      <trkpt lat="42.34652" lon="-71.03496">
        <ele>1.1</ele>
      </trkpt>
      <trkpt lat="42.346559" lon="-71.03503">
        <ele>1.1</ele>
      </trkpt>
      <trkpt lat="42.345619" lon="-71.03594">
        <ele>1.9</ele>
      </trkpt>
      <trkpt lat="42.34546" lon="-71.036199">
        <ele>2.0</ele>
      </trkpt>
      <trkpt lat="42.34482" lon="-71.03682">
        <ele>2.0</ele>
      </trkpt>
      <trkpt lat="42.34463" lon="-71.03699">
        <ele>1.9</ele>
      </trkpt>
      <trkpt lat="42.34463" lon="-71.03712">
        <ele>1.9</ele>
      </trkpt>
      <trkpt lat="42.34463" lon="-71.03712">
        <ele>1.9</ele>
      </trkpt>
      <trkpt lat="42.34463" lon="-71.03713">
        <ele>1.8</ele>
      </trkpt>
      <trkpt lat="42.34463" lon="-71.03721">
        <ele>1.6</ele>
      </trkpt>
      <trkpt lat="42.34466" lon="-71.03751">
        <ele>1.9</ele>
      </trkpt>
      <trkpt lat="42.34467" lon="-71.03779">
        <ele>2.1</ele>
      </trkpt>
      <trkpt lat="42.34465" lon="-71.03805">
        <ele>2.3</ele>
      </trkpt>
      <trkpt lat="42.34461" lon="-71.03831">
        <ele>2.4</ele>
      </trkpt>
      <trkpt lat="42.34455" lon="-71.03853">
        <ele>2.7</ele>
      </trkpt>
      <trkpt lat="42.34449" lon="-71.03868">
        <ele>2.8</ele>
      </trkpt>
      <trkpt lat="42.34423" lon="-71.03894">
        <ele>2.5</ele>
      </trkpt>
      <trkpt lat="42.34416" lon="-71.03897">
        <ele>2.3</ele>
      </trkpt>
      <trkpt lat="42.34394" lon="-71.03862">
        <ele>1.5</ele>
      </trkpt>
      <trkpt lat="42.34378" lon="-71.03832">
        <ele>0.9</ele>
      </trkpt>
      <trkpt lat="42.34378" lon="-71.03832">
        <ele>0.9</ele>
      </trkpt>
      <trkpt lat="42.34366" lon="-71.03805">
        <ele>0.7</ele>
      </trkpt>
      <trkpt lat="42.34313" lon="-71.03725">
        <ele>0.1</ele>
      </trkpt>
      <trkpt lat="42.34259" lon="-71.03644">
        <ele>0.0</ele>
      </trkpt>
      <trkpt lat="42.3426" lon="-71.03643">
        <ele>0.0</ele>
      </trkpt>
      <trkpt lat="42.34259" lon="-71.03644">
        <ele>0.0</ele>
      </trkpt>
      <trkpt lat="42.3424" lon="-71.03619">
        <ele>0.0</ele>
      </trkpt>
      <trkpt lat="42.3421" lon="-71.03591">
        <ele>0.0</ele>
      </trkpt>
      <trkpt lat="42.34192" lon="-71.03581">
        <ele>0.0</ele>
      </trkpt>
      <trkpt lat="42.34192" lon="-71.03581">
        <ele>0.0</ele>
      </trkpt>
      <trkpt lat="42.341589" lon="-71.035659">
        <ele>4.3</ele>
      </trkpt>
      <trkpt lat="42.3414" lon="-71.03561">
        <ele>3.0</ele>
      </trkpt>
      <trkpt lat="42.34033" lon="-71.03557">
        <ele>0.7</ele>
      </trkpt>
      <trkpt lat="42.34022" lon="-71.03556">
        <ele>0.9</ele>
      </trkpt>
      <trkpt lat="42.34022" lon="-71.03545">
        <ele>0.8</ele>
      </trkpt>
      <trkpt lat="42.33827" lon="-71.03538">
        <ele>4.9</ele>
      </trkpt>
      <trkpt lat="42.33814" lon="-71.0355">
        <ele>4.7</ele>
      </trkpt>
      <trkpt lat="42.33814" lon="-71.03529">
        <ele>5.0</ele>
      </trkpt>
      <trkpt lat="42.33814" lon="-71.03528">
        <ele>5.0</ele>
      </trkpt>
      <trkpt lat="42.33829" lon="-71.02726">
        <ele>4.7</ele>
      </trkpt>
      <trkpt lat="42.33833" lon="-71.02513">
        <ele>3.9</ele>
      </trkpt>
      <trkpt lat="42.33824" lon="-71.02513">
        <ele>4.1</ele>
      </trkpt>
      <trkpt lat="42.33825" lon="-71.02512">
        <ele>4.1</ele>
      </trkpt>
      <trkpt lat="42.33824" lon="-71.02513">
        <ele>4.1</ele>
      </trkpt>
      <trkpt lat="42.33757" lon="-71.02511">
        <ele>5.4</ele>
      </trkpt>
      <trkpt lat="42.33758" lon="-71.02503">
        <ele>5.4</ele>
      </trkpt>
      <trkpt lat="42.33756" lon="-71.02471">
        <ele>5.3</ele>
      </trkpt>
      <trkpt lat="42.33753" lon="-71.02453">
        <ele>5.3</ele>
      </trkpt>
      <trkpt lat="42.337449" lon="-71.02421">
        <ele>5.0</ele>
      </trkpt>
      <trkpt lat="42.33742" lon="-71.024109">
        <ele>4.8</ele>
      </trkpt>
      <trkpt lat="42.33742" lon="-71.024109">
        <ele>4.8</ele>
      </trkpt>
      <trkpt lat="42.33719" lon="-71.02357">
        <ele>3.9</ele>
      </trkpt>
      <trkpt lat="42.33711" lon="-71.023619">
        <ele>4.0</ele>
      </trkpt>
      <trkpt lat="42.33709" lon="-71.02357">
        <ele>3.9</ele>
      </trkpt>
      <trkpt lat="42.33697" lon="-71.02329">
        <ele>3.3</ele>
      </trkpt>
      <trkpt lat="42.33691" lon="-71.023169">
        <ele>3.1</ele>
      </trkpt>
      <trkpt lat="42.336799" lon="-71.02329">
        <ele>3.2</ele>
      </trkpt>
      <trkpt lat="42.33673" lon="-71.023349">
        <ele>3.3</ele>
      </trkpt>
      <trkpt lat="42.33667" lon="-71.02323">
        <ele>3.0</ele>
      </trkpt>
      <trkpt lat="42.33686" lon="-71.02306">
        <ele>2.9</ele>
      </trkpt>
      <trkpt lat="42.33725" lon="-71.022589">
        <ele>2.8</ele>
      </trkpt>
      <trkpt lat="42.33726" lon="-71.02253">
        <ele>2.7</ele>
      </trkpt>
      <trkpt lat="42.33729" lon="-71.02246">
        <ele>2.5</ele>
      </trkpt>
      <trkpt lat="42.337739" lon="-71.02178">
        <ele>2.5</ele>
      </trkpt>
      <trkpt lat="42.338" lon="-71.02128">
        <ele>2.6</ele>
      </trkpt>
      <trkpt lat="42.33813" lon="-71.02097">
        <ele>2.6</ele>
      </trkpt>
      <trkpt lat="42.33827" lon="-71.02059">
        <ele>2.7</ele>
      </trkpt>
      <trkpt lat="42.33843" lon="-71.02">
        <ele>2.7</ele>
      </trkpt>
      <trkpt lat="42.33849" lon="-71.01974">
        <ele>2.6</ele>
      </trkpt>
      <trkpt lat="42.33861" lon="-71.01888">
        <ele>2.6</ele>
      </trkpt>
      <trkpt lat="42.33866" lon="-71.0181">
        <ele>2.6</ele>
      </trkpt>
      <trkpt lat="42.33872" lon="-71.01621">
        <ele>2.6</ele>
      </trkpt>
      <trkpt lat="42.33872" lon="-71.01615">
        <ele>2.6</ele>
      </trkpt>
      <trkpt lat="42.33872" lon="-71.01615">
        <ele>2.6</ele>
      </trkpt>
      <trkpt lat="42.33872" lon="-71.01615">
        <ele>2.6</ele>
      </trkpt>
      <trkpt lat="42.3387" lon="-71.015379">
        <ele>2.6</ele>
      </trkpt>
      <trkpt lat="42.33865" lon="-71.01502">
        <ele>2.7</ele>
      </trkpt>
      <trkpt lat="42.33831" lon="-71.01451">
        <ele>2.4</ele>
      </trkpt>
      <trkpt lat="42.33828" lon="-71.01442">
        <ele>2.2</ele>
      </trkpt>
      <trkpt lat="42.33828" lon="-71.01356">
        <ele>2.4</ele>
      </trkpt>
      <trkpt lat="42.33831" lon="-71.01333">
        <ele>3.1</ele>
      </trkpt>
      <trkpt lat="42.33827" lon="-71.01312">
        <ele>3.6</ele>
      </trkpt>
      <trkpt lat="42.33828" lon="-71.01305">
        <ele>4.6</ele>
      </trkpt>
      <trkpt lat="42.338299" lon="-71.01306">
        <ele>4.7</ele>
      </trkpt>
      <trkpt lat="42.338299" lon="-71.01306">
        <ele>4.7</ele>
      </trkpt>
      <trkpt lat="42.338679" lon="-71.01325">
        <ele>5.4</ele>
      </trkpt>
      <trkpt lat="42.33871" lon="-71.01329">
        <ele>5.2</ele>
      </trkpt>
      <trkpt lat="42.33896" lon="-71.01263">
        <ele>6.2</ele>
      </trkpt>
      <trkpt lat="42.339" lon="-71.0125">
        <ele>6.1</ele>
      </trkpt>
      <trkpt lat="42.339" lon="-71.01249">
        <ele>6.2</ele>
      </trkpt>
      <trkpt lat="42.33902" lon="-71.0124">
        <ele>6.1</ele>
      </trkpt>
      <trkpt lat="42.33905" lon="-71.01223">
        <ele>6.0</ele>
      </trkpt>
      <trkpt lat="42.3391" lon="-71.01193">
        <ele>5.8</ele>
      </trkpt>
      <trkpt lat="42.33913" lon="-71.0117">
        <ele>5.8</ele>
      </trkpt>
      <trkpt lat="42.339149" lon="-71.01158">
        <ele>5.7</ele>
      </trkpt>
      <trkpt lat="42.33919" lon="-71.01132">
        <ele>5.7</ele>
      </trkpt>
      <trkpt lat="42.33921" lon="-71.01118">
        <ele>5.5</ele>
      </trkpt>
      <trkpt lat="42.33921" lon="-71.0111">
        <ele>5.4</ele>
      </trkpt>
      <trkpt lat="42.33921" lon="-71.01103">
        <ele>5.1</ele>
      </trkpt>
      <trkpt lat="42.3392" lon="-71.01087">
        <ele>4.1</ele>
      </trkpt>
      <trkpt lat="42.33919" lon="-71.01065">
        <ele>2.8</ele>
      </trkpt>
      <trkpt lat="42.33918" lon="-71.01039">
        <ele>2.3</ele>
      </trkpt>
      <trkpt lat="42.33917" lon="-71.01034">
        <ele>2.4</ele>
      </trkpt>
      <trkpt lat="42.33916" lon="-71.01029">
        <ele>2.5</ele>
      </trkpt>
      <trkpt lat="42.339149" lon="-71.01025">
        <ele>2.3</ele>
      </trkpt>
      <trkpt lat="42.33913" lon="-71.01022">
        <ele>2.3</ele>
      </trkpt>
      <trkpt lat="42.3391" lon="-71.01018">
        <ele>2.3</ele>
      </trkpt>
      <trkpt lat="42.33907" lon="-71.01014">
        <ele>2.1</ele>
      </trkpt>
      <trkpt lat="42.33902" lon="-71.0101">
        <ele>2.3</ele>
      </trkpt>
      <trkpt lat="42.33897" lon="-71.01006">
        <ele>2.2</ele>
      </trkpt>
      <trkpt lat="42.3389" lon="-71.01001">
        <ele>2.2</ele>
      </trkpt>
      <trkpt lat="42.338769" lon="-71.00993">
        <ele>2.6</ele>
      </trkpt>
      <trkpt lat="42.33861" lon="-71.00982">
        <ele>3.0</ele>
      </trkpt>
      <trkpt lat="42.33853" lon="-71.00977">
        <ele>3.1</ele>
      </trkpt>
      <trkpt lat="42.33852" lon="-71.00978">
        <ele>3.4</ele>
      </trkpt>
      <trkpt lat="42.33849" lon="-71.00976">
        <ele>3.3</ele>
      </trkpt>
      <trkpt lat="42.33824" lon="-71.00972">
        <ele>2.7</ele>
      </trkpt>
      <trkpt lat="42.33735" lon="-71.00951">
        <ele>4.2</ele>
      </trkpt>
      <trkpt lat="42.3372" lon="-71.00949">
        <ele>4.1</ele>
      </trkpt>
      <trkpt lat="42.336979" lon="-71.00953">
        <ele>4.3</ele>
      </trkpt>
      <trkpt lat="42.33684" lon="-71.00962">
        <ele>3.7</ele>
      </trkpt>
      <trkpt lat="42.33679" lon="-71.00971">
        <ele>3.6</ele>
      </trkpt>
      <trkpt lat="42.33676" lon="-71.0098">
        <ele>3.6</ele>
      </trkpt>
      <trkpt lat="42.33674" lon="-71.00995">
        <ele>3.5</ele>
      </trkpt>
      <trkpt lat="42.33675" lon="-71.01013">
        <ele>3.4</ele>
      </trkpt>
      <trkpt lat="42.33629" lon="-71.01118">
        <ele>2.3</ele>
      </trkpt>
      <trkpt lat="42.33611" lon="-71.01148">
        <ele>2.4</ele>
      </trkpt>
      <trkpt lat="42.3359" lon="-71.01173">
        <ele>3.2</ele>
      </trkpt>
      <trkpt lat="42.33546" lon="-71.01199">
        <ele>4.0</ele>
      </trkpt>
      <trkpt lat="42.33503" lon="-71.01232">
        <ele>4.2</ele>
      </trkpt>
      <trkpt lat="42.33487" lon="-71.012379">
        <ele>4.0</ele>
      </trkpt>
      <trkpt lat="42.33487" lon="-71.012379">
        <ele>4.0</ele>
      </trkpt>
      <trkpt lat="42.33405" lon="-71.012739">
        <ele>0.2</ele>
      </trkpt>
      <trkpt lat="42.33308" lon="-71.01329">
        <ele>0.0</ele>
      </trkpt>
      <trkpt lat="42.33299" lon="-71.01335">
        <ele>0.0</ele>
      </trkpt>
      <trkpt lat="42.333" lon="-71.01335">
        <ele>0.0</ele>
      </trkpt>
      <trkpt lat="42.33222" lon="-71.01392">
        <ele>0.0</ele>
      </trkpt>
      <trkpt lat="42.33182" lon="-71.014259">
        <ele>0.0</ele>
      </trkpt>
      <trkpt lat="42.33134" lon="-71.014709">
        <ele>0.0</ele>
      </trkpt>
      <trkpt lat="42.33081" lon="-71.01526">
        <ele>0.2</ele>
      </trkpt>
      <trkpt lat="42.33079" lon="-71.01523">
        <ele>0.2</ele>
      </trkpt>
      <trkpt lat="42.330813" lon="-71.015217">
        <ele>0.2</ele>
      </trkpt>
      <trkpt lat="42.33079" lon="-71.01523">
        <ele>0.2</ele>
      </trkpt>
      <trkpt lat="42.33082" lon="-71.01536">
        <ele>0.2</ele>
      </trkpt>
      <trkpt lat="42.33082" lon="-71.01546">
        <ele>0.2</ele>
      </trkpt>
      <trkpt lat="42.33081" lon="-71.01553">
        <ele>0.2</ele>
      </trkpt>
      <trkpt lat="42.33078" lon="-71.01559">
        <ele>0.2</ele>
      </trkpt>
      <trkpt lat="42.33072" lon="-71.01566">
        <ele>0.2</ele>
      </trkpt>
      <trkpt lat="42.33067" lon="-71.01568">
        <ele>0.2</ele>
      </trkpt>
      <trkpt lat="42.33074" lon="-71.0163">
        <ele>0.2</ele>
      </trkpt>
      <trkpt lat="42.33088" lon="-71.01716">
        <ele>0.2</ele>
      </trkpt>
      <trkpt lat="42.33102" lon="-71.01776">
        <ele>0.2</ele>
      </trkpt>
      <trkpt lat="42.33133" lon="-71.01875">
        <ele>0.2</ele>
      </trkpt>
      <trkpt lat="42.3315" lon="-71.01916">
        <ele>0.2</ele>
      </trkpt>
      <trkpt lat="42.33162" lon="-71.01943">
        <ele>0.2</ele>
      </trkpt>
      <trkpt lat="42.33162" lon="-71.01943">
        <ele>0.2</ele>
      </trkpt>
      <trkpt lat="42.33179" lon="-71.0198">
        <ele>0.2</ele>
      </trkpt>
      <trkpt lat="42.333" lon="-71.02195">
        <ele>0.5</ele>
      </trkpt>
      <trkpt lat="42.33336" lon="-71.02262">
        <ele>4.0</ele>
      </trkpt>
      <trkpt lat="42.33307" lon="-71.02292">
        <ele>3.1</ele>
      </trkpt>
      <trkpt lat="42.333" lon="-71.02312">
        <ele>2.9</ele>
      </trkpt>
      <trkpt lat="42.33294" lon="-71.0236">
        <ele>2.7</ele>
      </trkpt>
      <trkpt lat="42.332859" lon="-71.02468">
        <ele>2.8</ele>
      </trkpt>
      <trkpt lat="42.33284" lon="-71.02479">
        <ele>2.6</ele>
      </trkpt>
      <trkpt lat="42.33278" lon="-71.02507">
        <ele>2.6</ele>
      </trkpt>
      <trkpt lat="42.33274" lon="-71.0253">
        <ele>2.6</ele>
      </trkpt>
      <trkpt lat="42.3327" lon="-71.02573">
        <ele>3.1</ele>
      </trkpt>
      <trkpt lat="42.33259" lon="-71.02618">
        <ele>3.2</ele>
      </trkpt>
      <trkpt lat="42.332389" lon="-71.02686">
        <ele>3.6</ele>
      </trkpt>
      <trkpt lat="42.33209" lon="-71.02775">
        <ele>3.6</ele>
      </trkpt>
      <trkpt lat="42.33197" lon="-71.02806">
        <ele>3.5</ele>
      </trkpt>
      <trkpt lat="42.33196" lon="-71.028049">
        <ele>3.5</ele>
      </trkpt>
      <trkpt lat="42.33197" lon="-71.02806">
        <ele>3.5</ele>
      </trkpt>
      <trkpt lat="42.33161" lon="-71.02895">
        <ele>3.4</ele>
      </trkpt>
      <trkpt lat="42.33085" lon="-71.03052">
        <ele>3.0</ele>
      </trkpt>
      <trkpt lat="42.330419" lon="-71.03147">
        <ele>3.2</ele>
      </trkpt>
      <trkpt lat="42.33018" lon="-71.03203">
        <ele>3.4</ele>
      </trkpt>
      <trkpt lat="42.330039" lon="-71.03242">
        <ele>3.5</ele>
      </trkpt>
      <trkpt lat="42.330039" lon="-71.03242">
        <ele>3.5</ele>
      </trkpt>
      <trkpt lat="42.32982" lon="-71.03301">
        <ele>3.6</ele>
      </trkpt>
      <trkpt lat="42.32952" lon="-71.03395">
        <ele>3.4</ele>
      </trkpt>
      <trkpt lat="42.32944" lon="-71.03422">
        <ele>3.3</ele>
      </trkpt>
      <trkpt lat="42.32938" lon="-71.03449">
        <ele>3.3</ele>
      </trkpt>
      <trkpt lat="42.3293" lon="-71.03493">
        <ele>3.3</ele>
      </trkpt>
      <trkpt lat="42.32926" lon="-71.03544">
        <ele>3.4</ele>
      </trkpt>
      <trkpt lat="42.32926" lon="-71.03554">
        <ele>3.4</ele>
      </trkpt>
      <trkpt lat="42.32927" lon="-71.03595">
        <ele>3.4</ele>
      </trkpt>
      <trkpt lat="42.32932" lon="-71.03645">
        <ele>3.5</ele>
      </trkpt>
      <trkpt lat="42.32941" lon="-71.037049">
        <ele>3.4</ele>
      </trkpt>
      <trkpt lat="42.32952" lon="-71.03757">
        <ele>3.4</ele>
      </trkpt>
      <trkpt lat="42.32983" lon="-71.038839">
        <ele>3.3</ele>
      </trkpt>
      <trkpt lat="42.32997" lon="-71.03946">
        <ele>3.2</ele>
      </trkpt>
      <trkpt lat="42.33001" lon="-71.03973">
        <ele>3.2</ele>
      </trkpt>
      <trkpt lat="42.33012" lon="-71.04061">
        <ele>3.3</ele>
      </trkpt>
      <trkpt lat="42.33017" lon="-71.04149">
        <ele>3.5</ele>
      </trkpt>
      <trkpt lat="42.33017" lon="-71.04217">
        <ele>3.6</ele>
      </trkpt>
      <trkpt lat="42.33017" lon="-71.04217">
        <ele>3.6</ele>
      </trkpt>
      <trkpt lat="42.330129" lon="-71.04383">
        <ele>3.8</ele>
      </trkpt>
      <trkpt lat="42.32987" lon="-71.04476">
        <ele>3.5</ele>
      </trkpt>
      <trkpt lat="42.32971" lon="-71.04517">
        <ele>3.3</ele>
      </trkpt>
      <trkpt lat="42.329659" lon="-71.04527">
        <ele>3.3</ele>
      </trkpt>
      <trkpt lat="42.329659" lon="-71.04526">
        <ele>3.3</ele>
      </trkpt>
      <trkpt lat="42.329659" lon="-71.04526">
        <ele>3.3</ele>
      </trkpt>
      <trkpt lat="42.32946" lon="-71.04564">
        <ele>3.2</ele>
      </trkpt>
      <trkpt lat="42.3294" lon="-71.04575">
        <ele>3.2</ele>
      </trkpt>
      <trkpt lat="42.32929" lon="-71.04594">
        <ele>3.2</ele>
      </trkpt>
      <trkpt lat="42.32912" lon="-71.04621">
        <ele>3.1</ele>
      </trkpt>
      <trkpt lat="42.32884" lon="-71.04665">
        <ele>3.1</ele>
      </trkpt>
      <trkpt lat="42.32877" lon="-71.04674">
        <ele>3.1</ele>
      </trkpt>
      <trkpt lat="42.328539" lon="-71.04704">
        <ele>3.0</ele>
      </trkpt>
      <trkpt lat="42.32774" lon="-71.04781">
        <ele>2.9</ele>
      </trkpt>
      <trkpt lat="42.32771" lon="-71.04783">
        <ele>2.8</ele>
      </trkpt>
      <trkpt lat="42.32765" lon="-71.04789">
        <ele>2.8</ele>
      </trkpt>
      <trkpt lat="42.32755" lon="-71.04796">
        <ele>2.8</ele>
      </trkpt>
      <trkpt lat="42.32745" lon="-71.04803">
        <ele>2.8</ele>
      </trkpt>
      <trkpt lat="42.3273" lon="-71.04812">
        <ele>2.8</ele>
      </trkpt>
      <trkpt lat="42.32716" lon="-71.0482">
        <ele>2.8</ele>
      </trkpt>
      <trkpt lat="42.32708" lon="-71.04826">
        <ele>2.8</ele>
      </trkpt>
      <trkpt lat="42.327" lon="-71.0483">
        <ele>2.8</ele>
      </trkpt>
      <trkpt lat="42.32696" lon="-71.04832">
        <ele>2.8</ele>
      </trkpt>
      <trkpt lat="42.32689" lon="-71.04835">
        <ele>2.8</ele>
      </trkpt>
      <trkpt lat="42.32655" lon="-71.0485">
        <ele>2.8</ele>
      </trkpt>
      <trkpt lat="42.32636" lon="-71.04857">
        <ele>2.8</ele>
      </trkpt>
      <trkpt lat="42.326279" lon="-71.048599">
        <ele>2.8</ele>
      </trkpt>
      <trkpt lat="42.32584" lon="-71.0487">
        <ele>2.9</ele>
      </trkpt>
      <trkpt lat="42.32575" lon="-71.04872">
        <ele>2.9</ele>
      </trkpt>
      <trkpt lat="42.32565" lon="-71.04873">
        <ele>2.9</ele>
      </trkpt>
      <trkpt lat="42.32565" lon="-71.04873">
        <ele>2.9</ele>
      </trkpt>
      <trkpt lat="42.325449" lon="-71.04875">
        <ele>2.9</ele>
      </trkpt>
      <trkpt lat="42.32541" lon="-71.04876">
        <ele>2.9</ele>
      </trkpt>
      <trkpt lat="42.32502" lon="-71.048779">
        <ele>3.0</ele>
      </trkpt>
      <trkpt lat="42.32483" lon="-71.04877">
        <ele>3.1</ele>
      </trkpt>
      <trkpt lat="42.32479" lon="-71.04877">
        <ele>3.1</ele>
      </trkpt>
      <trkpt lat="42.32441" lon="-71.04876">
        <ele>3.2</ele>
      </trkpt>
      <trkpt lat="42.32441" lon="-71.04876">
        <ele>3.2</ele>
      </trkpt>
      <trkpt lat="42.32414" lon="-71.04855">
        <ele>3.3</ele>
      </trkpt>
      <trkpt lat="42.32388" lon="-71.04833">
        <ele>3.2</ele>
      </trkpt>
      <trkpt lat="42.3235" lon="-71.04799">
        <ele>2.9</ele>
      </trkpt>
      <trkpt lat="42.32336" lon="-71.04783">
        <ele>2.5</ele>
      </trkpt>
      <trkpt lat="42.32331" lon="-71.04776">
        <ele>2.1</ele>
      </trkpt>
      <trkpt lat="42.32322" lon="-71.0476">
        <ele>1.4</ele>
      </trkpt>
      <trkpt lat="42.32318" lon="-71.04751">
        <ele>1.2</ele>
      </trkpt>
      <trkpt lat="42.32317" lon="-71.047479">
        <ele>1.1</ele>
      </trkpt>
      <trkpt lat="42.32316" lon="-71.04744">
        <ele>1.0</ele>
      </trkpt>
      <trkpt lat="42.32313" lon="-71.04736">
        <ele>0.8</ele>
      </trkpt>
      <trkpt lat="42.32312" lon="-71.04727">
        <ele>0.7</ele>
      </trkpt>
      <trkpt lat="42.32311" lon="-71.04722">
        <ele>0.6</ele>
      </trkpt>
      <trkpt lat="42.32311" lon="-71.04716">
        <ele>0.5</ele>
      </trkpt>
      <trkpt lat="42.323099" lon="-71.04712">
        <ele>0.5</ele>
      </trkpt>
      <trkpt lat="42.323099" lon="-71.04707">
        <ele>0.4</ele>
      </trkpt>
      <trkpt lat="42.32311" lon="-71.04702">
        <ele>0.4</ele>
      </trkpt>
      <trkpt lat="42.32312" lon="-71.04691">
        <ele>0.3</ele>
      </trkpt>
      <trkpt lat="42.32314" lon="-71.04682">
        <ele>0.2</ele>
      </trkpt>
      <trkpt lat="42.32316" lon="-71.04675">
        <ele>0.2</ele>
      </trkpt>
      <trkpt lat="42.32316" lon="-71.04675">
        <ele>0.2</ele>
      </trkpt>
      <trkpt lat="42.32317" lon="-71.04676">
        <ele>0.2</ele>
      </trkpt>
      <trkpt lat="42.323189" lon="-71.04665">
        <ele>0.2</ele>
      </trkpt>
      <trkpt lat="42.323189" lon="-71.04656">
        <ele>0.1</ele>
      </trkpt>
      <trkpt lat="42.32313" lon="-71.04637">
        <ele>0.1</ele>
      </trkpt>
      <trkpt lat="42.32304" lon="-71.04624">
        <ele>0.1</ele>
      </trkpt>
      <trkpt lat="42.323009" lon="-71.04615">
        <ele>0.1</ele>
      </trkpt>
      <trkpt lat="42.32302" lon="-71.04603">
        <ele>0.1</ele>
      </trkpt>
      <trkpt lat="42.32305" lon="-71.04573">
        <ele>0.2</ele>
      </trkpt>
      <trkpt lat="42.32305" lon="-71.045509">
        <ele>0.2</ele>
      </trkpt>
      <trkpt lat="42.32302" lon="-71.04535">
        <ele>0.1</ele>
      </trkpt>
      <trkpt lat="42.32291" lon="-71.04487">
        <ele>0.1</ele>
      </trkpt>
      <trkpt lat="42.32286" lon="-71.04472">
        <ele>0.1</ele>
      </trkpt>
      <trkpt lat="42.32289" lon="-71.04461">
        <ele>0.0</ele>
      </trkpt>
      <trkpt lat="42.32288" lon="-71.04454">
        <ele>0.0</ele>
      </trkpt>
      <trkpt lat="42.32279" lon="-71.0444">
        <ele>-0.1</ele>
      </trkpt>
      <trkpt lat="42.322719" lon="-71.04416">
        <ele>0.0</ele>
      </trkpt>
      <trkpt lat="42.3226" lon="-71.043989">
        <ele>0.1</ele>
      </trkpt>
      <trkpt lat="42.3226" lon="-71.043989">
        <ele>0.1</ele>
      </trkpt>
      <trkpt lat="42.32251" lon="-71.04384">
        <ele>0.0</ele>
      </trkpt>
      <trkpt lat="42.3224" lon="-71.04375">
        <ele>0.1</ele>
      </trkpt>
      <trkpt lat="42.32241" lon="-71.04371">
        <ele>0.1</ele>
      </trkpt>
      <trkpt lat="42.32227" lon="-71.04364">
        <ele>0.1</ele>
      </trkpt>
      <trkpt lat="42.32212" lon="-71.04362">
        <ele>0.2</ele>
      </trkpt>
      <trkpt lat="42.32202" lon="-71.043629">
        <ele>0.3</ele>
      </trkpt>
      <trkpt lat="42.32202" lon="-71.04361">
        <ele>0.2</ele>
      </trkpt>
      <trkpt lat="42.32199" lon="-71.04362">
        <ele>0.3</ele>
      </trkpt>
      <trkpt lat="42.32194" lon="-71.04362">
        <ele>0.4</ele>
      </trkpt>
      <trkpt lat="42.3219" lon="-71.04361">
        <ele>0.8</ele>
      </trkpt>
      <trkpt lat="42.321869" lon="-71.04358">
        <ele>0.8</ele>
      </trkpt>
      <trkpt lat="42.32183" lon="-71.04356">
        <ele>1.0</ele>
      </trkpt>
      <trkpt lat="42.3218" lon="-71.043539">
        <ele>1.1</ele>
      </trkpt>
      <trkpt lat="42.321779" lon="-71.04353">
        <ele>1.3</ele>
      </trkpt>
      <trkpt lat="42.32176" lon="-71.04353">
        <ele>1.5</ele>
      </trkpt>
      <trkpt lat="42.32174" lon="-71.04352">
        <ele>1.6</ele>
      </trkpt>
      <trkpt lat="42.32173" lon="-71.04351">
        <ele>1.7</ele>
      </trkpt>
      <trkpt lat="42.32172" lon="-71.0435">
        <ele>1.7</ele>
      </trkpt>
      <trkpt lat="42.3217" lon="-71.04348">
        <ele>1.8</ele>
      </trkpt>
      <trkpt lat="42.32167" lon="-71.04343">
        <ele>1.7</ele>
      </trkpt>
      <trkpt lat="42.32163" lon="-71.04338">
        <ele>1.7</ele>
      </trkpt>
      <trkpt lat="42.3215" lon="-71.043049">
        <ele>1.3</ele>
      </trkpt>
      <trkpt lat="42.32142" lon="-71.04286">
        <ele>1.0</ele>
      </trkpt>
      <trkpt lat="42.32126" lon="-71.04246">
        <ele>0.6</ele>
      </trkpt>
      <trkpt lat="42.32126" lon="-71.04246">
        <ele>0.6</ele>
      </trkpt>
      <trkpt lat="42.32076" lon="-71.041196">
        <ele>0.1</ele>
      </trkpt>
      <trkpt lat="42.32026" lon="-71.039931">
        <ele>0.0</ele>
      </trkpt>
      <trkpt lat="42.32025" lon="-71.03992">
        <ele>0.0</ele>
      </trkpt>
      <trkpt lat="42.32016" lon="-71.039689">
        <ele>0.0</ele>
      </trkpt>
      <trkpt lat="42.32014" lon="-71.03966">
        <ele>0.0</ele>
      </trkpt>
      <trkpt lat="42.32003" lon="-71.03961">
        <ele>0.0</ele>
      </trkpt>
      <trkpt lat="42.31983" lon="-71.03953">
        <ele>0.8</ele>
      </trkpt>
      <trkpt lat="42.31982" lon="-71.03952">
        <ele>0.8</ele>
      </trkpt>
      <trkpt lat="42.319809" lon="-71.03951">
        <ele>0.8</ele>
      </trkpt>
      <trkpt lat="42.3198" lon="-71.0395">
        <ele>0.9</ele>
      </trkpt>
      <trkpt lat="42.3198" lon="-71.03949">
        <ele>0.8</ele>
      </trkpt>
      <trkpt lat="42.31926" lon="-71.03819">
        <ele>0.1</ele>
      </trkpt>
      <trkpt lat="42.31927" lon="-71.03819">
        <ele>0.0</ele>
      </trkpt>
      <trkpt lat="42.31926" lon="-71.03819">
        <ele>0.1</ele>
      </trkpt>
      <trkpt lat="42.31891" lon="-71.03734">
        <ele>0.3</ele>
      </trkpt>
      <trkpt lat="42.31883" lon="-71.03712">
        <ele>0.2</ele>
      </trkpt>
      <trkpt lat="42.3188" lon="-71.03704">
        <ele>0.1</ele>
      </trkpt>
      <trkpt lat="42.31879" lon="-71.037">
        <ele>0.1</ele>
      </trkpt>
      <trkpt lat="42.31877" lon="-71.03695">
        <ele>0.2</ele>
      </trkpt>
      <trkpt lat="42.31877" lon="-71.03692">
        <ele>0.2</ele>
      </trkpt>
      <trkpt lat="42.31876" lon="-71.03689">
        <ele>0.2</ele>
      </trkpt>
      <trkpt lat="42.31876" lon="-71.036869">
        <ele>0.1</ele>
      </trkpt>
      <trkpt lat="42.31875" lon="-71.03684">
        <ele>0.1</ele>
      </trkpt>
      <trkpt lat="42.31875" lon="-71.03682">
        <ele>0.1</ele>
      </trkpt>
      <trkpt lat="42.31874" lon="-71.03679">
        <ele>0.0</ele>
      </trkpt>
      <trkpt lat="42.31874" lon="-71.03677">
        <ele>0.0</ele>
      </trkpt>
      <trkpt lat="42.31874" lon="-71.03675">
        <ele>0.0</ele>
      </trkpt>
      <trkpt lat="42.31873" lon="-71.03673">
        <ele>0.0</ele>
      </trkpt>
      <trkpt lat="42.31873" lon="-71.0367">
        <ele>0.0</ele>
      </trkpt>
      <trkpt lat="42.31872" lon="-71.03668">
        <ele>0.0</ele>
      </trkpt>
      <trkpt lat="42.31872" lon="-71.03666">
        <ele>0.0</ele>
      </trkpt>
      <trkpt lat="42.31871" lon="-71.03664">
        <ele>0.0</ele>
      </trkpt>
      <trkpt lat="42.3187" lon="-71.03663">
        <ele>0.0</ele>
      </trkpt>
      <trkpt lat="42.318689" lon="-71.03662">
        <ele>0.0</ele>
      </trkpt>
      <trkpt lat="42.31868" lon="-71.0366">
        <ele>0.0</ele>
      </trkpt>
      <trkpt lat="42.31867" lon="-71.0366">
        <ele>0.0</ele>
      </trkpt>
      <trkpt lat="42.31866" lon="-71.03659">
        <ele>0.0</ele>
      </trkpt>
      <trkpt lat="42.31864" lon="-71.03658">
        <ele>0.0</ele>
      </trkpt>
      <trkpt lat="42.31862" lon="-71.03657">
        <ele>0.0</ele>
      </trkpt>
      <trkpt lat="42.31861" lon="-71.0366">
        <ele>0.0</ele>
      </trkpt>
      <trkpt lat="42.31852" lon="-71.03664">
        <ele>0.0</ele>
      </trkpt>
      <trkpt lat="42.31826" lon="-71.03733">
        <ele>0.7</ele>
      </trkpt>
      <trkpt lat="42.31818" lon="-71.03746">
        <ele>1.3</ele>
      </trkpt>
      <trkpt lat="42.31809" lon="-71.03756">
        <ele>1.9</ele>
      </trkpt>
      <trkpt lat="42.31801" lon="-71.03761">
        <ele>2.3</ele>
      </trkpt>
      <trkpt lat="42.31801" lon="-71.03761">
        <ele>2.3</ele>
      </trkpt>
      <trkpt lat="42.31797" lon="-71.03764">
        <ele>2.6</ele>
      </trkpt>
      <trkpt lat="42.31776" lon="-71.03767">
        <ele>3.6</ele>
      </trkpt>
      <trkpt lat="42.31754" lon="-71.03762">
        <ele>4.9</ele>
      </trkpt>
      <trkpt lat="42.31741" lon="-71.03754">
        <ele>5.7</ele>
      </trkpt>
      <trkpt lat="42.317369" lon="-71.03744">
        <ele>5.3</ele>
      </trkpt>
      <trkpt lat="42.317369" lon="-71.03744">
        <ele>5.3</ele>
      </trkpt>
      <trkpt lat="42.31711" lon="-71.03677">
        <ele>3.7</ele>
      </trkpt>
      <trkpt lat="42.31723" lon="-71.0364">
        <ele>2.9</ele>
      </trkpt>
      <trkpt lat="42.31723" lon="-71.03633">
        <ele>2.3</ele>
      </trkpt>
      <trkpt lat="42.31712" lon="-71.03591">
        <ele>0.3</ele>
      </trkpt>
      <trkpt lat="42.3171" lon="-71.03579">
        <ele>0.2</ele>
      </trkpt>
      <trkpt lat="42.31711" lon="-71.03578">
        <ele>0.1</ele>
      </trkpt>
      <trkpt lat="42.3171" lon="-71.03579">
        <ele>0.2</ele>
      </trkpt>
      <trkpt lat="42.31704" lon="-71.0355">
        <ele>0.1</ele>
      </trkpt>
      <trkpt lat="42.31684" lon="-71.03505">
        <ele>0.2</ele>
      </trkpt>
      <trkpt lat="42.31684" lon="-71.03505">
        <ele>0.2</ele>
      </trkpt>
      <trkpt lat="42.31682" lon="-71.035">
        <ele>0.5</ele>
      </trkpt>
      <trkpt lat="42.31682" lon="-71.03492">
        <ele>0.5</ele>
      </trkpt>
      <trkpt lat="42.31686" lon="-71.03485">
        <ele>0.0</ele>
      </trkpt>
      <trkpt lat="42.31687" lon="-71.034809">
        <ele>0.0</ele>
      </trkpt>
      <trkpt lat="42.31641" lon="-71.03315">
        <ele>0.0</ele>
      </trkpt>
      <trkpt lat="42.31383" lon="-71.03295">
        <ele>1.6</ele>
      </trkpt>
      <trkpt lat="42.31361" lon="-71.03286">
        <ele>-0.2</ele>
      </trkpt>
      <trkpt lat="42.31344" lon="-71.032749">
        <ele>0.0</ele>
      </trkpt>
      <trkpt lat="42.31338" lon="-71.03274">
        <ele>0.0</ele>
      </trkpt>
      <trkpt lat="42.31336" lon="-71.032749">
        <ele>0.0</ele>
      </trkpt>
      <trkpt lat="42.31336" lon="-71.03272">
        <ele>0.0</ele>
      </trkpt>
      <trkpt lat="42.31333" lon="-71.03273">
        <ele>0.0</ele>
      </trkpt>
      <trkpt lat="42.31329" lon="-71.03274">
        <ele>0.0</ele>
      </trkpt>
      <trkpt lat="42.31326" lon="-71.03278">
        <ele>0.0</ele>
      </trkpt>
      <trkpt lat="42.31322" lon="-71.03283">
        <ele>0.3</ele>
      </trkpt>
      <trkpt lat="42.3132" lon="-71.0329">
        <ele>0.7</ele>
      </trkpt>
      <trkpt lat="42.3132" lon="-71.0329">
        <ele>0.7</ele>
      </trkpt>
      <trkpt lat="42.3132" lon="-71.03291">
        <ele>0.8</ele>
      </trkpt>
      <trkpt lat="42.31318" lon="-71.03305">
        <ele>1.5</ele>
      </trkpt>
      <trkpt lat="42.31321" lon="-71.03328">
        <ele>4.1</ele>
      </trkpt>
      <trkpt lat="42.31319" lon="-71.03333">
        <ele>4.0</ele>
      </trkpt>
      <trkpt lat="42.3106" lon="-71.03676">
        <ele>2.0</ele>
      </trkpt>
      <trkpt lat="42.31044" lon="-71.03703">
        <ele>2.4</ele>
      </trkpt>
      <trkpt lat="42.31037" lon="-71.03729">
        <ele>1.2</ele>
      </trkpt>
      <trkpt lat="42.31036" lon="-71.0375">
        <ele>1.1</ele>
      </trkpt>
      <trkpt lat="42.31038" lon="-71.0377">
        <ele>0.9</ele>
      </trkpt>
      <trkpt lat="42.31041" lon="-71.037809">
        <ele>0.9</ele>
      </trkpt>
      <trkpt lat="42.310519" lon="-71.03802">
        <ele>0.7</ele>
      </trkpt>
      <trkpt lat="42.31203" lon="-71.04047">
        <ele>3.1</ele>
      </trkpt>
      <trkpt lat="42.3126" lon="-71.04139">
        <ele>3.2</ele>
      </trkpt>
      <trkpt lat="42.3126" lon="-71.04139">
        <ele>3.2</ele>
      </trkpt>
      <trkpt lat="42.31331" lon="-71.04255">
        <ele>2.1</ele>
      </trkpt>
      <trkpt lat="42.31429" lon="-71.04414">
        <ele>3.2</ele>
      </trkpt>
      <trkpt lat="42.31429" lon="-71.04414">
        <ele>3.2</ele>
      </trkpt>
      <trkpt lat="42.31429" lon="-71.04414">
        <ele>3.2</ele>
      </trkpt>
      <trkpt lat="42.31433" lon="-71.04427">
        <ele>3.2</ele>
      </trkpt>
      <trkpt lat="42.31434" lon="-71.04438">
        <ele>3.1</ele>
      </trkpt>
      <trkpt lat="42.31433" lon="-71.044479">
        <ele>2.9</ele>
      </trkpt>
      <trkpt lat="42.3143" lon="-71.0446">
        <ele>2.8</ele>
      </trkpt>
      <trkpt lat="42.31357" lon="-71.04601">
        <ele>2.4</ele>
      </trkpt>
      <trkpt lat="42.31357" lon="-71.04601">
        <ele>2.4</ele>
      </trkpt>
      <trkpt lat="42.31357" lon="-71.04601">
        <ele>2.4</ele>
      </trkpt>
      <trkpt lat="42.31356" lon="-71.04607">
        <ele>2.5</ele>
      </trkpt>
      <trkpt lat="42.31356" lon="-71.04613">
        <ele>2.7</ele>
      </trkpt>
      <trkpt lat="42.31348" lon="-71.04618">
        <ele>2.5</ele>
      </trkpt>
      <trkpt lat="42.313339" lon="-71.04633">
        <ele>2.8</ele>
      </trkpt>
      <trkpt lat="42.31328" lon="-71.04636">
        <ele>2.7</ele>
      </trkpt>
      <trkpt lat="42.31329" lon="-71.04637">
        <ele>2.7</ele>
      </trkpt>
      <trkpt lat="42.31326" lon="-71.04638">
        <ele>2.7</ele>
      </trkpt>
      <trkpt lat="42.31322" lon="-71.04638">
        <ele>2.6</ele>
      </trkpt>
      <trkpt lat="42.3131" lon="-71.04635">
        <ele>2.4</ele>
      </trkpt>
      <trkpt lat="42.313" lon="-71.0463">
        <ele>1.1</ele>
      </trkpt>
      <trkpt lat="42.31245" lon="-71.04602">
        <ele>0.4</ele>
      </trkpt>
      <trkpt lat="42.3123" lon="-71.04594">
        <ele>0.5</ele>
      </trkpt>
      <trkpt lat="42.31174" lon="-71.04565">
        <ele>1.9</ele>
      </trkpt>
      <trkpt lat="42.3116" lon="-71.04558">
        <ele>2.1</ele>
      </trkpt>
      <trkpt lat="42.31113" lon="-71.04541">
        <ele>1.7</ele>
      </trkpt>
      <trkpt lat="42.3106" lon="-71.04528">
        <ele>0.8</ele>
      </trkpt>
      <trkpt lat="42.310429" lon="-71.04524">
        <ele>0.6</ele>
      </trkpt>
      <trkpt lat="42.31023" lon="-71.04522">
        <ele>0.6</ele>
      </trkpt>
      <trkpt lat="42.30984" lon="-71.04521">
        <ele>1.1</ele>
      </trkpt>
      <trkpt lat="42.309491" lon="-71.045237">
        <ele>1.5</ele>
      </trkpt>
      <trkpt lat="42.30945" lon="-71.04524">
        <ele>1.5</ele>
      </trkpt>
      <trkpt lat="42.30938" lon="-71.04525">
        <ele>1.5</ele>
      </trkpt>
      <trkpt lat="42.309378" lon="-71.045283">
        <ele>1.6</ele>
      </trkpt>
      <trkpt lat="42.309384" lon="-71.045581">
        <ele>2.2</ele>
      </trkpt>
      <trkpt lat="42.309229" lon="-71.045596">
        <ele>2.2</ele>
      </trkpt>
      <trkpt lat="42.30923" lon="-71.04559">
        <ele>2.1</ele>
      </trkpt>
      <trkpt lat="42.30907" lon="-71.04562">
        <ele>2.0</ele>
      </trkpt>
      <trkpt lat="42.30894" lon="-71.04565">
        <ele>1.9</ele>
      </trkpt>
      <trkpt lat="42.3088" lon="-71.04568">
        <ele>1.6</ele>
      </trkpt>
      <trkpt lat="42.308459" lon="-71.04579">
        <ele>1.1</ele>
      </trkpt>
      <trkpt lat="42.30796" lon="-71.04599">
        <ele>0.6</ele>
      </trkpt>
      <trkpt lat="42.30791" lon="-71.04601">
        <ele>0.6</ele>
      </trkpt>
      <trkpt lat="42.30603" lon="-71.04689">
        <ele>0.2</ele>
      </trkpt>
      <trkpt lat="42.30576" lon="-71.04702">
        <ele>0.1</ele>
      </trkpt>
      <trkpt lat="42.305259" lon="-71.04725">
        <ele>0.7</ele>
      </trkpt>
      <trkpt lat="42.30476" lon="-71.047479">
        <ele>2.9</ele>
      </trkpt>
      <trkpt lat="42.304464" lon="-71.047726">
        <ele>1.0</ele>
      </trkpt>
      <trkpt lat="42.304464" lon="-71.047726">
        <ele>1.0</ele>
      </trkpt>
      <trkpt lat="42.303045" lon="-71.048371">
        <ele>3.0</ele>
      </trkpt>
      <trkpt lat="42.303045" lon="-71.048371">
        <ele>3.0</ele>
      </trkpt>
      <trkpt lat="42.301599" lon="-71.049201">
        <ele>3.9</ele>
      </trkpt>
      <trkpt lat="42.30159" lon="-71.04917">
        <ele>3.9</ele>
      </trkpt>
      <trkpt lat="42.30151" lon="-71.04919">
        <ele>4.4</ele>
      </trkpt>
      <trkpt lat="42.30147" lon="-71.04916">
        <ele>4.4</ele>
      </trkpt>
      <trkpt lat="42.30144" lon="-71.04918">
        <ele>4.5</ele>
      </trkpt>
      <trkpt lat="42.30144" lon="-71.04914">
        <ele>4.3</ele>
      </trkpt>
      <trkpt lat="42.30144" lon="-71.04918">
        <ele>4.5</ele>
      </trkpt>
      <trkpt lat="42.30106" lon="-71.04935">
        <ele>4.6</ele>
      </trkpt>
      <trkpt lat="42.30102" lon="-71.04942">
        <ele>4.4</ele>
      </trkpt>
      <trkpt lat="42.301" lon="-71.04953">
        <ele>4.0</ele>
      </trkpt>
      <trkpt lat="42.30101" lon="-71.04974">
        <ele>3.2</ele>
      </trkpt>
      <trkpt lat="42.30104" lon="-71.04989">
        <ele>2.8</ele>
      </trkpt>
      <trkpt lat="42.30096" lon="-71.04977">
        <ele>3.2</ele>
      </trkpt>
      <trkpt lat="42.30089" lon="-71.04966">
        <ele>3.5</ele>
      </trkpt>
      <trkpt lat="42.30079" lon="-71.04953">
        <ele>3.5</ele>
      </trkpt>
      <trkpt lat="42.30079" lon="-71.04953">
        <ele>3.5</ele>
      </trkpt>
      <trkpt lat="42.30042" lon="-71.04902">
        <ele>3.0</ele>
      </trkpt>
      <trkpt lat="42.30037" lon="-71.04898">
        <ele>2.6</ele>
      </trkpt>
      <trkpt lat="42.30019" lon="-71.0489">
        <ele>2.7</ele>
      </trkpt>
      <trkpt lat="42.2999" lon="-71.04879">
        <ele>2.7</ele>
      </trkpt>
      <trkpt lat="42.29876" lon="-71.04846">
        <ele>2.7</ele>
      </trkpt>
      <trkpt lat="42.29819" lon="-71.04826">
        <ele>2.7</ele>
      </trkpt>
      <trkpt lat="42.29797" lon="-71.04816">
        <ele>2.7</ele>
      </trkpt>
      <trkpt lat="42.297" lon="-71.04764">
        <ele>2.7</ele>
      </trkpt>
      <trkpt lat="42.29674" lon="-71.04756">
        <ele>2.7</ele>
      </trkpt>
      <trkpt lat="42.29656" lon="-71.04753">
        <ele>2.7</ele>
      </trkpt>
      <trkpt lat="42.29636" lon="-71.04753">
        <ele>2.9</ele>
      </trkpt>
      <trkpt lat="42.29566" lon="-71.04761">
        <ele>2.7</ele>
      </trkpt>
      <trkpt lat="42.29488" lon="-71.04729">
        <ele>2.7</ele>
      </trkpt>
      <trkpt lat="42.294469" lon="-71.04717">
        <ele>2.7</ele>
      </trkpt>
      <trkpt lat="42.29401" lon="-71.0471">
        <ele>2.7</ele>
      </trkpt>
      <trkpt lat="42.29381" lon="-71.047">
        <ele>2.7</ele>
      </trkpt>
      <trkpt lat="42.29367" lon="-71.04689">
        <ele>2.7</ele>
      </trkpt>
      <trkpt lat="42.29319" lon="-71.04636">
        <ele>2.7</ele>
      </trkpt>
      <trkpt lat="42.2928" lon="-71.04593">
        <ele>3.7</ele>
      </trkpt>
      <trkpt lat="42.29308" lon="-71.04544">
        <ele>3.3</ele>
      </trkpt>
      <trkpt lat="42.29317" lon="-71.0452">
        <ele>4.0</ele>
      </trkpt>
      <trkpt lat="42.29318" lon="-71.04513">
        <ele>4.6</ele>
      </trkpt>
      <trkpt lat="42.29319" lon="-71.04513">
        <ele>4.6</ele>
      </trkpt>
      <trkpt lat="42.29318" lon="-71.04513">
        <ele>4.6</ele>
      </trkpt>
      <trkpt lat="42.29325" lon="-71.04486">
        <ele>6.4</ele>
      </trkpt>
      <trkpt lat="42.293259" lon="-71.04459">
        <ele>6.2</ele>
      </trkpt>
      <trkpt lat="42.29325" lon="-71.04449">
        <ele>5.7</ele>
      </trkpt>
      <trkpt lat="42.293259" lon="-71.0444">
        <ele>5.0</ele>
      </trkpt>
      <trkpt lat="42.29324" lon="-71.04431">
        <ele>4.6</ele>
      </trkpt>
      <trkpt lat="42.29317" lon="-71.04419">
        <ele>4.3</ele>
      </trkpt>
      <trkpt lat="42.29207" lon="-71.04277">
        <ele>0.8</ele>
      </trkpt>
      <trkpt lat="42.29183" lon="-71.04253">
        <ele>0.6</ele>
      </trkpt>
      <trkpt lat="42.2917" lon="-71.04243">
        <ele>0.4</ele>
      </trkpt>
      <trkpt lat="42.29159" lon="-71.04239">
        <ele>0.3</ele>
      </trkpt>
      <trkpt lat="42.29159" lon="-71.04239">
        <ele>0.3</ele>
      </trkpt>
      <trkpt lat="42.29146" lon="-71.04234">
        <ele>0.3</ele>
      </trkpt>
      <trkpt lat="42.29122" lon="-71.04232">
        <ele>0.6</ele>
      </trkpt>
      <trkpt lat="42.29054" lon="-71.04231">
        <ele>1.0</ele>
      </trkpt>
      <trkpt lat="42.29008" lon="-71.04225">
        <ele>1.1</ele>
      </trkpt>
      <trkpt lat="42.29" lon="-71.04227">
        <ele>1.4</ele>
      </trkpt>
      <trkpt lat="42.29" lon="-71.04227">
        <ele>1.4</ele>
      </trkpt>
      <trkpt lat="42.28989" lon="-71.04229">
        <ele>1.8</ele>
      </trkpt>
      <trkpt lat="42.28973" lon="-71.0424">
        <ele>3.0</ele>
      </trkpt>
      <trkpt lat="42.28971" lon="-71.04244">
        <ele>3.3</ele>
      </trkpt>
      <trkpt lat="42.28928" lon="-71.04196">
        <ele>2.9</ele>
      </trkpt>
      <trkpt lat="42.28883" lon="-71.04149">
        <ele>4.4</ele>
      </trkpt>
      <trkpt lat="42.28875" lon="-71.04145">
        <ele>4.5</ele>
      </trkpt>
      <trkpt lat="42.28873" lon="-71.04143">
        <ele>4.6</ele>
      </trkpt>
      <trkpt lat="42.2887" lon="-71.04135">
        <ele>4.8</ele>
      </trkpt>
      <trkpt lat="42.28869" lon="-71.04127">
        <ele>5.0</ele>
      </trkpt>
      <trkpt lat="42.28869" lon="-71.04127">
        <ele>5.0</ele>
      </trkpt>
      <trkpt lat="42.288572" lon="-71.038879">
        <ele>4.5</ele>
      </trkpt>
      <trkpt lat="42.28857" lon="-71.03888">
        <ele>4.5</ele>
      </trkpt>
      <trkpt lat="42.28857" lon="-71.03888">
        <ele>4.5</ele>
      </trkpt>
      <trkpt lat="42.288469" lon="-71.03888">
        <ele>4.5</ele>
      </trkpt>
      <trkpt lat="42.28829" lon="-71.03897">
        <ele>4.6</ele>
      </trkpt>
      <trkpt lat="42.28756" lon="-71.0395">
        <ele>4.7</ele>
      </trkpt>
      <trkpt lat="42.28757" lon="-71.0395">
        <ele>4.7</ele>
      </trkpt>
      <trkpt lat="42.28726" lon="-71.03972">
        <ele>4.9</ele>
      </trkpt>
      <trkpt lat="42.2872" lon="-71.03959">
        <ele>3.9</ele>
      </trkpt>
      <trkpt lat="42.28702" lon="-71.03935">
        <ele>2.4</ele>
      </trkpt>
      <trkpt lat="42.2869" lon="-71.03922">
        <ele>1.6</ele>
      </trkpt>
      <trkpt lat="42.28683" lon="-71.03919">
        <ele>1.3</ele>
      </trkpt>
      <trkpt lat="42.28667" lon="-71.03918">
        <ele>1.9</ele>
      </trkpt>
      <trkpt lat="42.2866" lon="-71.03915">
        <ele>2.3</ele>
      </trkpt>
      <trkpt lat="42.2866" lon="-71.03915">
        <ele>2.3</ele>
      </trkpt>
      <trkpt lat="42.286603" lon="-71.039143">
        <ele>2.1</ele>
      </trkpt>
      <trkpt lat="42.2866" lon="-71.03915">
        <ele>2.3</ele>
      </trkpt>
      <trkpt lat="42.28616" lon="-71.03869">
        <ele>1.8</ele>
      </trkpt>
      <trkpt lat="42.2861" lon="-71.03867">
        <ele>2.6</ele>
      </trkpt>
      <trkpt lat="42.28605" lon="-71.03869">
        <ele>3.2</ele>
      </trkpt>
      <trkpt lat="42.2857" lon="-71.03925">
        <ele>3.3</ele>
      </trkpt>
      <trkpt lat="42.2857" lon="-71.03925">
        <ele>3.3</ele>
      </trkpt>
      <trkpt lat="42.28569" lon="-71.03925">
        <ele>3.2</ele>
      </trkpt>
      <trkpt lat="42.2856" lon="-71.0394">
        <ele>3.1</ele>
      </trkpt>
      <trkpt lat="42.2855" lon="-71.03949">
        <ele>3.1</ele>
      </trkpt>
      <trkpt lat="42.2854" lon="-71.03955">
        <ele>3.0</ele>
      </trkpt>
      <trkpt lat="42.28531" lon="-71.03966">
        <ele>2.9</ele>
      </trkpt>
      <trkpt lat="42.285089" lon="-71.03993">
        <ele>2.7</ele>
      </trkpt>
      <trkpt lat="42.285089" lon="-71.03993">
        <ele>2.7</ele>
      </trkpt>
      <trkpt lat="42.28485" lon="-71.04021">
        <ele>4.6</ele>
      </trkpt>
      <trkpt lat="42.28472" lon="-71.04042">
        <ele>5.5</ele>
      </trkpt>
      <trkpt lat="42.28457" lon="-71.040809">
        <ele>3.7</ele>
      </trkpt>
      <trkpt lat="42.2845" lon="-71.04101">
        <ele>3.3</ele>
      </trkpt>
      <trkpt lat="42.2845" lon="-71.041">
        <ele>3.3</ele>
      </trkpt>
      <trkpt lat="42.2845" lon="-71.04101">
        <ele>3.3</ele>
      </trkpt>
      <trkpt lat="42.28443" lon="-71.04122">
        <ele>3.3</ele>
      </trkpt>
      <trkpt lat="42.28435" lon="-71.0414">
        <ele>3.4</ele>
      </trkpt>
      <trkpt lat="42.28426" lon="-71.04152">
        <ele>3.4</ele>
      </trkpt>
      <trkpt lat="42.28404" lon="-71.04174">
        <ele>3.4</ele>
      </trkpt>
      <trkpt lat="42.28371" lon="-71.04198">
        <ele>3.4</ele>
      </trkpt>
      <trkpt lat="42.28371" lon="-71.04198">
        <ele>3.4</ele>
      </trkpt>
      <trkpt lat="42.28356" lon="-71.04209">
        <ele>3.7</ele>
      </trkpt>
      <trkpt lat="42.28349" lon="-71.04217">
        <ele>4.0</ele>
      </trkpt>
      <trkpt lat="42.2834" lon="-71.04201">
        <ele>3.9</ele>
      </trkpt>
      <trkpt lat="42.28328" lon="-71.041929">
        <ele>3.9</ele>
      </trkpt>
      <trkpt lat="42.28298" lon="-71.04183">
        <ele>4.0</ele>
      </trkpt>
      <trkpt lat="42.28259" lon="-71.04188">
        <ele>4.1</ele>
      </trkpt>
      <trkpt lat="42.2826" lon="-71.04188">
        <ele>4.1</ele>
      </trkpt>
      <trkpt lat="42.28259" lon="-71.04188">
        <ele>4.1</ele>
      </trkpt>
      <trkpt lat="42.282089" lon="-71.042">
        <ele>3.5</ele>
      </trkpt>
      <trkpt lat="42.281149" lon="-71.04205">
        <ele>6.4</ele>
      </trkpt>
      <trkpt lat="42.28103" lon="-71.04209">
        <ele>6.6</ele>
      </trkpt>
      <trkpt lat="42.28094" lon="-71.04215">
        <ele>6.6</ele>
      </trkpt>
      <trkpt lat="42.28094" lon="-71.04216">
        <ele>6.6</ele>
      </trkpt>
      <trkpt lat="42.28088" lon="-71.04227">
        <ele>6.7</ele>
      </trkpt>
      <trkpt lat="42.28082" lon="-71.04246">
        <ele>6.7</ele>
      </trkpt>
      <trkpt lat="42.28083" lon="-71.04261">
        <ele>6.9</ele>
      </trkpt>
      <trkpt lat="42.28087" lon="-71.042779">
        <ele>6.7</ele>
      </trkpt>
      <trkpt lat="42.28089" lon="-71.04281">
        <ele>6.8</ele>
      </trkpt>
      <trkpt lat="42.28089" lon="-71.04281">
        <ele>6.8</ele>
      </trkpt>
      <trkpt lat="42.28103" lon="-71.04322">
        <ele>6.6</ele>
      </trkpt>
      <trkpt lat="42.28113" lon="-71.04369">
        <ele>6.7</ele>
      </trkpt>
      <trkpt lat="42.28117" lon="-71.04412">
        <ele>5.6</ele>
      </trkpt>
      <trkpt lat="42.28063" lon="-71.04433">
        <ele>3.0</ele>
      </trkpt>
      <trkpt lat="42.28062" lon="-71.04432">
        <ele>3.1</ele>
      </trkpt>
      <trkpt lat="42.28062" lon="-71.04432">
        <ele>3.1</ele>
      </trkpt>
      <trkpt lat="42.28034" lon="-71.04421">
        <ele>6.2</ele>
      </trkpt>
      <trkpt lat="42.28033" lon="-71.04388">
        <ele>6.3</ele>
      </trkpt>
      <trkpt lat="42.28029" lon="-71.04373">
        <ele>6.3</ele>
      </trkpt>
      <trkpt lat="42.28029" lon="-71.04373">
        <ele>6.3</ele>
      </trkpt>
      <trkpt lat="42.28018" lon="-71.04341">
        <ele>5.6</ele>
      </trkpt>
      <trkpt lat="42.28007" lon="-71.04329">
        <ele>5.4</ele>
      </trkpt>
      <trkpt lat="42.27995" lon="-71.0432">
        <ele>5.2</ele>
      </trkpt>
      <trkpt lat="42.27963" lon="-71.04312">
        <ele>5.7</ele>
      </trkpt>
      <trkpt lat="42.2794" lon="-71.04312">
        <ele>5.8</ele>
      </trkpt>
      <trkpt lat="42.2793" lon="-71.04318">
        <ele>6.1</ele>
      </trkpt>
      <trkpt lat="42.27916" lon="-71.0432">
        <ele>6.2</ele>
      </trkpt>
      <trkpt lat="42.27917" lon="-71.0432">
        <ele>6.2</ele>
      </trkpt>
      <trkpt lat="42.279" lon="-71.04323">
        <ele>6.2</ele>
      </trkpt>
      <trkpt lat="42.27834" lon="-71.04321">
        <ele>5.3</ele>
      </trkpt>
      <trkpt lat="42.278149" lon="-71.04329">
        <ele>4.1</ele>
      </trkpt>
      <trkpt lat="42.27816" lon="-71.04331">
        <ele>4.3</ele>
      </trkpt>
      <trkpt lat="42.278149" lon="-71.04329">
        <ele>4.1</ele>
      </trkpt>
      <trkpt lat="42.27771" lon="-71.04357">
        <ele>2.7</ele>
      </trkpt>
      <trkpt lat="42.27754" lon="-71.04374">
        <ele>2.3</ele>
      </trkpt>
      <trkpt lat="42.27754" lon="-71.04375">
        <ele>2.4</ele>
      </trkpt>
      <trkpt lat="42.27743" lon="-71.04386">
        <ele>2.1</ele>
      </trkpt>
      <trkpt lat="42.277209" lon="-71.04435">
        <ele>2.3</ele>
      </trkpt>
      <trkpt lat="42.27701" lon="-71.04488">
        <ele>2.6</ele>
      </trkpt>
      <trkpt lat="42.27707" lon="-71.04531">
        <ele>4.7</ele>
      </trkpt>
      <trkpt lat="42.27711" lon="-71.04541">
        <ele>5.4</ele>
      </trkpt>
      <trkpt lat="42.27711" lon="-71.04541">
        <ele>5.4</ele>
      </trkpt>
      <trkpt lat="42.27723" lon="-71.04577">
        <ele>6.2</ele>
      </trkpt>
      <trkpt lat="42.27748" lon="-71.04621">
        <ele>5.9</ele>
      </trkpt>
      <trkpt lat="42.27803" lon="-71.04695">
        <ele>5.8</ele>
      </trkpt>
      <trkpt lat="42.27823" lon="-71.04694">
        <ele>6.2</ele>
      </trkpt>
      <trkpt lat="42.278239" lon="-71.04694">
        <ele>6.2</ele>
      </trkpt>
      <trkpt lat="42.27849" lon="-71.04693">
        <ele>6.2</ele>
      </trkpt>
      <trkpt lat="42.27875" lon="-71.04679">
        <ele>7.3</ele>
      </trkpt>
      <trkpt lat="42.27877" lon="-71.04677">
        <ele>7.5</ele>
      </trkpt>
      <trkpt lat="42.27877" lon="-71.04676">
        <ele>7.5</ele>
      </trkpt>
      <trkpt lat="42.27877" lon="-71.04677">
        <ele>7.5</ele>
      </trkpt>
      <trkpt lat="42.27913" lon="-71.04601">
        <ele>7.2</ele>
      </trkpt>
      <trkpt lat="42.27971" lon="-71.04541">
        <ele>5.8</ele>
      </trkpt>
      <trkpt lat="42.27986" lon="-71.04525">
        <ele>5.9</ele>
      </trkpt>
      <trkpt lat="42.2799" lon="-71.04534">
        <ele>6.0</ele>
      </trkpt>
      <trkpt lat="42.28001" lon="-71.04559">
        <ele>6.2</ele>
      </trkpt>
      <trkpt lat="42.28004" lon="-71.04565">
        <ele>6.3</ele>
      </trkpt>
      <trkpt lat="42.28011" lon="-71.04564">
        <ele>6.2</ele>
      </trkpt>
      <trkpt lat="42.28016" lon="-71.04568">
        <ele>6.3</ele>
      </trkpt>
      <trkpt lat="42.28018" lon="-71.04575">
        <ele>6.5</ele>
      </trkpt>
      <trkpt lat="42.28017" lon="-71.04584">
        <ele>6.7</ele>
      </trkpt>
      <trkpt lat="42.28028" lon="-71.04608">
        <ele>7.5</ele>
      </trkpt>
      <trkpt lat="42.28028" lon="-71.04608">
        <ele>7.5</ele>
      </trkpt>
      <trkpt lat="42.28028" lon="-71.04608">
        <ele>7.5</ele>
      </trkpt>
      <trkpt lat="42.28037" lon="-71.04631">
        <ele>8.2</ele>
      </trkpt>
      <trkpt lat="42.28039" lon="-71.0464">
        <ele>8.1</ele>
      </trkpt>
      <trkpt lat="42.28049" lon="-71.04664">
        <ele>8.0</ele>
      </trkpt>
      <trkpt lat="42.28072" lon="-71.04724">
        <ele>4.7</ele>
      </trkpt>
      <trkpt lat="42.28076" lon="-71.04733">
        <ele>4.7</ele>
      </trkpt>
      <trkpt lat="42.28076" lon="-71.04733">
        <ele>4.7</ele>
      </trkpt>
      <trkpt lat="42.28084" lon="-71.04752">
        <ele>4.7</ele>
      </trkpt>
      <trkpt lat="42.28051" lon="-71.04791">
        <ele>4.7</ele>
      </trkpt>
      <trkpt lat="42.28039" lon="-71.0481">
        <ele>4.8</ele>
      </trkpt>
      <trkpt lat="42.28039" lon="-71.04809">
        <ele>4.8</ele>
      </trkpt>
      <trkpt lat="42.28027" lon="-71.0483">
        <ele>5.3</ele>
      </trkpt>
      <trkpt lat="42.279739" lon="-71.04908">
        <ele>7.5</ele>
      </trkpt>
      <trkpt lat="42.279738" lon="-71.049066">
        <ele>7.4</ele>
      </trkpt>
      <trkpt lat="42.279739" lon="-71.04908">
        <ele>7.5</ele>
      </trkpt>
      <trkpt lat="42.27939" lon="-71.04965">
        <ele>7.1</ele>
      </trkpt>
      <trkpt lat="42.27931" lon="-71.04984">
        <ele>7.3</ele>
      </trkpt>
      <trkpt lat="42.27912" lon="-71.05035">
        <ele>5.3</ele>
      </trkpt>
      <trkpt lat="42.2789" lon="-71.05105">
        <ele>3.8</ele>
      </trkpt>
      <trkpt lat="42.2789" lon="-71.05105">
        <ele>3.8</ele>
      </trkpt>
      <trkpt lat="42.27866" lon="-71.05182">
        <ele>1.9</ele>
      </trkpt>
      <trkpt lat="42.27845" lon="-71.05243">
        <ele>1.3</ele>
      </trkpt>
      <trkpt lat="42.278452" lon="-71.052425">
        <ele>1.3</ele>
      </trkpt>
      <trkpt lat="42.27845" lon="-71.05243">
        <ele>1.3</ele>
      </trkpt>
      <trkpt lat="42.27819" lon="-71.05315">
        <ele>1.3</ele>
      </trkpt>
      <trkpt lat="42.27794" lon="-71.05372">
        <ele>2.7</ele>
      </trkpt>
      <trkpt lat="42.27784" lon="-71.05398">
        <ele>2.0</ele>
      </trkpt>
      <trkpt lat="42.27752" lon="-71.05468">
        <ele>0.6</ele>
      </trkpt>
      <trkpt lat="42.27746" lon="-71.05481">
        <ele>0.6</ele>
      </trkpt>
      <trkpt lat="42.27746" lon="-71.05483">
        <ele>0.6</ele>
      </trkpt>
      <trkpt lat="42.27746" lon="-71.05483">
        <ele>0.6</ele>
      </trkpt>
      <trkpt lat="42.27736" lon="-71.05507">
        <ele>0.8</ele>
      </trkpt>
      <trkpt lat="42.27711" lon="-71.05549">
        <ele>0.8</ele>
      </trkpt>
      <trkpt lat="42.27566" lon="-71.05762">
        <ele>1.8</ele>
      </trkpt>
      <trkpt lat="42.27567" lon="-71.05762">
        <ele>1.8</ele>
      </trkpt>
      <trkpt lat="42.27504" lon="-71.058539">
        <ele>2.5</ele>
      </trkpt>
      <trkpt lat="42.27474" lon="-71.05902">
        <ele>5.1</ele>
      </trkpt>
      <trkpt lat="42.27474" lon="-71.05901">
        <ele>5.0</ele>
      </trkpt>
      <trkpt lat="42.27464" lon="-71.0592">
        <ele>5.6</ele>
      </trkpt>
      <trkpt lat="42.27429" lon="-71.05994">
        <ele>2.7</ele>
      </trkpt>
      <trkpt lat="42.27416" lon="-71.06019">
        <ele>2.6</ele>
      </trkpt>
      <trkpt lat="42.27402" lon="-71.060419">
        <ele>2.4</ele>
      </trkpt>
      <trkpt lat="42.27328" lon="-71.06147">
        <ele>2.6</ele>
      </trkpt>
      <trkpt lat="42.27279" lon="-71.062119">
        <ele>3.1</ele>
      </trkpt>
      <trkpt lat="42.2721" lon="-71.06314">
        <ele>5.2</ele>
      </trkpt>
      <trkpt lat="42.272109" lon="-71.063132">
        <ele>5.2</ele>
      </trkpt>
      <trkpt lat="42.2721" lon="-71.06314">
        <ele>5.2</ele>
      </trkpt>
      <trkpt lat="42.27146" lon="-71.064089">
        <ele>5.7</ele>
      </trkpt>
      <trkpt lat="42.27146" lon="-71.064089">
        <ele>5.7</ele>
      </trkpt>
      <trkpt lat="42.27146" lon="-71.0641">
        <ele>5.7</ele>
      </trkpt>
      <trkpt lat="42.27129" lon="-71.06434">
        <ele>5.5</ele>
      </trkpt>
      <trkpt lat="42.27116" lon="-71.0646">
        <ele>5.6</ele>
      </trkpt>
      <trkpt lat="42.27099" lon="-71.065">
        <ele>5.3</ele>
      </trkpt>
      <trkpt lat="42.270829" lon="-71.065479">
        <ele>-0.3</ele>
      </trkpt>
      <trkpt lat="42.27079" lon="-71.06558">
        <ele>0.2</ele>
      </trkpt>
      <trkpt lat="42.27079" lon="-71.06558">
        <ele>0.2</ele>
      </trkpt>
      <trkpt lat="42.27069" lon="-71.06587">
        <ele>3.9</ele>
      </trkpt>
      <trkpt lat="42.27053" lon="-71.06652">
        <ele>5.1</ele>
      </trkpt>
      <trkpt lat="42.27048" lon="-71.06679">
        <ele>4.7</ele>
      </trkpt>
      <trkpt lat="42.27043" lon="-71.067269">
        <ele>4.7</ele>
      </trkpt>
      <trkpt lat="42.27039" lon="-71.0684">
        <ele>5.8</ele>
      </trkpt>
      <trkpt lat="42.27039" lon="-71.06878">
        <ele>4.1</ele>
      </trkpt>
      <trkpt lat="42.27039" lon="-71.06877">
        <ele>4.1</ele>
      </trkpt>
      <trkpt lat="42.27039" lon="-71.06878">
        <ele>4.1</ele>
      </trkpt>
      <trkpt lat="42.27037" lon="-71.07064">
        <ele>6.0</ele>
      </trkpt>
      <trkpt lat="42.27035" lon="-71.07111">
        <ele>8.1</ele>
      </trkpt>
      <trkpt lat="42.27026" lon="-71.07191">
        <ele>6.8</ele>
      </trkpt>
      <trkpt lat="42.27016" lon="-71.07273">
        <ele>5.8</ele>
      </trkpt>
      <trkpt lat="42.27016" lon="-71.07273">
        <ele>5.8</ele>
      </trkpt>
      <trkpt lat="42.27018" lon="-71.07274">
        <ele>5.6</ele>
      </trkpt>
      <trkpt lat="42.27012" lon="-71.07322">
        <ele>5.3</ele>
      </trkpt>
      <trkpt lat="42.27002" lon="-71.074119">
        <ele>8.5</ele>
      </trkpt>
      <trkpt lat="42.27002" lon="-71.074119">
        <ele>8.5</ele>
      </trkpt>
      <trkpt lat="42.26988" lon="-71.07534">
        <ele>8.5</ele>
      </trkpt>
      <trkpt lat="42.26988" lon="-71.075819">
        <ele>6.4</ele>
      </trkpt>
      <trkpt lat="42.26954" lon="-71.07767">
        <ele>5.7</ele>
      </trkpt>
      <trkpt lat="42.26945" lon="-71.07804">
        <ele>5.2</ele>
      </trkpt>
      <trkpt lat="42.26923" lon="-71.07844">
        <ele>5.9</ele>
      </trkpt>
      <trkpt lat="42.26919" lon="-71.07902">
        <ele>4.7</ele>
      </trkpt>
      <trkpt lat="42.26899" lon="-71.07965">
        <ele>5.9</ele>
      </trkpt>
      <trkpt lat="42.26871" lon="-71.08086">
        <ele>4.3</ele>
      </trkpt>
      <trkpt lat="42.26841" lon="-71.081909">
        <ele>4.4</ele>
      </trkpt>
      <trkpt lat="42.26823" lon="-71.0826">
        <ele>4.3</ele>
      </trkpt>
      <trkpt lat="42.26817" lon="-71.08304">
        <ele>4.4</ele>
      </trkpt>
      <trkpt lat="42.26816" lon="-71.08336">
        <ele>4.4</ele>
      </trkpt>
      <trkpt lat="42.26822" lon="-71.08369">
        <ele>4.4</ele>
      </trkpt>
      <trkpt lat="42.2685" lon="-71.08431">
        <ele>5.2</ele>
      </trkpt>
      <trkpt lat="42.26858" lon="-71.08449">
        <ele>4.8</ele>
      </trkpt>
      <trkpt lat="42.26871" lon="-71.08493">
        <ele>4.4</ele>
      </trkpt>
      <trkpt lat="42.26872" lon="-71.08496">
        <ele>4.4</ele>
      </trkpt>
      <trkpt lat="42.26876" lon="-71.08497">
        <ele>4.7</ele>
      </trkpt>
      <trkpt lat="42.26918" lon="-71.08481">
        <ele>6.8</ele>
      </trkpt>
      <trkpt lat="42.26924" lon="-71.08497">
        <ele>7.2</ele>
      </trkpt>
      <trkpt lat="42.26944" lon="-71.0859">
        <ele>6.8</ele>
      </trkpt>
      <trkpt lat="42.269509" lon="-71.08634">
        <ele>6.5</ele>
      </trkpt>
      <trkpt lat="42.26969" lon="-71.08738">
        <ele>6.6</ele>
      </trkpt>
      <trkpt lat="42.26994" lon="-71.08832">
        <ele>9.1</ele>
      </trkpt>
      <trkpt lat="42.27" lon="-71.08883">
        <ele>9.4</ele>
      </trkpt>
      <trkpt lat="42.26996" lon="-71.08923">
        <ele>8.9</ele>
      </trkpt>
      <trkpt lat="42.26984" lon="-71.08968">
        <ele>9.0</ele>
      </trkpt>
      <trkpt lat="42.26963" lon="-71.09">
        <ele>8.1</ele>
      </trkpt>
      <trkpt lat="42.26931" lon="-71.09029">
        <ele>6.5</ele>
      </trkpt>
      <trkpt lat="42.2687" lon="-71.09067">
        <ele>7.8</ele>
      </trkpt>
      <trkpt lat="42.268701" lon="-71.090674">
        <ele>7.9</ele>
      </trkpt>
      <trkpt lat="42.2687" lon="-71.09068">
        <ele>7.9</ele>
      </trkpt>
      <trkpt lat="42.2687" lon="-71.09067">
        <ele>7.8</ele>
      </trkpt>
      <trkpt lat="42.26853" lon="-71.09069">
        <ele>8.3</ele>
      </trkpt>
      <trkpt lat="42.2682" lon="-71.0906">
        <ele>8.2</ele>
      </trkpt>
      <trkpt lat="42.26776" lon="-71.090549">
        <ele>9.0</ele>
      </trkpt>
      <trkpt lat="42.26769" lon="-71.09054">
        <ele>8.5</ele>
      </trkpt>
      <trkpt lat="42.26724" lon="-71.09051">
        <ele>7.1</ele>
      </trkpt>
      <trkpt lat="42.26714" lon="-71.09056">
        <ele>6.8</ele>
      </trkpt>
      <trkpt lat="42.26701" lon="-71.09066">
        <ele>6.7</ele>
      </trkpt>
      <trkpt lat="42.26694" lon="-71.09078">
        <ele>6.8</ele>
      </trkpt>
      <trkpt lat="42.26685" lon="-71.09099">
        <ele>6.9</ele>
      </trkpt>
      <trkpt lat="42.26684" lon="-71.09104">
        <ele>6.9</ele>
      </trkpt>
      <trkpt lat="42.26684" lon="-71.09104">
        <ele>6.9</ele>
      </trkpt>
      <trkpt lat="42.26682" lon="-71.09128">
        <ele>7.1</ele>
      </trkpt>
      <trkpt lat="42.26687" lon="-71.09228">
        <ele>7.9</ele>
      </trkpt>
      <trkpt lat="42.2669" lon="-71.09269">
        <ele>8.2</ele>
      </trkpt>
      <trkpt lat="42.26705" lon="-71.09302">
        <ele>8.6</ele>
      </trkpt>
      <trkpt lat="42.2672" lon="-71.093279">
        <ele>11.1</ele>
      </trkpt>
      <trkpt lat="42.26721" lon="-71.093639">
        <ele>10.3</ele>
      </trkpt>
      <trkpt lat="42.267242" lon="-71.093635">
        <ele>11.0</ele>
      </trkpt>
      <trkpt lat="42.267319" lon="-71.093811">
        <ele>12.0</ele>
      </trkpt>
      <trkpt lat="42.267402" lon="-71.09398">
        <ele>12.2</ele>
      </trkpt>
      <trkpt lat="42.26742" lon="-71.09396">
        <ele>12.2</ele>
      </trkpt>
      <trkpt lat="42.26753" lon="-71.09416">
        <ele>12.4</ele>
      </trkpt>
      <trkpt lat="42.26761" lon="-71.09427">
        <ele>12.6</ele>
      </trkpt>
      <trkpt lat="42.267614" lon="-71.094269">
        <ele>12.6</ele>
      </trkpt>
      <trkpt lat="42.26769" lon="-71.09439">
        <ele>12.9</ele>
      </trkpt>
      <trkpt lat="42.267746" lon="-71.094466">
        <ele>13.2</ele>
      </trkpt>
      <trkpt lat="42.2697" lon="-71.09712">
        <ele>21.3</ele>
      </trkpt>
      <trkpt lat="42.26987" lon="-71.09739">
        <ele>21.3</ele>
      </trkpt>
      <trkpt lat="42.27014" lon="-71.09794">
        <ele>20.1</ele>
      </trkpt>
      <trkpt lat="42.27018" lon="-71.09805">
        <ele>20.9</ele>
      </trkpt>
      <trkpt lat="42.27024" lon="-71.09827">
        <ele>21.4</ele>
      </trkpt>
      <trkpt lat="42.27033" lon="-71.09927">
        <ele>19.8</ele>
      </trkpt>
      <trkpt lat="42.270539" lon="-71.10096">
        <ele>17.2</ele>
      </trkpt>
      <trkpt lat="42.27068" lon="-71.10175">
        <ele>18.0</ele>
      </trkpt>
      <trkpt lat="42.27084" lon="-71.102459">
        <ele>19.0</ele>
      </trkpt>
      <trkpt lat="42.27098" lon="-71.1031">
        <ele>20.9</ele>
      </trkpt>
      <trkpt lat="42.270984" lon="-71.103095">
        <ele>20.9</ele>
      </trkpt>
      <trkpt lat="42.27098" lon="-71.1031">
        <ele>20.9</ele>
      </trkpt>
      <trkpt lat="42.27104" lon="-71.10335">
        <ele>21.5</ele>
      </trkpt>
      <trkpt lat="42.27117" lon="-71.10392">
        <ele>22.4</ele>
      </trkpt>
      <trkpt lat="42.27117" lon="-71.10392">
        <ele>22.4</ele>
      </trkpt>
      <trkpt lat="42.27163" lon="-71.10597">
        <ele>21.5</ele>
      </trkpt>
      <trkpt lat="42.27172" lon="-71.1063">
        <ele>21.5</ele>
      </trkpt>
      <trkpt lat="42.27183" lon="-71.106579">
        <ele>22.1</ele>
      </trkpt>
      <trkpt lat="42.27197" lon="-71.10682">
        <ele>23.1</ele>
      </trkpt>
      <trkpt lat="42.27216" lon="-71.10706">
        <ele>24.2</ele>
      </trkpt>
      <trkpt lat="42.27429" lon="-71.10912">
        <ele>34.5</ele>
      </trkpt>
      <trkpt lat="42.27434" lon="-71.1092">
        <ele>34.8</ele>
      </trkpt>
      <trkpt lat="42.27445" lon="-71.109309">
        <ele>35.3</ele>
      </trkpt>
      <trkpt lat="42.27459" lon="-71.1095">
        <ele>36.5</ele>
      </trkpt>
      <trkpt lat="42.274679" lon="-71.10964">
        <ele>37.4</ele>
      </trkpt>
      <trkpt lat="42.27559" lon="-71.108949">
        <ele>37.9</ele>
      </trkpt>
      <trkpt lat="42.27577" lon="-71.10886">
        <ele>37.3</ele>
      </trkpt>
      <trkpt lat="42.27604" lon="-71.10882">
        <ele>36.5</ele>
      </trkpt>
      <trkpt lat="42.27624" lon="-71.10883">
        <ele>35.1</ele>
      </trkpt>
      <trkpt lat="42.27635" lon="-71.10887">
        <ele>34.3</ele>
      </trkpt>
      <trkpt lat="42.27646" lon="-71.10893">
        <ele>33.8</ele>
      </trkpt>
      <trkpt lat="42.27663" lon="-71.10912">
        <ele>32.3</ele>
      </trkpt>
      <trkpt lat="42.27663" lon="-71.10912">
        <ele>32.3</ele>
      </trkpt>
      <trkpt lat="42.276829" lon="-71.10934">
        <ele>32.1</ele>
      </trkpt>
      <trkpt lat="42.27697" lon="-71.10957">
        <ele>32.4</ele>
      </trkpt>
      <trkpt lat="42.27725" lon="-71.11024">
        <ele>33.7</ele>
      </trkpt>
      <trkpt lat="42.2774" lon="-71.11095">
        <ele>32.1</ele>
      </trkpt>
      <trkpt lat="42.27749" lon="-71.11131">
        <ele>30.9</ele>
      </trkpt>
      <trkpt lat="42.27775" lon="-71.11193">
        <ele>28.8</ele>
      </trkpt>
      <trkpt lat="42.27804" lon="-71.11244">
        <ele>27.4</ele>
      </trkpt>
      <trkpt lat="42.27827" lon="-71.11278">
        <ele>25.5</ele>
      </trkpt>
      <trkpt lat="42.27826" lon="-71.11278">
        <ele>25.6</ele>
      </trkpt>
      <trkpt lat="42.278269" lon="-71.112779">
        <ele>25.6</ele>
      </trkpt>
      <trkpt lat="42.27826" lon="-71.11278">
        <ele>25.6</ele>
      </trkpt>
      <trkpt lat="42.27925" lon="-71.11342">
        <ele>19.4</ele>
      </trkpt>
      <trkpt lat="42.27958" lon="-71.11356">
        <ele>19.0</ele>
      </trkpt>
      <trkpt lat="42.27964" lon="-71.11357">
        <ele>19.2</ele>
      </trkpt>
      <trkpt lat="42.27972" lon="-71.11357">
        <ele>19.6</ele>
      </trkpt>
      <trkpt lat="42.279722" lon="-71.113556">
        <ele>19.6</ele>
      </trkpt>
      <trkpt lat="42.27993" lon="-71.113607">
        <ele>20.9</ele>
      </trkpt>
      <trkpt lat="42.279953" lon="-71.113384">
        <ele>20.6</ele>
      </trkpt>
      <trkpt lat="42.27995" lon="-71.11339">
        <ele>20.6</ele>
      </trkpt>
      <trkpt lat="42.28028" lon="-71.11234">
        <ele>19.6</ele>
      </trkpt>
      <trkpt lat="42.28026" lon="-71.11232">
        <ele>19.6</ele>
      </trkpt>
      <trkpt lat="42.28026" lon="-71.11232">
        <ele>19.6</ele>
      </trkpt>
      <trkpt lat="42.28026" lon="-71.11232">
        <ele>19.6</ele>
      </trkpt>
      <trkpt lat="42.280209" lon="-71.11224">
        <ele>19.5</ele>
      </trkpt>
      <trkpt lat="42.28018" lon="-71.11215">
        <ele>19.4</ele>
      </trkpt>
      <trkpt lat="42.280299" lon="-71.1114">
        <ele>18.5</ele>
      </trkpt>
      <trkpt lat="42.28034" lon="-71.1109">
        <ele>18.3</ele>
      </trkpt>
      <trkpt lat="42.28028" lon="-71.11087">
        <ele>18.5</ele>
      </trkpt>
      <trkpt lat="42.28028" lon="-71.11087">
        <ele>18.5</ele>
      </trkpt>
      <trkpt lat="42.28015" lon="-71.11083">
        <ele>18.9</ele>
      </trkpt>
      <trkpt lat="42.27968" lon="-71.11059">
        <ele>20.4</ele>
      </trkpt>
      <trkpt lat="42.27967" lon="-71.10997">
        <ele>21.2</ele>
      </trkpt>
      <trkpt lat="42.27959" lon="-71.10974">
        <ele>21.9</ele>
      </trkpt>
      <trkpt lat="42.2794" lon="-71.10935">
        <ele>22.5</ele>
      </trkpt>
      <trkpt lat="42.27924" lon="-71.10907">
        <ele>22.8</ele>
      </trkpt>
      <trkpt lat="42.27901" lon="-71.10857">
        <ele>23.3</ele>
      </trkpt>
      <trkpt lat="42.27899" lon="-71.10845">
        <ele>23.4</ele>
      </trkpt>
      <trkpt lat="42.27901" lon="-71.108279">
        <ele>23.3</ele>
      </trkpt>
      <trkpt lat="42.27913" lon="-71.10787">
        <ele>23.3</ele>
      </trkpt>
      <trkpt lat="42.2792" lon="-71.1077">
        <ele>23.4</ele>
      </trkpt>
      <trkpt lat="42.2792" lon="-71.10769">
        <ele>23.4</ele>
      </trkpt>
      <trkpt lat="42.2792" lon="-71.1077">
        <ele>23.4</ele>
      </trkpt>
      <trkpt lat="42.27921" lon="-71.10765">
        <ele>23.4</ele>
      </trkpt>
      <trkpt lat="42.2794" lon="-71.10739">
        <ele>23.4</ele>
      </trkpt>
      <trkpt lat="42.28015" lon="-71.1066">
        <ele>22.9</ele>
      </trkpt>
      <trkpt lat="42.28029" lon="-71.10651">
        <ele>23.1</ele>
      </trkpt>
      <trkpt lat="42.28044" lon="-71.10644">
        <ele>23.3</ele>
      </trkpt>
      <trkpt lat="42.280589" lon="-71.10645">
        <ele>23.5</ele>
      </trkpt>
      <trkpt lat="42.28073" lon="-71.10648">
        <ele>24.4</ele>
      </trkpt>
      <trkpt lat="42.28073" lon="-71.10648">
        <ele>24.4</ele>
      </trkpt>
      <trkpt lat="42.2808" lon="-71.1065">
        <ele>24.9</ele>
      </trkpt>
      <trkpt lat="42.281" lon="-71.10638">
        <ele>25.8</ele>
      </trkpt>
      <trkpt lat="42.28119" lon="-71.10619">
        <ele>24.3</ele>
      </trkpt>
      <trkpt lat="42.2813" lon="-71.10611">
        <ele>23.4</ele>
      </trkpt>
      <trkpt lat="42.28139" lon="-71.10578">
        <ele>23.2</ele>
      </trkpt>
      <trkpt lat="42.28164" lon="-71.10499">
        <ele>25.2</ele>
      </trkpt>
      <trkpt lat="42.28199" lon="-71.10379">
        <ele>24.5</ele>
      </trkpt>
      <trkpt lat="42.28224" lon="-71.10329">
        <ele>20.8</ele>
      </trkpt>
      <trkpt lat="42.28336" lon="-71.10276">
        <ele>17.3</ele>
      </trkpt>
      <trkpt lat="42.28358" lon="-71.10262">
        <ele>17.3</ele>
      </trkpt>
      <trkpt lat="42.28361" lon="-71.10271">
        <ele>17.2</ele>
      </trkpt>
      <trkpt lat="42.28367" lon="-71.10293">
        <ele>17.1</ele>
      </trkpt>
      <trkpt lat="42.28382" lon="-71.10325">
        <ele>16.8</ele>
      </trkpt>
      <trkpt lat="42.28388" lon="-71.10334">
        <ele>16.7</ele>
      </trkpt>
      <trkpt lat="42.28355" lon="-71.1045">
        <ele>16.7</ele>
      </trkpt>
      <trkpt lat="42.28316" lon="-71.10597">
        <ele>16.8</ele>
      </trkpt>
      <trkpt lat="42.28293" lon="-71.10672">
        <ele>16.7</ele>
      </trkpt>
      <trkpt lat="42.28299" lon="-71.10677">
        <ele>16.6</ele>
      </trkpt>
      <trkpt lat="42.28299" lon="-71.10677">
        <ele>16.6</ele>
      </trkpt>
      <trkpt lat="42.28299" lon="-71.10677">
        <ele>16.6</ele>
      </trkpt>
      <trkpt lat="42.283299" lon="-71.107069">
        <ele>16.2</ele>
      </trkpt>
      <trkpt lat="42.28325" lon="-71.107429">
        <ele>16.2</ele>
      </trkpt>
      <trkpt lat="42.28349" lon="-71.107919">
        <ele>15.7</ele>
      </trkpt>
      <trkpt lat="42.28473" lon="-71.10885">
        <ele>14.3</ele>
      </trkpt>
      <trkpt lat="42.28464" lon="-71.10924">
        <ele>14.1</ele>
      </trkpt>
      <trkpt lat="42.2846" lon="-71.109309">
        <ele>14.2</ele>
      </trkpt>
      <trkpt lat="42.28449" lon="-71.109399">
        <ele>14.2</ele>
      </trkpt>
      <trkpt lat="42.28441" lon="-71.10953">
        <ele>14.3</ele>
      </trkpt>
      <trkpt lat="42.28437" lon="-71.10957">
        <ele>14.3</ele>
      </trkpt>
      <trkpt lat="42.284372" lon="-71.109564">
        <ele>14.3</ele>
      </trkpt>
      <trkpt lat="42.284937" lon="-71.10962">
        <ele>13.5</ele>
      </trkpt>
      <trkpt lat="42.285329" lon="-71.109722">
        <ele>13.1</ele>
      </trkpt>
      <trkpt lat="42.28532" lon="-71.10974">
        <ele>13.1</ele>
      </trkpt>
      <trkpt lat="42.28539" lon="-71.10975">
        <ele>13.0</ele>
      </trkpt>
      <trkpt lat="42.28571" lon="-71.1099">
        <ele>12.9</ele>
      </trkpt>
      <trkpt lat="42.28651" lon="-71.11038">
        <ele>13.1</ele>
      </trkpt>
      <trkpt lat="42.28694" lon="-71.11057">
        <ele>13.6</ele>
      </trkpt>
      <trkpt lat="42.28719" lon="-71.11059">
        <ele>13.9</ele>
      </trkpt>
      <trkpt lat="42.2873" lon="-71.11069">
        <ele>14.1</ele>
      </trkpt>
      <trkpt lat="42.28736" lon="-71.11075">
        <ele>14.2</ele>
      </trkpt>
      <trkpt lat="42.28767" lon="-71.11033">
        <ele>14.1</ele>
      </trkpt>
      <trkpt lat="42.28779" lon="-71.11017">
        <ele>14.1</ele>
      </trkpt>
      <trkpt lat="42.28779" lon="-71.110159">
        <ele>14.1</ele>
      </trkpt>
      <trkpt lat="42.28779" lon="-71.11017">
        <ele>14.1</ele>
      </trkpt>
      <trkpt lat="42.28819" lon="-71.10961">
        <ele>14.5</ele>
      </trkpt>
      <trkpt lat="42.28884" lon="-71.10873">
        <ele>16.5</ele>
      </trkpt>
      <trkpt lat="42.28884" lon="-71.10873">
        <ele>16.5</ele>
      </trkpt>
      <trkpt lat="42.28884" lon="-71.10872">
        <ele>16.5</ele>
      </trkpt>
      <trkpt lat="42.289499" lon="-71.1096">
        <ele>17.6</ele>
      </trkpt>
      <trkpt lat="42.29026" lon="-71.11055">
        <ele>19.0</ele>
      </trkpt>
      <trkpt lat="42.29043" lon="-71.110339">
        <ele>19.6</ele>
      </trkpt>
      <trkpt lat="42.29085" lon="-71.11088">
        <ele>20.4</ele>
      </trkpt>
      <trkpt lat="42.29105" lon="-71.11114">
        <ele>21.1</ele>
      </trkpt>
      <trkpt lat="42.29115" lon="-71.11098">
        <ele>21.7</ele>
      </trkpt>
      <trkpt lat="42.291379" lon="-71.11064">
        <ele>22.9</ele>
      </trkpt>
      <trkpt lat="42.291379" lon="-71.11063">
        <ele>22.9</ele>
      </trkpt>
      <trkpt lat="42.291379" lon="-71.11064">
        <ele>22.9</ele>
      </trkpt>
      <trkpt lat="42.29184" lon="-71.10996">
        <ele>27.5</ele>
      </trkpt>
      <trkpt lat="42.291939" lon="-71.10993">
        <ele>28.3</ele>
      </trkpt>
      <trkpt lat="42.29186" lon="-71.10969">
        <ele>27.8</ele>
      </trkpt>
      <trkpt lat="42.29135" lon="-71.10884">
        <ele>23.3</ele>
      </trkpt>
      <trkpt lat="42.29113" lon="-71.1084">
        <ele>22.4</ele>
      </trkpt>
      <trkpt lat="42.291089" lon="-71.1082">
        <ele>22.1</ele>
      </trkpt>
      <trkpt lat="42.29108" lon="-71.10797">
        <ele>21.9</ele>
      </trkpt>
      <trkpt lat="42.29113" lon="-71.10779">
        <ele>21.9</ele>
      </trkpt>
      <trkpt lat="42.29114" lon="-71.10777">
        <ele>21.9</ele>
      </trkpt>
      <trkpt lat="42.29114" lon="-71.10777">
        <ele>21.9</ele>
      </trkpt>
      <trkpt lat="42.29113" lon="-71.10777">
        <ele>21.9</ele>
      </trkpt>
      <trkpt lat="42.29159" lon="-71.1069">
        <ele>22.0</ele>
      </trkpt>
      <trkpt lat="42.29221" lon="-71.10582">
        <ele>23.2</ele>
      </trkpt>
      <trkpt lat="42.29198" lon="-71.10518">
        <ele>21.4</ele>
      </trkpt>
      <trkpt lat="42.29266" lon="-71.10445">
        <ele>27.1</ele>
      </trkpt>
      <trkpt lat="42.29325" lon="-71.10394">
        <ele>28.2</ele>
      </trkpt>
      <trkpt lat="42.29285" lon="-71.1033">
        <ele>26.5</ele>
      </trkpt>
      <trkpt lat="42.29307" lon="-71.10303">
        <ele>24.9</ele>
      </trkpt>
      <trkpt lat="42.29329" lon="-71.10286">
        <ele>24.4</ele>
      </trkpt>
      <trkpt lat="42.29348" lon="-71.10277">
        <ele>23.1</ele>
      </trkpt>
      <trkpt lat="42.293729" lon="-71.10267">
        <ele>22.5</ele>
      </trkpt>
      <trkpt lat="42.29388" lon="-71.10265">
        <ele>22.8</ele>
      </trkpt>
      <trkpt lat="42.29406" lon="-71.10271">
        <ele>23.4</ele>
      </trkpt>
      <trkpt lat="42.29422" lon="-71.1028">
        <ele>24.1</ele>
      </trkpt>
      <trkpt lat="42.2944" lon="-71.10295">
        <ele>25.3</ele>
      </trkpt>
      <trkpt lat="42.29481" lon="-71.10238">
        <ele>26.7</ele>
      </trkpt>
      <trkpt lat="42.2953" lon="-71.10157">
        <ele>23.8</ele>
      </trkpt>
      <trkpt lat="42.29571" lon="-71.10092">
        <ele>21.3</ele>
      </trkpt>
      <trkpt lat="42.29571" lon="-71.10092">
        <ele>21.3</ele>
      </trkpt>
      <trkpt lat="42.29571" lon="-71.10093">
        <ele>21.3</ele>
      </trkpt>
      <trkpt lat="42.29572" lon="-71.10091">
        <ele>21.2</ele>
      </trkpt>
      <trkpt lat="42.29603" lon="-71.10172">
        <ele>21.1</ele>
      </trkpt>
      <trkpt lat="42.29622" lon="-71.10178">
        <ele>21.1</ele>
      </trkpt>
      <trkpt lat="42.29638" lon="-71.10189">
        <ele>21.1</ele>
      </trkpt>
      <trkpt lat="42.29632" lon="-71.10227">
        <ele>21.1</ele>
      </trkpt>
      <trkpt lat="42.29631" lon="-71.10272">
        <ele>21.1</ele>
      </trkpt>
      <trkpt lat="42.29625" lon="-71.1029">
        <ele>21.4</ele>
      </trkpt>
      <trkpt lat="42.29618" lon="-71.103039">
        <ele>22.2</ele>
      </trkpt>
      <trkpt lat="42.29607" lon="-71.10315">
        <ele>23.3</ele>
      </trkpt>
      <trkpt lat="42.29574" lon="-71.10327">
        <ele>26.0</ele>
      </trkpt>
      <trkpt lat="42.2956" lon="-71.10336">
        <ele>26.9</ele>
      </trkpt>
      <trkpt lat="42.29553" lon="-71.1035">
        <ele>27.1</ele>
      </trkpt>
      <trkpt lat="42.295499" lon="-71.10363">
        <ele>27.2</ele>
      </trkpt>
      <trkpt lat="42.29552" lon="-71.10377">
        <ele>27.2</ele>
      </trkpt>
      <trkpt lat="42.29556" lon="-71.10389">
        <ele>27.0</ele>
      </trkpt>
      <trkpt lat="42.29562" lon="-71.10397">
        <ele>26.6</ele>
      </trkpt>
      <trkpt lat="42.29581" lon="-71.10403">
        <ele>25.7</ele>
      </trkpt>
      <trkpt lat="42.29593" lon="-71.10409">
        <ele>25.2</ele>
      </trkpt>
      <trkpt lat="42.29601" lon="-71.10421">
        <ele>24.9</ele>
      </trkpt>
      <trkpt lat="42.29605" lon="-71.10435">
        <ele>25.2</ele>
      </trkpt>
      <trkpt lat="42.29605" lon="-71.10454">
        <ele>25.9</ele>
      </trkpt>
      <trkpt lat="42.296" lon="-71.1048">
        <ele>26.6</ele>
      </trkpt>
      <trkpt lat="42.295879" lon="-71.10516">
        <ele>27.3</ele>
      </trkpt>
      <trkpt lat="42.29609" lon="-71.10527">
        <ele>27.8</ele>
      </trkpt>
      <trkpt lat="42.29591" lon="-71.106039">
        <ele>29.4</ele>
      </trkpt>
      <trkpt lat="42.29586" lon="-71.10618">
        <ele>29.4</ele>
      </trkpt>
      <trkpt lat="42.29574" lon="-71.10636">
        <ele>29.3</ele>
      </trkpt>
      <trkpt lat="42.29573" lon="-71.10639">
        <ele>29.3</ele>
      </trkpt>
      <trkpt lat="42.29573" lon="-71.10639">
        <ele>29.3</ele>
      </trkpt>
      <trkpt lat="42.29564" lon="-71.10666">
        <ele>29.2</ele>
      </trkpt>
      <trkpt lat="42.29551" lon="-71.10733">
        <ele>29.4</ele>
      </trkpt>
      <trkpt lat="42.29543" lon="-71.1076">
        <ele>29.5</ele>
      </trkpt>
      <trkpt lat="42.29528" lon="-71.1079">
        <ele>29.2</ele>
      </trkpt>
      <trkpt lat="42.295319" lon="-71.10813">
        <ele>29.2</ele>
      </trkpt>
      <trkpt lat="42.29543" lon="-71.10857">
        <ele>31.3</ele>
      </trkpt>
      <trkpt lat="42.29543" lon="-71.10858">
        <ele>31.3</ele>
      </trkpt>
      <trkpt lat="42.29543" lon="-71.10857">
        <ele>31.3</ele>
      </trkpt>
      <trkpt lat="42.29543" lon="-71.10858">
        <ele>31.3</ele>
      </trkpt>
      <trkpt lat="42.29556" lon="-71.109">
        <ele>32.4</ele>
      </trkpt>
      <trkpt lat="42.29568" lon="-71.10906">
        <ele>33.9</ele>
      </trkpt>
      <trkpt lat="42.29604" lon="-71.10914">
        <ele>34.8</ele>
      </trkpt>
      <trkpt lat="42.29634" lon="-71.10928">
        <ele>33.8</ele>
      </trkpt>
      <trkpt lat="42.2962" lon="-71.10891">
        <ele>35.2</ele>
      </trkpt>
      <trkpt lat="42.29663" lon="-71.109129">
        <ele>34.6</ele>
      </trkpt>
      <trkpt lat="42.29672" lon="-71.10912">
        <ele>34.6</ele>
      </trkpt>
      <trkpt lat="42.29684" lon="-71.10908">
        <ele>35.4</ele>
      </trkpt>
      <trkpt lat="42.29718" lon="-71.10881">
        <ele>35.6</ele>
      </trkpt>
      <trkpt lat="42.29731" lon="-71.10867">
        <ele>35.6</ele>
      </trkpt>
      <trkpt lat="42.29745" lon="-71.10854">
        <ele>37.4</ele>
      </trkpt>
      <trkpt lat="42.29761" lon="-71.1085">
        <ele>36.5</ele>
      </trkpt>
      <trkpt lat="42.2978" lon="-71.10831">
        <ele>33.5</ele>
      </trkpt>
      <trkpt lat="42.298139" lon="-71.10787">
        <ele>30.0</ele>
      </trkpt>
      <trkpt lat="42.29827" lon="-71.10782">
        <ele>29.3</ele>
      </trkpt>
      <trkpt lat="42.29831" lon="-71.10775">
        <ele>29.0</ele>
      </trkpt>
      <trkpt lat="42.29834" lon="-71.10762">
        <ele>28.3</ele>
      </trkpt>
      <trkpt lat="42.29837" lon="-71.10737">
        <ele>27.1</ele>
      </trkpt>
      <trkpt lat="42.29854" lon="-71.10735">
        <ele>27.5</ele>
      </trkpt>
      <trkpt lat="42.29854" lon="-71.10735">
        <ele>27.5</ele>
      </trkpt>
      <trkpt lat="42.2986" lon="-71.10735">
        <ele>27.7</ele>
      </trkpt>
      <trkpt lat="42.29872" lon="-71.107429">
        <ele>28.8</ele>
      </trkpt>
      <trkpt lat="42.29884" lon="-71.10796">
        <ele>32.4</ele>
      </trkpt>
      <trkpt lat="42.29892" lon="-71.108099">
        <ele>32.5</ele>
      </trkpt>
      <trkpt lat="42.299" lon="-71.10817">
        <ele>32.4</ele>
      </trkpt>
      <trkpt lat="42.29909" lon="-71.10821">
        <ele>32.4</ele>
      </trkpt>
      <trkpt lat="42.29918" lon="-71.10821">
        <ele>31.8</ele>
      </trkpt>
      <trkpt lat="42.29925" lon="-71.10816">
        <ele>30.8</ele>
      </trkpt>
      <trkpt lat="42.29938" lon="-71.10798">
        <ele>28.1</ele>
      </trkpt>
      <trkpt lat="42.29948" lon="-71.10779">
        <ele>25.7</ele>
      </trkpt>
      <trkpt lat="42.29952" lon="-71.10767">
        <ele>24.7</ele>
      </trkpt>
      <trkpt lat="42.29954" lon="-71.107519">
        <ele>23.2</ele>
      </trkpt>
      <trkpt lat="42.29955" lon="-71.10708">
        <ele>19.9</ele>
      </trkpt>
      <trkpt lat="42.29962" lon="-71.10702">
        <ele>18.9</ele>
      </trkpt>
      <trkpt lat="42.30021" lon="-71.106979">
        <ele>15.2</ele>
      </trkpt>
      <trkpt lat="42.30023" lon="-71.10795">
        <ele>15.3</ele>
      </trkpt>
      <trkpt lat="42.30021" lon="-71.10814">
        <ele>15.4</ele>
      </trkpt>
      <trkpt lat="42.30016" lon="-71.10907">
        <ele>16.1</ele>
      </trkpt>
      <trkpt lat="42.30017" lon="-71.10918">
        <ele>16.2</ele>
      </trkpt>
      <trkpt lat="42.300199" lon="-71.10932">
        <ele>16.1</ele>
      </trkpt>
      <trkpt lat="42.30037" lon="-71.10977">
        <ele>15.1</ele>
      </trkpt>
      <trkpt lat="42.30059" lon="-71.11024">
        <ele>13.8</ele>
      </trkpt>
      <trkpt lat="42.30086" lon="-71.11073">
        <ele>13.5</ele>
      </trkpt>
      <trkpt lat="42.30103" lon="-71.11098">
        <ele>13.1</ele>
      </trkpt>
      <trkpt lat="42.30109" lon="-71.11102">
        <ele>13.0</ele>
      </trkpt>
      <trkpt lat="42.30117" lon="-71.11103">
        <ele>13.2</ele>
      </trkpt>
      <trkpt lat="42.30125" lon="-71.11104">
        <ele>13.9</ele>
      </trkpt>
      <trkpt lat="42.30117" lon="-71.11246">
        <ele>12.7</ele>
      </trkpt>
      <trkpt lat="42.30117" lon="-71.11252">
        <ele>12.7</ele>
      </trkpt>
      <trkpt lat="42.30138" lon="-71.1123">
        <ele>12.9</ele>
      </trkpt>
      <trkpt lat="42.3015" lon="-71.11226">
        <ele>13.1</ele>
      </trkpt>
      <trkpt lat="42.30153" lon="-71.11227">
        <ele>13.1</ele>
      </trkpt>
      <trkpt lat="42.30164" lon="-71.11236">
        <ele>12.8</ele>
      </trkpt>
      <trkpt lat="42.30168" lon="-71.11244">
        <ele>12.4</ele>
      </trkpt>
      <trkpt lat="42.30173" lon="-71.11241">
        <ele>12.3</ele>
      </trkpt>
      <trkpt lat="42.30182" lon="-71.112399">
        <ele>12.2</ele>
      </trkpt>
      <trkpt lat="42.30189" lon="-71.1142">
        <ele>14.3</ele>
      </trkpt>
      <trkpt lat="42.3019" lon="-71.11434">
        <ele>16.4</ele>
      </trkpt>
      <trkpt lat="42.30187" lon="-71.11434">
        <ele>16.6</ele>
      </trkpt>
      <trkpt lat="42.30188" lon="-71.11434">
        <ele>16.5</ele>
      </trkpt>
      <trkpt lat="42.3019" lon="-71.11447">
        <ele>17.8</ele>
      </trkpt>
      <trkpt lat="42.301" lon="-71.11462">
        <ele>14.6</ele>
      </trkpt>
      <trkpt lat="42.30099" lon="-71.11511">
        <ele>17.6</ele>
      </trkpt>
      <trkpt lat="42.30097" lon="-71.11524">
        <ele>18.3</ele>
      </trkpt>
      <trkpt lat="42.30084" lon="-71.11571">
        <ele>21.6</ele>
      </trkpt>
      <trkpt lat="42.3007" lon="-71.1161">
        <ele>22.6</ele>
      </trkpt>
      <trkpt lat="42.30068" lon="-71.11614">
        <ele>22.6</ele>
      </trkpt>
      <trkpt lat="42.30068" lon="-71.11615">
        <ele>22.6</ele>
      </trkpt>
      <trkpt lat="42.30024" lon="-71.11732">
        <ele>24.1</ele>
      </trkpt>
      <trkpt lat="42.30016" lon="-71.11762">
        <ele>23.7</ele>
      </trkpt>
      <trkpt lat="42.30015" lon="-71.11767">
        <ele>23.6</ele>
      </trkpt>
      <trkpt lat="42.30015" lon="-71.117679">
        <ele>23.5</ele>
      </trkpt>
      <trkpt lat="42.30012" lon="-71.11782">
        <ele>23.4</ele>
      </trkpt>
      <trkpt lat="42.29996" lon="-71.11931">
        <ele>24.8</ele>
      </trkpt>
      <trkpt lat="42.29993" lon="-71.11941">
        <ele>24.5</ele>
      </trkpt>
      <trkpt lat="42.29993" lon="-71.11942">
        <ele>24.5</ele>
      </trkpt>
      <trkpt lat="42.2999" lon="-71.1195">
        <ele>24.2</ele>
      </trkpt>
      <trkpt lat="42.29983" lon="-71.11963">
        <ele>23.1</ele>
      </trkpt>
      <trkpt lat="42.29976" lon="-71.1197">
        <ele>21.5</ele>
      </trkpt>
      <trkpt lat="42.29963" lon="-71.11979">
        <ele>19.7</ele>
      </trkpt>
      <trkpt lat="42.29933" lon="-71.11993">
        <ele>17.5</ele>
      </trkpt>
      <trkpt lat="42.29895" lon="-71.11999">
        <ele>17.7</ele>
      </trkpt>
      <trkpt lat="42.29872" lon="-71.12007">
        <ele>14.9</ele>
      </trkpt>
      <trkpt lat="42.29853" lon="-71.12018">
        <ele>14.9</ele>
      </trkpt>
      <trkpt lat="42.29813" lon="-71.12045">
        <ele>14.9</ele>
      </trkpt>
      <trkpt lat="42.29792" lon="-71.12052">
        <ele>12.8</ele>
      </trkpt>
      <trkpt lat="42.29784" lon="-71.12053">
        <ele>12.7</ele>
      </trkpt>
      <trkpt lat="42.29781" lon="-71.12053">
        <ele>12.7</ele>
      </trkpt>
      <trkpt lat="42.29781" lon="-71.12053">
        <ele>12.7</ele>
      </trkpt>
      <trkpt lat="42.29762" lon="-71.1205">
        <ele>12.7</ele>
      </trkpt>
      <trkpt lat="42.29702" lon="-71.12033">
        <ele>12.7</ele>
      </trkpt>
      <trkpt lat="42.29684" lon="-71.1203">
        <ele>12.7</ele>
      </trkpt>
      <trkpt lat="42.29646" lon="-71.12035">
        <ele>12.7</ele>
      </trkpt>
      <trkpt lat="42.29632" lon="-71.12043">
        <ele>12.7</ele>
      </trkpt>
      <trkpt lat="42.29619" lon="-71.12058">
        <ele>12.7</ele>
      </trkpt>
      <trkpt lat="42.29606" lon="-71.12078">
        <ele>12.9</ele>
      </trkpt>
      <trkpt lat="42.29583" lon="-71.121219">
        <ele>12.8</ele>
      </trkpt>
      <trkpt lat="42.29564" lon="-71.12167">
        <ele>13.0</ele>
      </trkpt>
      <trkpt lat="42.29556" lon="-71.12197">
        <ele>13.3</ele>
      </trkpt>
      <trkpt lat="42.29555" lon="-71.12201">
        <ele>13.3</ele>
      </trkpt>
      <trkpt lat="42.29542" lon="-71.12249">
        <ele>14.0</ele>
      </trkpt>
      <trkpt lat="42.295319" lon="-71.12269">
        <ele>14.9</ele>
      </trkpt>
      <trkpt lat="42.29508" lon="-71.12305">
        <ele>17.5</ele>
      </trkpt>
      <trkpt lat="42.29497" lon="-71.12326">
        <ele>18.6</ele>
      </trkpt>
      <trkpt lat="42.29475" lon="-71.1241">
        <ele>21.1</ele>
      </trkpt>
      <trkpt lat="42.2945" lon="-71.12461">
        <ele>22.5</ele>
      </trkpt>
      <trkpt lat="42.29443" lon="-71.12479">
        <ele>23.0</ele>
      </trkpt>
      <trkpt lat="42.2944" lon="-71.12488">
        <ele>23.7</ele>
      </trkpt>
      <trkpt lat="42.29407" lon="-71.12473">
        <ele>20.8</ele>
      </trkpt>
      <trkpt lat="42.29377" lon="-71.1247">
        <ele>21.5</ele>
      </trkpt>
      <trkpt lat="42.293439" lon="-71.12476">
        <ele>23.7</ele>
      </trkpt>
      <trkpt lat="42.29324" lon="-71.12484">
        <ele>26.1</ele>
      </trkpt>
      <trkpt lat="42.29295" lon="-71.12506">
        <ele>28.8</ele>
      </trkpt>
      <trkpt lat="42.29276" lon="-71.12525">
        <ele>29.1</ele>
      </trkpt>
      <trkpt lat="42.29249" lon="-71.12572">
        <ele>30.1</ele>
      </trkpt>
      <trkpt lat="42.2923" lon="-71.12593">
        <ele>33.0</ele>
      </trkpt>
      <trkpt lat="42.29198" lon="-71.12618">
        <ele>33.9</ele>
      </trkpt>
      <trkpt lat="42.29174" lon="-71.12632">
        <ele>36.2</ele>
      </trkpt>
      <trkpt lat="42.2916" lon="-71.12644">
        <ele>36.4</ele>
      </trkpt>
      <trkpt lat="42.29153" lon="-71.12656">
        <ele>36.7</ele>
      </trkpt>
      <trkpt lat="42.29144" lon="-71.12684">
        <ele>38.8</ele>
      </trkpt>
      <trkpt lat="42.29144" lon="-71.12684">
        <ele>38.8</ele>
      </trkpt>
      <trkpt lat="42.29143" lon="-71.12684">
        <ele>38.8</ele>
      </trkpt>
      <trkpt lat="42.291379" lon="-71.12708">
        <ele>40.5</ele>
      </trkpt>
      <trkpt lat="42.29134" lon="-71.12751">
        <ele>43.0</ele>
      </trkpt>
      <trkpt lat="42.29148" lon="-71.1276">
        <ele>44.3</ele>
      </trkpt>
      <trkpt lat="42.29155" lon="-71.127619">
        <ele>44.8</ele>
      </trkpt>
      <trkpt lat="42.29181" lon="-71.12759">
        <ele>47.0</ele>
      </trkpt>
      <trkpt lat="42.29189" lon="-71.1276">
        <ele>47.7</ele>
      </trkpt>
      <trkpt lat="42.29195" lon="-71.12766">
        <ele>48.4</ele>
      </trkpt>
      <trkpt lat="42.29201" lon="-71.12777">
        <ele>49.2</ele>
      </trkpt>
      <trkpt lat="42.29206" lon="-71.12812">
        <ele>51.7</ele>
      </trkpt>
      <trkpt lat="42.29208" lon="-71.12821">
        <ele>52.5</ele>
      </trkpt>
      <trkpt lat="42.29221" lon="-71.12843">
        <ele>54.5</ele>
      </trkpt>
      <trkpt lat="42.29231" lon="-71.128559">
        <ele>55.7</ele>
      </trkpt>
      <trkpt lat="42.29246" lon="-71.12871">
        <ele>57.3</ele>
      </trkpt>
      <trkpt lat="42.293059" lon="-71.12911">
        <ele>63.0</ele>
      </trkpt>
      <trkpt lat="42.29313" lon="-71.12917">
        <ele>63.2</ele>
      </trkpt>
      <trkpt lat="42.29314" lon="-71.12915">
        <ele>63.3</ele>
      </trkpt>
      <trkpt lat="42.29313" lon="-71.12915">
        <ele>63.2</ele>
      </trkpt>
      <trkpt lat="42.29321" lon="-71.1289">
        <ele>64.5</ele>
      </trkpt>
      <trkpt lat="42.293349" lon="-71.12878">
        <ele>65.7</ele>
      </trkpt>
      <trkpt lat="42.2934" lon="-71.12869">
        <ele>66.4</ele>
      </trkpt>
      <trkpt lat="42.29341" lon="-71.12862">
        <ele>67.0</ele>
      </trkpt>
      <trkpt lat="42.29342" lon="-71.12836">
        <ele>68.9</ele>
      </trkpt>
      <trkpt lat="42.29347" lon="-71.12819">
        <ele>69.8</ele>
      </trkpt>
      <trkpt lat="42.29354" lon="-71.1281">
        <ele>70.1</ele>
      </trkpt>
      <trkpt lat="42.29354" lon="-71.1281">
        <ele>70.1</ele>
      </trkpt>
      <trkpt lat="42.29347" lon="-71.12819">
        <ele>69.8</ele>
      </trkpt>
      <trkpt lat="42.29342" lon="-71.12836">
        <ele>68.9</ele>
      </trkpt>
      <trkpt lat="42.29341" lon="-71.12862">
        <ele>67.0</ele>
      </trkpt>
      <trkpt lat="42.2934" lon="-71.12869">
        <ele>66.4</ele>
      </trkpt>
      <trkpt lat="42.293349" lon="-71.12878">
        <ele>65.7</ele>
      </trkpt>
      <trkpt lat="42.29321" lon="-71.1289">
        <ele>64.5</ele>
      </trkpt>
      <trkpt lat="42.29313" lon="-71.12915">
        <ele>63.2</ele>
      </trkpt>
      <trkpt lat="42.29313" lon="-71.12916">
        <ele>63.2</ele>
      </trkpt>
      <trkpt lat="42.293137" lon="-71.129159">
        <ele>63.2</ele>
      </trkpt>
      <trkpt lat="42.29313" lon="-71.12916">
        <ele>63.2</ele>
      </trkpt>
      <trkpt lat="42.29313" lon="-71.12917">
        <ele>63.2</ele>
      </trkpt>
      <trkpt lat="42.29334" lon="-71.12939">
        <ele>62.4</ele>
      </trkpt>
      <trkpt lat="42.29365" lon="-71.12979">
        <ele>60.5</ele>
      </trkpt>
      <trkpt lat="42.29388" lon="-71.13001">
        <ele>58.3</ele>
      </trkpt>
      <trkpt lat="42.293999" lon="-71.13008">
        <ele>57.2</ele>
      </trkpt>
      <trkpt lat="42.294199" lon="-71.13014">
        <ele>55.7</ele>
      </trkpt>
      <trkpt lat="42.294199" lon="-71.13014">
        <ele>55.7</ele>
      </trkpt>
      <trkpt lat="42.29421" lon="-71.13014">
        <ele>55.7</ele>
      </trkpt>
      <trkpt lat="42.294199" lon="-71.13014">
        <ele>55.7</ele>
      </trkpt>
      <trkpt lat="42.29441" lon="-71.13012">
        <ele>54.0</ele>
      </trkpt>
      <trkpt lat="42.29461" lon="-71.13003">
        <ele>52.6</ele>
      </trkpt>
      <trkpt lat="42.29477" lon="-71.12991">
        <ele>51.4</ele>
      </trkpt>
      <trkpt lat="42.29486" lon="-71.12981">
        <ele>50.2</ele>
      </trkpt>
      <trkpt lat="42.29498" lon="-71.12961">
        <ele>49.1</ele>
      </trkpt>
      <trkpt lat="42.29505" lon="-71.12934">
        <ele>48.3</ele>
      </trkpt>
      <trkpt lat="42.29508" lon="-71.12909">
        <ele>46.8</ele>
      </trkpt>
      <trkpt lat="42.29509" lon="-71.12868">
        <ele>45.3</ele>
      </trkpt>
      <trkpt lat="42.29512" lon="-71.128469">
        <ele>43.3</ele>
      </trkpt>
      <trkpt lat="42.29518" lon="-71.12833">
        <ele>41.7</ele>
      </trkpt>
      <trkpt lat="42.29518" lon="-71.12833">
        <ele>41.7</ele>
      </trkpt>
      <trkpt lat="42.29518" lon="-71.12834">
        <ele>41.7</ele>
      </trkpt>
      <trkpt lat="42.29535" lon="-71.12812">
        <ele>40.3</ele>
      </trkpt>
      <trkpt lat="42.29559" lon="-71.12842">
        <ele>39.4</ele>
      </trkpt>
      <trkpt lat="42.29568" lon="-71.12849">
        <ele>38.6</ele>
      </trkpt>
      <trkpt lat="42.29587" lon="-71.12858">
        <ele>36.2</ele>
      </trkpt>
      <trkpt lat="42.29601" lon="-71.128559">
        <ele>35.3</ele>
      </trkpt>
      <trkpt lat="42.29619" lon="-71.12845">
        <ele>34.5</ele>
      </trkpt>
      <trkpt lat="42.29636" lon="-71.12815">
        <ele>32.8</ele>
      </trkpt>
      <trkpt lat="42.2964" lon="-71.12809">
        <ele>32.1</ele>
      </trkpt>
      <trkpt lat="42.29654" lon="-71.12797">
        <ele>30.1</ele>
      </trkpt>
      <trkpt lat="42.29661" lon="-71.12785">
        <ele>29.3</ele>
      </trkpt>
      <trkpt lat="42.29667" lon="-71.12744">
        <ele>28.8</ele>
      </trkpt>
      <trkpt lat="42.2967" lon="-71.12733">
        <ele>28.7</ele>
      </trkpt>
      <trkpt lat="42.29674" lon="-71.12727">
        <ele>28.5</ele>
      </trkpt>
      <trkpt lat="42.29688" lon="-71.1271">
        <ele>28.2</ele>
      </trkpt>
      <trkpt lat="42.29721" lon="-71.12683">
        <ele>26.7</ele>
      </trkpt>
      <trkpt lat="42.29736" lon="-71.12663">
        <ele>26.0</ele>
      </trkpt>
      <trkpt lat="42.29748" lon="-71.12634">
        <ele>25.7</ele>
      </trkpt>
      <trkpt lat="42.29753" lon="-71.12611">
        <ele>25.5</ele>
      </trkpt>
      <trkpt lat="42.29755" lon="-71.12591">
        <ele>25.4</ele>
      </trkpt>
      <trkpt lat="42.29755" lon="-71.1257">
        <ele>25.3</ele>
      </trkpt>
      <trkpt lat="42.29753" lon="-71.12549">
        <ele>25.2</ele>
      </trkpt>
      <trkpt lat="42.2974" lon="-71.12467">
        <ele>25.9</ele>
      </trkpt>
      <trkpt lat="42.2974" lon="-71.1244">
        <ele>25.8</ele>
      </trkpt>
      <trkpt lat="42.29748" lon="-71.12398">
        <ele>25.8</ele>
      </trkpt>
      <trkpt lat="42.29761" lon="-71.12349">
        <ele>21.7</ele>
      </trkpt>
      <trkpt lat="42.29782" lon="-71.12288">
        <ele>19.7</ele>
      </trkpt>
      <trkpt lat="42.297849" lon="-71.12281">
        <ele>19.9</ele>
      </trkpt>
      <trkpt lat="42.29789" lon="-71.12275">
        <ele>20.2</ele>
      </trkpt>
      <trkpt lat="42.29811" lon="-71.12293">
        <ele>22.5</ele>
      </trkpt>
      <trkpt lat="42.29839" lon="-71.12327">
        <ele>23.3</ele>
      </trkpt>
      <trkpt lat="42.29871" lon="-71.12346">
        <ele>25.9</ele>
      </trkpt>
      <trkpt lat="42.29886" lon="-71.1236">
        <ele>26.3</ele>
      </trkpt>
      <trkpt lat="42.299" lon="-71.12383">
        <ele>26.7</ele>
      </trkpt>
      <trkpt lat="42.2992" lon="-71.12449">
        <ele>29.1</ele>
      </trkpt>
      <trkpt lat="42.29928" lon="-71.12466">
        <ele>30.1</ele>
      </trkpt>
      <trkpt lat="42.29951" lon="-71.125">
        <ele>31.9</ele>
      </trkpt>
      <trkpt lat="42.29954" lon="-71.12502">
        <ele>32.2</ele>
      </trkpt>
      <trkpt lat="42.29954" lon="-71.12502">
        <ele>32.2</ele>
      </trkpt>
      <trkpt lat="42.29967" lon="-71.12517">
        <ele>32.6</ele>
      </trkpt>
      <trkpt lat="42.29987" lon="-71.12533">
        <ele>33.0</ele>
      </trkpt>
      <trkpt lat="42.300109" lon="-71.12548">
        <ele>33.1</ele>
      </trkpt>
      <trkpt lat="42.30055" lon="-71.12563">
        <ele>33.7</ele>
      </trkpt>
      <trkpt lat="42.30074" lon="-71.12566">
        <ele>34.5</ele>
      </trkpt>
      <trkpt lat="42.30092" lon="-71.12566">
        <ele>34.9</ele>
      </trkpt>
      <trkpt lat="42.30128" lon="-71.12557">
        <ele>35.2</ele>
      </trkpt>
      <trkpt lat="42.30145" lon="-71.1255">
        <ele>35.3</ele>
      </trkpt>
      <trkpt lat="42.30155" lon="-71.12545">
        <ele>35.7</ele>
      </trkpt>
      <trkpt lat="42.3016" lon="-71.12537">
        <ele>36.1</ele>
      </trkpt>
      <trkpt lat="42.30181" lon="-71.12476">
        <ele>38.0</ele>
      </trkpt>
      <trkpt lat="42.30183" lon="-71.12468">
        <ele>38.2</ele>
      </trkpt>
      <trkpt lat="42.30128" lon="-71.12457">
        <ele>40.8</ele>
      </trkpt>
      <trkpt lat="42.300849" lon="-71.12442">
        <ele>42.0</ele>
      </trkpt>
      <trkpt lat="42.30068" lon="-71.12432">
        <ele>43.0</ele>
      </trkpt>
      <trkpt lat="42.30043" lon="-71.12411">
        <ele>44.7</ele>
      </trkpt>
      <trkpt lat="42.30025" lon="-71.12389">
        <ele>46.7</ele>
      </trkpt>
      <trkpt lat="42.29997" lon="-71.12339">
        <ele>48.9</ele>
      </trkpt>
      <trkpt lat="42.29992" lon="-71.12326">
        <ele>49.8</ele>
      </trkpt>
      <trkpt lat="42.29984" lon="-71.123009">
        <ele>50.5</ele>
      </trkpt>
      <trkpt lat="42.29979" lon="-71.12271">
        <ele>51.2</ele>
      </trkpt>
      <trkpt lat="42.2998" lon="-71.12257">
        <ele>51.5</ele>
      </trkpt>
      <trkpt lat="42.29986" lon="-71.12238">
        <ele>50.8</ele>
      </trkpt>
      <trkpt lat="42.29992" lon="-71.12231">
        <ele>49.9</ele>
      </trkpt>
      <trkpt lat="42.29998" lon="-71.12226">
        <ele>48.8</ele>
      </trkpt>
      <trkpt lat="42.30008" lon="-71.12224">
        <ele>48.4</ele>
      </trkpt>
      <trkpt lat="42.300199" lon="-71.12227">
        <ele>49.1</ele>
      </trkpt>
      <trkpt lat="42.30032" lon="-71.12234">
        <ele>50.1</ele>
      </trkpt>
      <trkpt lat="42.30041" lon="-71.12243">
        <ele>50.9</ele>
      </trkpt>
      <trkpt lat="42.3005" lon="-71.122559">
        <ele>51.6</ele>
      </trkpt>
      <trkpt lat="42.30054" lon="-71.12267">
        <ele>52.0</ele>
      </trkpt>
      <trkpt lat="42.30054" lon="-71.12273">
        <ele>52.3</ele>
      </trkpt>
      <trkpt lat="42.30054" lon="-71.12273">
        <ele>52.3</ele>
      </trkpt>
      <trkpt lat="42.30053" lon="-71.12261">
        <ele>51.7</ele>
      </trkpt>
      <trkpt lat="42.30041" lon="-71.12243">
        <ele>50.9</ele>
      </trkpt>
      <trkpt lat="42.30032" lon="-71.12234">
        <ele>50.1</ele>
      </trkpt>
      <trkpt lat="42.300199" lon="-71.12227">
        <ele>49.1</ele>
      </trkpt>
      <trkpt lat="42.30008" lon="-71.12224">
        <ele>48.4</ele>
      </trkpt>
      <trkpt lat="42.29998" lon="-71.12226">
        <ele>48.8</ele>
      </trkpt>
      <trkpt lat="42.29992" lon="-71.12231">
        <ele>49.9</ele>
      </trkpt>
      <trkpt lat="42.29986" lon="-71.12238">
        <ele>50.8</ele>
      </trkpt>
      <trkpt lat="42.2998" lon="-71.12257">
        <ele>51.5</ele>
      </trkpt>
      <trkpt lat="42.29979" lon="-71.12263">
        <ele>51.4</ele>
      </trkpt>
      <trkpt lat="42.29984" lon="-71.123009">
        <ele>50.5</ele>
      </trkpt>
      <trkpt lat="42.29997" lon="-71.12339">
        <ele>48.9</ele>
      </trkpt>
      <trkpt lat="42.30025" lon="-71.12389">
        <ele>46.7</ele>
      </trkpt>
      <trkpt lat="42.30043" lon="-71.12411">
        <ele>44.7</ele>
      </trkpt>
      <trkpt lat="42.30068" lon="-71.12432">
        <ele>43.0</ele>
      </trkpt>
      <trkpt lat="42.300849" lon="-71.12442">
        <ele>42.0</ele>
      </trkpt>
      <trkpt lat="42.30128" lon="-71.12457">
        <ele>40.8</ele>
      </trkpt>
      <trkpt lat="42.30183" lon="-71.12468">
        <ele>38.2</ele>
      </trkpt>
      <trkpt lat="42.30212" lon="-71.12447">
        <ele>36.4</ele>
      </trkpt>
      <trkpt lat="42.30224" lon="-71.12431">
        <ele>35.4</ele>
      </trkpt>
      <trkpt lat="42.30224" lon="-71.12431">
        <ele>35.4</ele>
      </trkpt>
      <trkpt lat="42.302245" lon="-71.124308">
        <ele>35.4</ele>
      </trkpt>
      <trkpt lat="42.30224" lon="-71.12431">
        <ele>35.4</ele>
      </trkpt>
      <trkpt lat="42.3023" lon="-71.124219">
        <ele>34.7</ele>
      </trkpt>
      <trkpt lat="42.30241" lon="-71.12391">
        <ele>32.9</ele>
      </trkpt>
      <trkpt lat="42.30247" lon="-71.12355">
        <ele>31.3</ele>
      </trkpt>
      <trkpt lat="42.3025" lon="-71.123189">
        <ele>30.0</ele>
      </trkpt>
      <trkpt lat="42.30248" lon="-71.12285">
        <ele>27.8</ele>
      </trkpt>
      <trkpt lat="42.30248" lon="-71.122829">
        <ele>27.7</ele>
      </trkpt>
      <trkpt lat="42.30248" lon="-71.122829">
        <ele>27.7</ele>
      </trkpt>
      <trkpt lat="42.30238" lon="-71.12231">
        <ele>25.2</ele>
      </trkpt>
      <trkpt lat="42.30229" lon="-71.12203">
        <ele>25.0</ele>
      </trkpt>
      <trkpt lat="42.30186" lon="-71.12101">
        <ele>19.9</ele>
      </trkpt>
      <trkpt lat="42.301699" lon="-71.12072">
        <ele>18.9</ele>
      </trkpt>
      <trkpt lat="42.301722" lon="-71.120703">
        <ele>18.7</ele>
      </trkpt>
      <trkpt lat="42.301699" lon="-71.12072">
        <ele>18.9</ele>
      </trkpt>
      <trkpt lat="42.30121" lon="-71.11997">
        <ele>17.6</ele>
      </trkpt>
      <trkpt lat="42.30116" lon="-71.11985">
        <ele>17.6</ele>
      </trkpt>
      <trkpt lat="42.30113" lon="-71.11972">
        <ele>17.6</ele>
      </trkpt>
      <trkpt lat="42.30113" lon="-71.11959">
        <ele>17.5</ele>
      </trkpt>
      <trkpt lat="42.301139" lon="-71.11955">
        <ele>17.5</ele>
      </trkpt>
      <trkpt lat="42.301139" lon="-71.11955">
        <ele>17.5</ele>
      </trkpt>
      <trkpt lat="42.30117" lon="-71.11942">
        <ele>17.7</ele>
      </trkpt>
      <trkpt lat="42.30124" lon="-71.1193">
        <ele>17.5</ele>
      </trkpt>
      <trkpt lat="42.30137" lon="-71.119159">
        <ele>17.6</ele>
      </trkpt>
      <trkpt lat="42.3014" lon="-71.11911">
        <ele>17.6</ele>
      </trkpt>
      <trkpt lat="42.30159" lon="-71.11923">
        <ele>17.6</ele>
      </trkpt>
      <trkpt lat="42.30171" lon="-71.119339">
        <ele>17.6</ele>
      </trkpt>
      <trkpt lat="42.30182" lon="-71.11959">
        <ele>17.6</ele>
      </trkpt>
      <trkpt lat="42.30183" lon="-71.11962">
        <ele>17.6</ele>
      </trkpt>
      <trkpt lat="42.301849" lon="-71.119609">
        <ele>17.6</ele>
      </trkpt>
      <trkpt lat="42.30183" lon="-71.11962">
        <ele>17.6</ele>
      </trkpt>
      <trkpt lat="42.30202" lon="-71.12018">
        <ele>17.7</ele>
      </trkpt>
      <trkpt lat="42.302169" lon="-71.12039">
        <ele>17.7</ele>
      </trkpt>
      <trkpt lat="42.30238" lon="-71.12052">
        <ele>17.7</ele>
      </trkpt>
      <trkpt lat="42.30254" lon="-71.12057">
        <ele>17.7</ele>
      </trkpt>
      <trkpt lat="42.30294" lon="-71.12064">
        <ele>17.7</ele>
      </trkpt>
      <trkpt lat="42.303109" lon="-71.12071">
        <ele>17.7</ele>
      </trkpt>
      <trkpt lat="42.303109" lon="-71.12071">
        <ele>17.7</ele>
      </trkpt>
      <trkpt lat="42.30318" lon="-71.12074">
        <ele>17.7</ele>
      </trkpt>
      <trkpt lat="42.30337" lon="-71.12088">
        <ele>17.7</ele>
      </trkpt>
      <trkpt lat="42.30386" lon="-71.12133">
        <ele>17.7</ele>
      </trkpt>
      <trkpt lat="42.30403" lon="-71.12147">
        <ele>17.6</ele>
      </trkpt>
      <trkpt lat="42.30421" lon="-71.12158">
        <ele>17.4</ele>
      </trkpt>
      <trkpt lat="42.30451" lon="-71.1217">
        <ele>17.4</ele>
      </trkpt>
      <trkpt lat="42.304515" lon="-71.121712">
        <ele>17.4</ele>
      </trkpt>
      <trkpt lat="42.30451" lon="-71.1217">
        <ele>17.4</ele>
      </trkpt>
      <trkpt lat="42.30482" lon="-71.12177">
        <ele>17.5</ele>
      </trkpt>
      <trkpt lat="42.30513" lon="-71.12179">
        <ele>17.1</ele>
      </trkpt>
      <trkpt lat="42.30548" lon="-71.12174">
        <ele>16.9</ele>
      </trkpt>
      <trkpt lat="42.30581" lon="-71.12163">
        <ele>17.2</ele>
      </trkpt>
      <trkpt lat="42.30581" lon="-71.12163">
        <ele>17.2</ele>
      </trkpt>
      <trkpt lat="42.30596" lon="-71.12158">
        <ele>17.2</ele>
      </trkpt>
      <trkpt lat="42.30621" lon="-71.12141">
        <ele>17.3</ele>
      </trkpt>
      <trkpt lat="42.30654" lon="-71.1211">
        <ele>17.1</ele>
      </trkpt>
      <trkpt lat="42.30663" lon="-71.12099">
        <ele>17.0</ele>
      </trkpt>
      <trkpt lat="42.306626" lon="-71.120961">
        <ele>17.0</ele>
      </trkpt>
      <trkpt lat="42.30663" lon="-71.12099">
        <ele>17.0</ele>
      </trkpt>
      <trkpt lat="42.3068" lon="-71.12076">
        <ele>16.9</ele>
      </trkpt>
      <trkpt lat="42.30693" lon="-71.12053">
        <ele>16.8</ele>
      </trkpt>
      <trkpt lat="42.30713" lon="-71.12025">
        <ele>16.7</ele>
      </trkpt>
      <trkpt lat="42.30724" lon="-71.12012">
        <ele>16.7</ele>
      </trkpt>
      <trkpt lat="42.30753" lon="-71.1199">
        <ele>16.7</ele>
      </trkpt>
      <trkpt lat="42.30759" lon="-71.11985">
        <ele>16.7</ele>
      </trkpt>
      <trkpt lat="42.30759" lon="-71.11985">
        <ele>16.7</ele>
      </trkpt>
      <trkpt lat="42.30758" lon="-71.11985">
        <ele>16.7</ele>
      </trkpt>
      <trkpt lat="42.30769" lon="-71.11976">
        <ele>16.7</ele>
      </trkpt>
      <trkpt lat="42.30737" lon="-71.11962">
        <ele>16.4</ele>
      </trkpt>
      <trkpt lat="42.30729" lon="-71.11959">
        <ele>16.3</ele>
      </trkpt>
      <trkpt lat="42.30731" lon="-71.11946">
        <ele>16.2</ele>
      </trkpt>
      <trkpt lat="42.3076" lon="-71.11959">
        <ele>16.5</ele>
      </trkpt>
      <trkpt lat="42.30803" lon="-71.11985">
        <ele>17.0</ele>
      </trkpt>
      <trkpt lat="42.30858" lon="-71.1203">
        <ele>17.7</ele>
      </trkpt>
      <trkpt lat="42.30881" lon="-71.12053">
        <ele>18.2</ele>
      </trkpt>
      <trkpt lat="42.309" lon="-71.12073">
        <ele>18.8</ele>
      </trkpt>
      <trkpt lat="42.309399" lon="-71.12124">
        <ele>19.8</ele>
      </trkpt>
      <trkpt lat="42.30965" lon="-71.1215">
        <ele>20.3</ele>
      </trkpt>
      <trkpt lat="42.30975" lon="-71.12158">
        <ele>20.5</ele>
      </trkpt>
      <trkpt lat="42.30979" lon="-71.121619">
        <ele>20.5</ele>
      </trkpt>
      <trkpt lat="42.31029" lon="-71.12187">
        <ele>20.7</ele>
      </trkpt>
      <trkpt lat="42.3107" lon="-71.12202">
        <ele>20.8</ele>
      </trkpt>
      <trkpt lat="42.31118" lon="-71.122159">
        <ele>20.8</ele>
      </trkpt>
      <trkpt lat="42.31118" lon="-71.122159">
        <ele>20.8</ele>
      </trkpt>
      <trkpt lat="42.31188" lon="-71.12226">
        <ele>22.1</ele>
      </trkpt>
      <trkpt lat="42.3122" lon="-71.12226">
        <ele>22.6</ele>
      </trkpt>
      <trkpt lat="42.31259" lon="-71.12218">
        <ele>23.0</ele>
      </trkpt>
      <trkpt lat="42.31276" lon="-71.12209">
        <ele>23.3</ele>
      </trkpt>
      <trkpt lat="42.31277" lon="-71.12208">
        <ele>23.3</ele>
      </trkpt>
      <trkpt lat="42.312782" lon="-71.122098">
        <ele>23.3</ele>
      </trkpt>
      <trkpt lat="42.31277" lon="-71.12208">
        <ele>23.3</ele>
      </trkpt>
      <trkpt lat="42.31281" lon="-71.12206">
        <ele>23.3</ele>
      </trkpt>
      <trkpt lat="42.31288" lon="-71.121979">
        <ele>23.5</ele>
      </trkpt>
      <trkpt lat="42.31298" lon="-71.12184">
        <ele>23.6</ele>
      </trkpt>
      <trkpt lat="42.31338" lon="-71.12116">
        <ele>23.0</ele>
      </trkpt>
      <trkpt lat="42.31347" lon="-71.1211">
        <ele>22.8</ele>
      </trkpt>
      <trkpt lat="42.31361" lon="-71.12108">
        <ele>22.6</ele>
      </trkpt>
      <trkpt lat="42.31374" lon="-71.12114">
        <ele>22.4</ele>
      </trkpt>
      <trkpt lat="42.313809" lon="-71.12119">
        <ele>22.3</ele>
      </trkpt>
      <trkpt lat="42.31383" lon="-71.12112">
        <ele>22.2</ele>
      </trkpt>
      <trkpt lat="42.31383" lon="-71.12112">
        <ele>22.2</ele>
      </trkpt>
      <trkpt lat="42.31383" lon="-71.121129">
        <ele>22.2</ele>
      </trkpt>
      <trkpt lat="42.31385" lon="-71.12097">
        <ele>21.9</ele>
      </trkpt>
      <trkpt lat="42.31384" lon="-71.12081">
        <ele>21.7</ele>
      </trkpt>
      <trkpt lat="42.31386" lon="-71.12072">
        <ele>21.6</ele>
      </trkpt>
      <trkpt lat="42.31386" lon="-71.12072">
        <ele>21.6</ele>
      </trkpt>
      <trkpt lat="42.313899" lon="-71.12034">
        <ele>21.3</ele>
      </trkpt>
      <trkpt lat="42.31391" lon="-71.12024">
        <ele>21.3</ele>
      </trkpt>
      <trkpt lat="42.31391" lon="-71.12023">
        <ele>21.3</ele>
      </trkpt>
      <trkpt lat="42.31392" lon="-71.11985">
        <ele>21.5</ele>
      </trkpt>
      <trkpt lat="42.31394" lon="-71.11975">
        <ele>21.6</ele>
      </trkpt>
      <trkpt lat="42.314" lon="-71.1195">
        <ele>21.7</ele>
      </trkpt>
      <trkpt lat="42.31407" lon="-71.11942">
        <ele>21.5</ele>
      </trkpt>
      <trkpt lat="42.31406" lon="-71.119394">
        <ele>21.6</ele>
      </trkpt>
      <trkpt lat="42.31407" lon="-71.11942">
        <ele>21.5</ele>
      </trkpt>
      <trkpt lat="42.3147" lon="-71.11863">
        <ele>21.2</ele>
      </trkpt>
      <trkpt lat="42.31508" lon="-71.118129">
        <ele>21.2</ele>
      </trkpt>
      <trkpt lat="42.31548" lon="-71.11736">
        <ele>21.2</ele>
      </trkpt>
      <trkpt lat="42.31563" lon="-71.11718">
        <ele>21.2</ele>
      </trkpt>
      <trkpt lat="42.31614" lon="-71.11694">
        <ele>21.2</ele>
      </trkpt>
      <trkpt lat="42.31689" lon="-71.11691">
        <ele>23.1</ele>
      </trkpt>
      <trkpt lat="42.316899" lon="-71.11691">
        <ele>23.2</ele>
      </trkpt>
      <trkpt lat="42.31689" lon="-71.11691">
        <ele>23.1</ele>
      </trkpt>
      <trkpt lat="42.31761" lon="-71.11688">
        <ele>24.2</ele>
      </trkpt>
      <trkpt lat="42.31826" lon="-71.1167">
        <ele>24.3</ele>
      </trkpt>
      <trkpt lat="42.31844" lon="-71.11663">
        <ele>24.2</ele>
      </trkpt>
      <trkpt lat="42.31866" lon="-71.11668">
        <ele>24.2</ele>
      </trkpt>
      <trkpt lat="42.31922" lon="-71.11715">
        <ele>24.9</ele>
      </trkpt>
      <trkpt lat="42.31945" lon="-71.117279">
        <ele>25.2</ele>
      </trkpt>
      <trkpt lat="42.31958" lon="-71.11732">
        <ele>25.4</ele>
      </trkpt>
      <trkpt lat="42.31977" lon="-71.11733">
        <ele>25.6</ele>
      </trkpt>
      <trkpt lat="42.32" lon="-71.11726">
        <ele>26.0</ele>
      </trkpt>
      <trkpt lat="42.32026" lon="-71.11707">
        <ele>26.2</ele>
      </trkpt>
      <trkpt lat="42.32055" lon="-71.1169">
        <ele>26.3</ele>
      </trkpt>
      <trkpt lat="42.32085" lon="-71.11676">
        <ele>26.0</ele>
      </trkpt>
      <trkpt lat="42.32103" lon="-71.1168">
        <ele>25.4</ele>
      </trkpt>
      <trkpt lat="42.321129" lon="-71.1168">
        <ele>25.1</ele>
      </trkpt>
      <trkpt lat="42.3212" lon="-71.11682">
        <ele>24.8</ele>
      </trkpt>
      <trkpt lat="42.3215" lon="-71.11691">
        <ele>23.1</ele>
      </trkpt>
      <trkpt lat="42.322" lon="-71.117009">
        <ele>20.6</ele>
      </trkpt>
      <trkpt lat="42.32239" lon="-71.117009">
        <ele>19.6</ele>
      </trkpt>
      <trkpt lat="42.32258" lon="-71.11695">
        <ele>19.5</ele>
      </trkpt>
      <trkpt lat="42.32279" lon="-71.11679">
        <ele>17.7</ele>
      </trkpt>
      <trkpt lat="42.322809" lon="-71.11676">
        <ele>17.5</ele>
      </trkpt>
      <trkpt lat="42.322809" lon="-71.11676">
        <ele>17.5</ele>
      </trkpt>
      <trkpt lat="42.3228" lon="-71.11676">
        <ele>17.5</ele>
      </trkpt>
      <trkpt lat="42.32293" lon="-71.11661">
        <ele>16.7</ele>
      </trkpt>
      <trkpt lat="42.32333" lon="-71.11553">
        <ele>12.0</ele>
      </trkpt>
      <trkpt lat="42.32353" lon="-71.11525">
        <ele>11.0</ele>
      </trkpt>
      <trkpt lat="42.32443" lon="-71.11481">
        <ele>9.3</ele>
      </trkpt>
      <trkpt lat="42.324509" lon="-71.11475">
        <ele>9.2</ele>
      </trkpt>
      <trkpt lat="42.3248" lon="-71.11448">
        <ele>9.3</ele>
      </trkpt>
      <trkpt lat="42.32495" lon="-71.11423">
        <ele>9.3</ele>
      </trkpt>
      <trkpt lat="42.32511" lon="-71.11388">
        <ele>9.3</ele>
      </trkpt>
      <trkpt lat="42.32535" lon="-71.11353">
        <ele>12.2</ele>
      </trkpt>
      <trkpt lat="42.32552" lon="-71.11344">
        <ele>12.6</ele>
      </trkpt>
      <trkpt lat="42.32614" lon="-71.11333">
        <ele>12.3</ele>
      </trkpt>
      <trkpt lat="42.32712" lon="-71.11283">
        <ele>13.2</ele>
      </trkpt>
      <trkpt lat="42.32735" lon="-71.11265">
        <ele>13.4</ele>
      </trkpt>
      <trkpt lat="42.32752" lon="-71.112489">
        <ele>13.4</ele>
      </trkpt>
      <trkpt lat="42.32752" lon="-71.112489">
        <ele>13.4</ele>
      </trkpt>
      <trkpt lat="42.327509" lon="-71.112489">
        <ele>13.4</ele>
      </trkpt>
      <trkpt lat="42.32756" lon="-71.11245">
        <ele>13.4</ele>
      </trkpt>
      <trkpt lat="42.32793" lon="-71.11223">
        <ele>11.9</ele>
      </trkpt>
      <trkpt lat="42.32827" lon="-71.112129">
        <ele>10.4</ele>
      </trkpt>
      <trkpt lat="42.3288" lon="-71.11208">
        <ele>7.9</ele>
      </trkpt>
      <trkpt lat="42.32917" lon="-71.11216">
        <ele>5.5</ele>
      </trkpt>
      <trkpt lat="42.32943" lon="-71.11225">
        <ele>4.9</ele>
      </trkpt>
      <trkpt lat="42.330329" lon="-71.113">
        <ele>4.9</ele>
      </trkpt>
      <trkpt lat="42.33045" lon="-71.11312">
        <ele>4.9</ele>
      </trkpt>
      <trkpt lat="42.33071" lon="-71.113429">
        <ele>6.1</ele>
      </trkpt>
      <trkpt lat="42.33083" lon="-71.11352">
        <ele>6.2</ele>
      </trkpt>
      <trkpt lat="42.33112" lon="-71.11364">
        <ele>5.9</ele>
      </trkpt>
      <trkpt lat="42.33113" lon="-71.11364">
        <ele>5.8</ele>
      </trkpt>
      <trkpt lat="42.33113" lon="-71.11364">
        <ele>5.8</ele>
      </trkpt>
      <trkpt lat="42.33112" lon="-71.11364">
        <ele>5.9</ele>
      </trkpt>
      <trkpt lat="42.33124" lon="-71.11359">
        <ele>5.6</ele>
      </trkpt>
      <trkpt lat="42.33148" lon="-71.1137">
        <ele>5.0</ele>
      </trkpt>
      <trkpt lat="42.33155" lon="-71.11375">
        <ele>4.9</ele>
      </trkpt>
      <trkpt lat="42.33164" lon="-71.11399">
        <ele>4.9</ele>
      </trkpt>
      <trkpt lat="42.33165" lon="-71.11415">
        <ele>4.9</ele>
      </trkpt>
      <trkpt lat="42.33165" lon="-71.11415">
        <ele>4.9</ele>
      </trkpt>
      <trkpt lat="42.33167" lon="-71.11462">
        <ele>4.9</ele>
      </trkpt>
      <trkpt lat="42.33174" lon="-71.11461">
        <ele>4.9</ele>
      </trkpt>
      <trkpt lat="42.33186" lon="-71.11458">
        <ele>4.9</ele>
      </trkpt>
      <trkpt lat="42.33187" lon="-71.11458">
        <ele>4.9</ele>
      </trkpt>
      <trkpt lat="42.33188" lon="-71.114572">
        <ele>4.9</ele>
      </trkpt>
      <trkpt lat="42.33195" lon="-71.11455">
        <ele>4.9</ele>
      </trkpt>
      <trkpt lat="42.33231" lon="-71.11427">
        <ele>4.9</ele>
      </trkpt>
      <trkpt lat="42.33249" lon="-71.11408">
        <ele>4.9</ele>
      </trkpt>
      <trkpt lat="42.33249" lon="-71.11407">
        <ele>4.9</ele>
      </trkpt>
      <trkpt lat="42.332479" lon="-71.11407">
        <ele>4.9</ele>
      </trkpt>
      <trkpt lat="42.333655" lon="-71.112837">
        <ele>4.9</ele>
      </trkpt>
      <trkpt lat="42.33365" lon="-71.11285">
        <ele>4.9</ele>
      </trkpt>
      <trkpt lat="42.3337" lon="-71.11279">
        <ele>4.9</ele>
      </trkpt>
      <trkpt lat="42.33359" lon="-71.11276">
        <ele>4.9</ele>
      </trkpt>
      <trkpt lat="42.33336" lon="-71.11274">
        <ele>4.9</ele>
      </trkpt>
      <trkpt lat="42.33326" lon="-71.11275">
        <ele>4.9</ele>
      </trkpt>
      <trkpt lat="42.33325" lon="-71.11269">
        <ele>4.9</ele>
      </trkpt>
      <trkpt lat="42.333329" lon="-71.11266">
        <ele>4.9</ele>
      </trkpt>
      <trkpt lat="42.33339" lon="-71.11258">
        <ele>4.9</ele>
      </trkpt>
      <trkpt lat="42.33359" lon="-71.11255">
        <ele>4.9</ele>
      </trkpt>
      <trkpt lat="42.33375" lon="-71.11246">
        <ele>4.9</ele>
      </trkpt>
      <trkpt lat="42.33383" lon="-71.11239">
        <ele>4.9</ele>
      </trkpt>
      <trkpt lat="42.33383" lon="-71.11239">
        <ele>4.9</ele>
      </trkpt>
      <trkpt lat="42.33382" lon="-71.11239">
        <ele>4.9</ele>
      </trkpt>
      <trkpt lat="42.33452" lon="-71.11172">
        <ele>4.9</ele>
      </trkpt>
      <trkpt lat="42.3351" lon="-71.11108">
        <ele>4.9</ele>
      </trkpt>
      <trkpt lat="42.33537" lon="-71.11081">
        <ele>4.9</ele>
      </trkpt>
      <trkpt lat="42.33537" lon="-71.11081">
        <ele>4.9</ele>
      </trkpt>
      <trkpt lat="42.33589" lon="-71.11026">
        <ele>4.9</ele>
      </trkpt>
      <trkpt lat="42.33607" lon="-71.11011">
        <ele>4.9</ele>
      </trkpt>
      <trkpt lat="42.33628" lon="-71.11023">
        <ele>4.9</ele>
      </trkpt>
      <trkpt lat="42.33643" lon="-71.11046">
        <ele>4.9</ele>
      </trkpt>
      <trkpt lat="42.3366" lon="-71.11067">
        <ele>4.9</ele>
      </trkpt>
      <trkpt lat="42.33669" lon="-71.11075">
        <ele>4.9</ele>
      </trkpt>
      <trkpt lat="42.33669" lon="-71.11075">
        <ele>4.9</ele>
      </trkpt>
      <trkpt lat="42.33717" lon="-71.11102">
        <ele>5.5</ele>
      </trkpt>
      <trkpt lat="42.33734" lon="-71.11109">
        <ele>5.6</ele>
      </trkpt>
      <trkpt lat="42.33754" lon="-71.11114">
        <ele>5.8</ele>
      </trkpt>
      <trkpt lat="42.33766" lon="-71.11115">
        <ele>5.8</ele>
      </trkpt>
      <trkpt lat="42.33779" lon="-71.11113">
        <ele>5.8</ele>
      </trkpt>
      <trkpt lat="42.33803" lon="-71.111009">
        <ele>5.7</ele>
      </trkpt>
      <trkpt lat="42.33803" lon="-71.111009">
        <ele>5.7</ele>
      </trkpt>
      <trkpt lat="42.33803" lon="-71.11102">
        <ele>5.7</ele>
      </trkpt>
      <trkpt lat="42.33846" lon="-71.11082">
        <ele>6.0</ele>
      </trkpt>
      <trkpt lat="42.33935" lon="-71.1107">
        <ele>5.6</ele>
      </trkpt>
      <trkpt lat="42.33986" lon="-71.11057">
        <ele>6.0</ele>
      </trkpt>
      <trkpt lat="42.34025" lon="-71.11051">
        <ele>5.7</ele>
      </trkpt>
      <trkpt lat="42.3405" lon="-71.11041">
        <ele>5.2</ele>
      </trkpt>
      <trkpt lat="42.34063" lon="-71.11029">
        <ele>4.9</ele>
      </trkpt>
      <trkpt lat="42.34082" lon="-71.110069">
        <ele>4.9</ele>
      </trkpt>
      <trkpt lat="42.34081" lon="-71.110069">
        <ele>5.0</ele>
      </trkpt>
      <trkpt lat="42.34094" lon="-71.10992">
        <ele>4.9</ele>
      </trkpt>
      <trkpt lat="42.34111" lon="-71.10966">
        <ele>4.9</ele>
      </trkpt>
      <trkpt lat="42.34125" lon="-71.10938">
        <ele>5.1</ele>
      </trkpt>
      <trkpt lat="42.34146" lon="-71.10883">
        <ele>5.3</ele>
      </trkpt>
      <trkpt lat="42.34146" lon="-71.10883">
        <ele>5.3</ele>
      </trkpt>
      <trkpt lat="42.34146" lon="-71.10884">
        <ele>5.3</ele>
      </trkpt>
      <trkpt lat="42.3416" lon="-71.10849">
        <ele>4.9</ele>
      </trkpt>
      <trkpt lat="42.341679" lon="-71.10835">
        <ele>4.9</ele>
      </trkpt>
      <trkpt lat="42.341769" lon="-71.10824">
        <ele>4.9</ele>
      </trkpt>
      <trkpt lat="42.34193" lon="-71.10791">
        <ele>4.9</ele>
      </trkpt>
      <trkpt lat="42.34205" lon="-71.10729">
        <ele>4.9</ele>
      </trkpt>
      <trkpt lat="42.34212" lon="-71.10712">
        <ele>4.9</ele>
      </trkpt>
      <trkpt lat="42.34225" lon="-71.10695">
        <ele>4.9</ele>
      </trkpt>
      <trkpt lat="42.34264" lon="-71.10665">
        <ele>4.9</ele>
      </trkpt>
      <trkpt lat="42.34317" lon="-71.10606">
        <ele>4.9</ele>
      </trkpt>
      <trkpt lat="42.34328" lon="-71.1059">
        <ele>4.9</ele>
      </trkpt>
      <trkpt lat="42.34353" lon="-71.1054">
        <ele>4.9</ele>
      </trkpt>
      <trkpt lat="42.34353" lon="-71.1054">
        <ele>4.9</ele>
      </trkpt>
      <trkpt lat="42.34384" lon="-71.10489">
        <ele>4.9</ele>
      </trkpt>
      <trkpt lat="42.34424" lon="-71.1044">
        <ele>4.9</ele>
      </trkpt>
      <trkpt lat="42.34424" lon="-71.10428">
        <ele>4.9</ele>
      </trkpt>
      <trkpt lat="42.34422" lon="-71.104159">
        <ele>5.1</ele>
      </trkpt>
      <trkpt lat="42.34413" lon="-71.10419">
        <ele>4.9</ele>
      </trkpt>
      <trkpt lat="42.34414" lon="-71.10419">
        <ele>4.9</ele>
      </trkpt>
      <trkpt lat="42.34413" lon="-71.10419">
        <ele>4.9</ele>
      </trkpt>
      <trkpt lat="42.34392" lon="-71.10427">
        <ele>4.9</ele>
      </trkpt>
      <trkpt lat="42.34369" lon="-71.10431">
        <ele>4.9</ele>
      </trkpt>
      <trkpt lat="42.34358" lon="-71.10429">
        <ele>4.9</ele>
      </trkpt>
      <trkpt lat="42.34349" lon="-71.10423">
        <ele>4.9</ele>
      </trkpt>
      <trkpt lat="42.34317" lon="-71.10382">
        <ele>5.2</ele>
      </trkpt>
      <trkpt lat="42.34286" lon="-71.10335">
        <ele>4.8</ele>
      </trkpt>
      <trkpt lat="42.34281" lon="-71.10329">
        <ele>4.7</ele>
      </trkpt>
      <trkpt lat="42.34276" lon="-71.10324">
        <ele>4.6</ele>
      </trkpt>
      <trkpt lat="42.34258" lon="-71.10308">
        <ele>3.9</ele>
      </trkpt>
      <trkpt lat="42.342619" lon="-71.103">
        <ele>3.7</ele>
      </trkpt>
      <trkpt lat="42.34248" lon="-71.10286">
        <ele>3.0</ele>
      </trkpt>
      <trkpt lat="42.34248" lon="-71.10286">
        <ele>3.0</ele>
      </trkpt>
      <trkpt lat="42.34104" lon="-71.10141">
        <ele>2.8</ele>
      </trkpt>
      <trkpt lat="42.341" lon="-71.10135">
        <ele>2.8</ele>
      </trkpt>
      <trkpt lat="42.34072" lon="-71.10103">
        <ele>3.2</ele>
      </trkpt>
      <trkpt lat="42.34066" lon="-71.10079">
        <ele>3.2</ele>
      </trkpt>
      <trkpt lat="42.34049" lon="-71.1002">
        <ele>3.0</ele>
      </trkpt>
      <trkpt lat="42.34043" lon="-71.10015">
        <ele>2.9</ele>
      </trkpt>
      <trkpt lat="42.34037" lon="-71.10008">
        <ele>2.9</ele>
      </trkpt>
      <trkpt lat="42.34028" lon="-71.0999">
        <ele>2.7</ele>
      </trkpt>
      <trkpt lat="42.34016" lon="-71.09976">
        <ele>2.7</ele>
      </trkpt>
      <trkpt lat="42.33996" lon="-71.09945">
        <ele>2.7</ele>
      </trkpt>
      <trkpt lat="42.33986" lon="-71.09934">
        <ele>2.7</ele>
      </trkpt>
      <trkpt lat="42.33973" lon="-71.09924">
        <ele>2.7</ele>
      </trkpt>
      <trkpt lat="42.33952" lon="-71.09911">
        <ele>2.7</ele>
      </trkpt>
      <trkpt lat="42.33936" lon="-71.09896">
        <ele>2.7</ele>
      </trkpt>
      <trkpt lat="42.33931" lon="-71.09885">
        <ele>2.7</ele>
      </trkpt>
      <trkpt lat="42.33919" lon="-71.09849">
        <ele>2.7</ele>
      </trkpt>
      <trkpt lat="42.339149" lon="-71.098429">
        <ele>2.7</ele>
      </trkpt>
      <trkpt lat="42.339149" lon="-71.098429">
        <ele>2.7</ele>
      </trkpt>
      <trkpt lat="42.33897" lon="-71.09811">
        <ele>2.8</ele>
      </trkpt>
      <trkpt lat="42.33888" lon="-71.09782">
        <ele>2.8</ele>
      </trkpt>
      <trkpt lat="42.33888" lon="-71.09771">
        <ele>2.8</ele>
      </trkpt>
      <trkpt lat="42.33893" lon="-71.09752">
        <ele>2.8</ele>
      </trkpt>
      <trkpt lat="42.33894" lon="-71.097489">
        <ele>2.8</ele>
      </trkpt>
      <trkpt lat="42.338949" lon="-71.097489">
        <ele>2.8</ele>
      </trkpt>
      <trkpt lat="42.33894" lon="-71.097489">
        <ele>2.8</ele>
      </trkpt>
      <trkpt lat="42.33909" lon="-71.09727">
        <ele>2.8</ele>
      </trkpt>
      <trkpt lat="42.33937" lon="-71.09694">
        <ele>2.8</ele>
      </trkpt>
      <trkpt lat="42.33978" lon="-71.09661">
        <ele>2.8</ele>
      </trkpt>
      <trkpt lat="42.33992" lon="-71.09647">
        <ele>2.8</ele>
      </trkpt>
      <trkpt lat="42.34014" lon="-71.09619">
        <ele>2.8</ele>
      </trkpt>
      <trkpt lat="42.34031" lon="-71.09578">
        <ele>2.8</ele>
      </trkpt>
      <trkpt lat="42.3405" lon="-71.09539">
        <ele>2.7</ele>
      </trkpt>
      <trkpt lat="42.34086" lon="-71.09422">
        <ele>2.7</ele>
      </trkpt>
      <trkpt lat="42.34086" lon="-71.09423">
        <ele>2.7</ele>
      </trkpt>
      <trkpt lat="42.34089" lon="-71.09414">
        <ele>2.7</ele>
      </trkpt>
      <trkpt lat="42.341" lon="-71.09387">
        <ele>2.7</ele>
      </trkpt>
      <trkpt lat="42.34103" lon="-71.0939">
        <ele>2.7</ele>
      </trkpt>
      <trkpt lat="42.34103" lon="-71.0939">
        <ele>2.7</ele>
      </trkpt>
      <trkpt lat="42.34114" lon="-71.09406">
        <ele>2.7</ele>
      </trkpt>
      <trkpt lat="42.34119" lon="-71.09416">
        <ele>2.7</ele>
      </trkpt>
      <trkpt lat="42.341209" lon="-71.09424">
        <ele>2.7</ele>
      </trkpt>
      <trkpt lat="42.341215" lon="-71.094236">
        <ele>2.7</ele>
      </trkpt>
      <trkpt lat="42.341209" lon="-71.09424">
        <ele>2.7</ele>
      </trkpt>
      <trkpt lat="42.34134" lon="-71.094759">
        <ele>2.8</ele>
      </trkpt>
      <trkpt lat="42.34147" lon="-71.09503">
        <ele>2.8</ele>
      </trkpt>
      <trkpt lat="42.34165" lon="-71.09521">
        <ele>2.8</ele>
      </trkpt>
      <trkpt lat="42.34169" lon="-71.09524">
        <ele>2.8</ele>
      </trkpt>
      <trkpt lat="42.34169" lon="-71.09524">
        <ele>2.8</ele>
      </trkpt>
      <trkpt lat="42.34169" lon="-71.09524">
        <ele>2.8</ele>
      </trkpt>
      <trkpt lat="42.34203" lon="-71.0955">
        <ele>2.8</ele>
      </trkpt>
      <trkpt lat="42.34217" lon="-71.09518">
        <ele>2.8</ele>
      </trkpt>
      <trkpt lat="42.34225" lon="-71.09508">
        <ele>2.8</ele>
      </trkpt>
      <trkpt lat="42.34228" lon="-71.09504">
        <ele>2.8</ele>
      </trkpt>
      <trkpt lat="42.34228" lon="-71.09504">
        <ele>2.8</ele>
      </trkpt>
      <trkpt lat="42.34249" lon="-71.0948">
        <ele>2.8</ele>
      </trkpt>
      <trkpt lat="42.34265" lon="-71.09465">
        <ele>2.8</ele>
      </trkpt>
      <trkpt lat="42.34283" lon="-71.09453">
        <ele>2.8</ele>
      </trkpt>
      <trkpt lat="42.34301" lon="-71.09451">
        <ele>2.8</ele>
      </trkpt>
      <trkpt lat="42.34302" lon="-71.09451">
        <ele>2.8</ele>
      </trkpt>
      <trkpt lat="42.34313" lon="-71.0945">
        <ele>2.8</ele>
      </trkpt>
      <trkpt lat="42.34324" lon="-71.09443">
        <ele>2.8</ele>
      </trkpt>
      <trkpt lat="42.343739" lon="-71.09456">
        <ele>2.7</ele>
      </trkpt>
      <trkpt lat="42.34375" lon="-71.09455">
        <ele>2.7</ele>
      </trkpt>
      <trkpt lat="42.343756" lon="-71.094551">
        <ele>2.7</ele>
      </trkpt>
      <trkpt lat="42.34375" lon="-71.09455">
        <ele>2.7</ele>
      </trkpt>
      <trkpt lat="42.34406" lon="-71.094489">
        <ele>2.7</ele>
      </trkpt>
      <trkpt lat="42.34417" lon="-71.09399">
        <ele>2.7</ele>
      </trkpt>
      <trkpt lat="42.34415" lon="-71.093909">
        <ele>2.8</ele>
      </trkpt>
      <trkpt lat="42.34415" lon="-71.09389">
        <ele>2.8</ele>
      </trkpt>
      <trkpt lat="42.34415" lon="-71.09389">
        <ele>2.8</ele>
      </trkpt>
      <trkpt lat="42.34414" lon="-71.09365">
        <ele>2.8</ele>
      </trkpt>
      <trkpt lat="42.34419" lon="-71.09332">
        <ele>2.7</ele>
      </trkpt>
      <trkpt lat="42.34425" lon="-71.09309">
        <ele>2.7</ele>
      </trkpt>
      <trkpt lat="42.34426" lon="-71.09304">
        <ele>2.7</ele>
      </trkpt>
      <trkpt lat="42.344276" lon="-71.093039">
        <ele>2.7</ele>
      </trkpt>
      <trkpt lat="42.34426" lon="-71.09304">
        <ele>2.7</ele>
      </trkpt>
      <trkpt lat="42.34436" lon="-71.09272">
        <ele>2.7</ele>
      </trkpt>
      <trkpt lat="42.34442" lon="-71.09258">
        <ele>2.8</ele>
      </trkpt>
      <trkpt lat="42.344499" lon="-71.0925">
        <ele>2.8</ele>
      </trkpt>
      <trkpt lat="42.3446" lon="-71.09245">
        <ele>2.8</ele>
      </trkpt>
      <trkpt lat="42.34473" lon="-71.09241">
        <ele>2.7</ele>
      </trkpt>
      <trkpt lat="42.34503" lon="-71.09239">
        <ele>2.8</ele>
      </trkpt>
      <trkpt lat="42.34526" lon="-71.09239">
        <ele>2.9</ele>
      </trkpt>
      <trkpt lat="42.34526" lon="-71.09239">
        <ele>2.9</ele>
      </trkpt>
      <trkpt lat="42.34528" lon="-71.09239">
        <ele>2.9</ele>
      </trkpt>
      <trkpt lat="42.3454" lon="-71.09256">
        <ele>2.9</ele>
      </trkpt>
      <trkpt lat="42.34544" lon="-71.09266">
        <ele>2.8</ele>
      </trkpt>
      <trkpt lat="42.34548" lon="-71.09282">
        <ele>2.6</ele>
      </trkpt>
      <trkpt lat="42.34549" lon="-71.09306">
        <ele>2.6</ele>
      </trkpt>
      <trkpt lat="42.34545" lon="-71.09325">
        <ele>2.6</ele>
      </trkpt>
      <trkpt lat="42.34525" lon="-71.09385">
        <ele>2.7</ele>
      </trkpt>
      <trkpt lat="42.3453" lon="-71.09405">
        <ele>2.7</ele>
      </trkpt>
      <trkpt lat="42.34557" lon="-71.093729">
        <ele>2.7</ele>
      </trkpt>
      <trkpt lat="42.34596" lon="-71.09332">
        <ele>3.0</ele>
      </trkpt>
      <trkpt lat="42.34639" lon="-71.092789">
        <ele>4.2</ele>
      </trkpt>
      <trkpt lat="42.3464" lon="-71.09278">
        <ele>4.2</ele>
      </trkpt>
      <trkpt lat="42.346409" lon="-71.092781">
        <ele>4.4</ele>
      </trkpt>
      <trkpt lat="42.3464" lon="-71.09278">
        <ele>4.2</ele>
      </trkpt>
      <trkpt lat="42.34654" lon="-71.09262">
        <ele>5.2</ele>
      </trkpt>
      <trkpt lat="42.34662" lon="-71.09258">
        <ele>6.0</ele>
      </trkpt>
      <trkpt lat="42.34671" lon="-71.09256">
        <ele>6.1</ele>
      </trkpt>
      <trkpt lat="42.34672" lon="-71.09249">
        <ele>5.9</ele>
      </trkpt>
      <trkpt lat="42.34672" lon="-71.09241">
        <ele>5.7</ele>
      </trkpt>
      <trkpt lat="42.34683" lon="-71.09241">
        <ele>5.9</ele>
      </trkpt>
      <trkpt lat="42.34691" lon="-71.09245">
        <ele>6.0</ele>
      </trkpt>
      <trkpt lat="42.34698" lon="-71.09232">
        <ele>5.8</ele>
      </trkpt>
      <trkpt lat="42.34706" lon="-71.09227">
        <ele>5.7</ele>
      </trkpt>
      <trkpt lat="42.34713" lon="-71.09226">
        <ele>5.8</ele>
      </trkpt>
      <trkpt lat="42.34742" lon="-71.09227">
        <ele>5.0</ele>
      </trkpt>
      <trkpt lat="42.34767" lon="-71.09228">
        <ele>4.0</ele>
      </trkpt>
      <trkpt lat="42.34786" lon="-71.09222">
        <ele>3.2</ele>
      </trkpt>
      <trkpt lat="42.348" lon="-71.09216">
        <ele>2.8</ele>
      </trkpt>
      <trkpt lat="42.348" lon="-71.09216">
        <ele>2.8</ele>
      </trkpt>
      <trkpt lat="42.34799" lon="-71.09216">
        <ele>2.8</ele>
      </trkpt>
      <trkpt lat="42.34808" lon="-71.09212">
        <ele>2.7</ele>
      </trkpt>
      <trkpt lat="42.34841" lon="-71.09186">
        <ele>2.7</ele>
      </trkpt>
      <trkpt lat="42.34868" lon="-71.09169">
        <ele>2.9</ele>
      </trkpt>
      <trkpt lat="42.34884" lon="-71.0916">
        <ele>3.0</ele>
      </trkpt>
      <trkpt lat="42.34903" lon="-71.0916">
        <ele>3.0</ele>
      </trkpt>
      <trkpt lat="42.34919" lon="-71.0916">
        <ele>3.0</ele>
      </trkpt>
      <trkpt lat="42.34916" lon="-71.09285">
        <ele>3.1</ele>
      </trkpt>
      <trkpt lat="42.34915" lon="-71.09335">
        <ele>3.3</ele>
      </trkpt>
      <trkpt lat="42.34915" lon="-71.09335">
        <ele>3.3</ele>
      </trkpt>
      <trkpt lat="42.34915" lon="-71.09336">
        <ele>3.3</ele>
      </trkpt>
      <trkpt lat="42.34912" lon="-71.09528">
        <ele>4.2</ele>
      </trkpt>
      <trkpt lat="42.3491" lon="-71.095879">
        <ele>4.5</ele>
      </trkpt>
      <trkpt lat="42.34899" lon="-71.09634">
        <ele>4.8</ele>
      </trkpt>
      <trkpt lat="42.34895" lon="-71.096639">
        <ele>5.0</ele>
      </trkpt>
      <trkpt lat="42.34895" lon="-71.09676">
        <ele>5.0</ele>
      </trkpt>
      <trkpt lat="42.34896" lon="-71.09695">
        <ele>5.0</ele>
      </trkpt>
      <trkpt lat="42.34898" lon="-71.09718">
        <ele>5.0</ele>
      </trkpt>
      <trkpt lat="42.34913" lon="-71.0972">
        <ele>4.8</ele>
      </trkpt>
      <trkpt lat="42.34914" lon="-71.0972">
        <ele>4.8</ele>
      </trkpt>
      <trkpt lat="42.34914" lon="-71.0972">
        <ele>4.8</ele>
      </trkpt>
      <trkpt lat="42.3496" lon="-71.09742">
        <ele>4.1</ele>
      </trkpt>
      <trkpt lat="42.34964" lon="-71.09744">
        <ele>4.1</ele>
      </trkpt>
      <trkpt lat="42.349649" lon="-71.09743">
        <ele>4.1</ele>
      </trkpt>
      <trkpt lat="42.34964" lon="-71.09744">
        <ele>4.1</ele>
      </trkpt>
      <trkpt lat="42.35027" lon="-71.09775">
        <ele>3.1</ele>
      </trkpt>
      <trkpt lat="42.350409" lon="-71.09778">
        <ele>2.9</ele>
      </trkpt>
      <trkpt lat="42.35058" lon="-71.097759">
        <ele>2.3</ele>
      </trkpt>
      <trkpt lat="42.3506" lon="-71.09793">
        <ele>2.3</ele>
      </trkpt>
      <trkpt lat="42.3506" lon="-71.09793">
        <ele>2.3</ele>
      </trkpt>
      <trkpt lat="42.35076" lon="-71.10028">
        <ele>2.6</ele>
      </trkpt>
      <trkpt lat="42.35077" lon="-71.10037">
        <ele>2.6</ele>
      </trkpt>
      <trkpt lat="42.35081" lon="-71.10037">
        <ele>2.5</ele>
      </trkpt>
      <trkpt lat="42.35082" lon="-71.10045">
        <ele>2.5</ele>
      </trkpt>
      <trkpt lat="42.35082" lon="-71.10045">
        <ele>2.5</ele>
      </trkpt>
      <trkpt lat="42.35083" lon="-71.10063">
        <ele>2.5</ele>
      </trkpt>
      <trkpt lat="42.35083" lon="-71.10064">
        <ele>2.5</ele>
      </trkpt>
      <trkpt lat="42.35083" lon="-71.10065">
        <ele>2.5</ele>
      </trkpt>
      <trkpt lat="42.35084" lon="-71.10066">
        <ele>2.5</ele>
      </trkpt>
      <trkpt lat="42.35085" lon="-71.10066">
        <ele>2.5</ele>
      </trkpt>
      <trkpt lat="42.35086" lon="-71.10066">
        <ele>2.4</ele>
      </trkpt>
      <trkpt lat="42.35089" lon="-71.10066">
        <ele>2.4</ele>
      </trkpt>
      <trkpt lat="42.3509" lon="-71.10066">
        <ele>2.3</ele>
      </trkpt>
      <trkpt lat="42.35099" lon="-71.10065">
        <ele>2.0</ele>
      </trkpt>
      <trkpt lat="42.35103" lon="-71.10064">
        <ele>1.9</ele>
      </trkpt>
      <trkpt lat="42.35105" lon="-71.10064">
        <ele>1.9</ele>
      </trkpt>
      <trkpt lat="42.351059" lon="-71.10063">
        <ele>1.8</ele>
      </trkpt>
      <trkpt lat="42.35107" lon="-71.10062">
        <ele>1.8</ele>
      </trkpt>
      <trkpt lat="42.35107" lon="-71.10059">
        <ele>1.8</ele>
      </trkpt>
      <trkpt lat="42.351059" lon="-71.10048">
        <ele>1.8</ele>
      </trkpt>
      <trkpt lat="42.351059" lon="-71.10047">
        <ele>1.8</ele>
      </trkpt>
      <trkpt lat="42.35107" lon="-71.10047">
        <ele>1.8</ele>
      </trkpt>
      <trkpt lat="42.35107" lon="-71.10048">
        <ele>1.8</ele>
      </trkpt>
      <trkpt lat="42.3511" lon="-71.10077">
        <ele>1.7</ele>
      </trkpt>
      <trkpt lat="42.3511" lon="-71.10081">
        <ele>1.7</ele>
      </trkpt>
      <trkpt lat="42.35111" lon="-71.10082">
        <ele>1.7</ele>
      </trkpt>
      <trkpt lat="42.35112" lon="-71.10084">
        <ele>1.7</ele>
      </trkpt>
      <trkpt lat="42.35114" lon="-71.10085">
        <ele>1.6</ele>
      </trkpt>
      <trkpt lat="42.35118" lon="-71.10085">
        <ele>1.5</ele>
      </trkpt>
      <trkpt lat="42.35118" lon="-71.10085">
        <ele>1.5</ele>
      </trkpt>
      <trkpt lat="42.35118" lon="-71.10079">
        <ele>1.5</ele>
      </trkpt>
      <trkpt lat="42.35118" lon="-71.10079">
        <ele>1.5</ele>
      </trkpt>
      <trkpt lat="42.35103" lon="-71.09857">
        <ele>0.7</ele>
      </trkpt>
      <trkpt lat="42.35101" lon="-71.098159">
        <ele>0.6</ele>
      </trkpt>
      <trkpt lat="42.35101" lon="-71.098159">
        <ele>0.6</ele>
      </trkpt>
      <trkpt lat="42.35081" lon="-71.095249">
        <ele>1.9</ele>
      </trkpt>
      <trkpt lat="42.35083" lon="-71.09509">
        <ele>2.4</ele>
      </trkpt>
      <trkpt lat="42.35096" lon="-71.09468">
        <ele>3.1</ele>
      </trkpt>
      <trkpt lat="42.35096" lon="-71.09468">
        <ele>3.1</ele>
      </trkpt>
      <trkpt lat="42.35096" lon="-71.09469">
        <ele>3.0</ele>
      </trkpt>
      <trkpt lat="42.35103" lon="-71.09436">
        <ele>3.7</ele>
      </trkpt>
      <trkpt lat="42.35117" lon="-71.09403">
        <ele>3.0</ele>
      </trkpt>
      <trkpt lat="42.35118" lon="-71.09396">
        <ele>3.5</ele>
      </trkpt>
      <trkpt lat="42.35117" lon="-71.09384">
        <ele>3.8</ele>
      </trkpt>
      <trkpt lat="42.35118" lon="-71.09375">
        <ele>3.9</ele>
      </trkpt>
      <trkpt lat="42.35122" lon="-71.093639">
        <ele>3.7</ele>
      </trkpt>
      <trkpt lat="42.35139" lon="-71.09336">
        <ele>3.1</ele>
      </trkpt>
      <trkpt lat="42.35147" lon="-71.09317">
        <ele>2.9</ele>
      </trkpt>
      <trkpt lat="42.35177" lon="-71.09217">
        <ele>2.9</ele>
      </trkpt>
      <trkpt lat="42.35186" lon="-71.09173">
        <ele>2.8</ele>
      </trkpt>
      <trkpt lat="42.351999" lon="-71.09048">
        <ele>1.0</ele>
      </trkpt>
      <trkpt lat="42.351999" lon="-71.09048">
        <ele>1.0</ele>
      </trkpt>
      <trkpt lat="42.3521" lon="-71.08998">
        <ele>0.7</ele>
      </trkpt>
      <trkpt lat="42.35212" lon="-71.089699">
        <ele>0.7</ele>
      </trkpt>
      <trkpt lat="42.35217" lon="-71.0891">
        <ele>2.8</ele>
      </trkpt>
      <trkpt lat="42.35217" lon="-71.08909">
        <ele>2.8</ele>
      </trkpt>
      <trkpt lat="42.35225" lon="-71.08838">
        <ele>2.9</ele>
      </trkpt>
      <trkpt lat="42.35234" lon="-71.08774">
        <ele>1.5</ele>
      </trkpt>
      <trkpt lat="42.35243" lon="-71.08702">
        <ele>1.3</ele>
      </trkpt>
      <trkpt lat="42.352559" lon="-71.086519">
        <ele>1.3</ele>
      </trkpt>
      <trkpt lat="42.35266" lon="-71.08633">
        <ele>1.1</ele>
      </trkpt>
      <trkpt lat="42.35291" lon="-71.08543">
        <ele>1.1</ele>
      </trkpt>
      <trkpt lat="42.352939" lon="-71.08538">
        <ele>1.1</ele>
      </trkpt>
      <trkpt lat="42.35308" lon="-71.08525">
        <ele>0.7</ele>
      </trkpt>
      <trkpt lat="42.35314" lon="-71.08511">
        <ele>0.7</ele>
      </trkpt>
      <trkpt lat="42.35315" lon="-71.08504">
        <ele>0.8</ele>
      </trkpt>
      <trkpt lat="42.35315" lon="-71.08497">
        <ele>0.9</ele>
      </trkpt>
      <trkpt lat="42.35315" lon="-71.08497">
        <ele>0.9</ele>
      </trkpt>
      <trkpt lat="42.35315" lon="-71.08494">
        <ele>1.0</ele>
      </trkpt>
      <trkpt lat="42.35315" lon="-71.0849">
        <ele>1.1</ele>
      </trkpt>
      <trkpt lat="42.35315" lon="-71.08483">
        <ele>1.2</ele>
      </trkpt>
      <trkpt lat="42.35315" lon="-71.08476">
        <ele>1.4</ele>
      </trkpt>
      <trkpt lat="42.35315" lon="-71.08471">
        <ele>1.4</ele>
      </trkpt>
      <trkpt lat="42.35317" lon="-71.08466">
        <ele>1.5</ele>
      </trkpt>
      <trkpt lat="42.35318" lon="-71.0846">
        <ele>1.5</ele>
      </trkpt>
      <trkpt lat="42.35318" lon="-71.0846">
        <ele>1.5</ele>
      </trkpt>
      <trkpt lat="42.3533" lon="-71.08466">
        <ele>1.3</ele>
      </trkpt>
      <trkpt lat="42.353319" lon="-71.08468">
        <ele>1.2</ele>
      </trkpt>
      <trkpt lat="42.35349" lon="-71.08476">
        <ele>1.0</ele>
      </trkpt>
      <trkpt lat="42.35353" lon="-71.08477">
        <ele>0.9</ele>
      </trkpt>
      <trkpt lat="42.35358" lon="-71.08478">
        <ele>0.9</ele>
      </trkpt>
      <trkpt lat="42.35365" lon="-71.08477">
        <ele>0.8</ele>
      </trkpt>
      <trkpt lat="42.35371" lon="-71.08476">
        <ele>0.7</ele>
      </trkpt>
      <trkpt lat="42.35377" lon="-71.08472">
        <ele>0.7</ele>
      </trkpt>
      <trkpt lat="42.35383" lon="-71.08467">
        <ele>0.7</ele>
      </trkpt>
      <trkpt lat="42.35389" lon="-71.08461">
        <ele>0.6</ele>
      </trkpt>
      <trkpt lat="42.35393" lon="-71.08454">
        <ele>0.6</ele>
      </trkpt>
      <trkpt lat="42.353969" lon="-71.08447">
        <ele>0.5</ele>
      </trkpt>
      <trkpt lat="42.354" lon="-71.08438">
        <ele>0.5</ele>
      </trkpt>
      <trkpt lat="42.35403" lon="-71.08426">
        <ele>0.6</ele>
      </trkpt>
      <trkpt lat="42.35429" lon="-71.08331">
        <ele>0.6</ele>
      </trkpt>
      <trkpt lat="42.35428" lon="-71.08331">
        <ele>0.6</ele>
      </trkpt>
      <trkpt lat="42.354349" lon="-71.083029">
        <ele>0.6</ele>
      </trkpt>
      <trkpt lat="42.354349" lon="-71.083029">
        <ele>0.6</ele>
      </trkpt>
      <trkpt lat="42.354349" lon="-71.08304">
        <ele>0.6</ele>
      </trkpt>
      <trkpt lat="42.35462" lon="-71.08202">
        <ele>0.6</ele>
      </trkpt>
      <trkpt lat="42.35465" lon="-71.0818">
        <ele>0.6</ele>
      </trkpt>
      <trkpt lat="42.35465" lon="-71.08156">
        <ele>0.7</ele>
      </trkpt>
      <trkpt lat="42.35463" lon="-71.08142">
        <ele>0.8</ele>
      </trkpt>
      <trkpt lat="42.35473" lon="-71.08133">
        <ele>0.7</ele>
      </trkpt>
      <trkpt lat="42.35486" lon="-71.08111">
        <ele>0.6</ele>
      </trkpt>
      <trkpt lat="42.35493" lon="-71.08094">
        <ele>0.6</ele>
      </trkpt>
      <trkpt lat="42.35512" lon="-71.08027">
        <ele>0.5</ele>
      </trkpt>
      <trkpt lat="42.35512" lon="-71.08027">
        <ele>0.5</ele>
      </trkpt>
      <trkpt lat="42.35565" lon="-71.07838">
        <ele>0.6</ele>
      </trkpt>
      <trkpt lat="42.35571" lon="-71.07828">
        <ele>0.6</ele>
      </trkpt>
      <trkpt lat="42.3558" lon="-71.07803">
        <ele>0.6</ele>
      </trkpt>
      <trkpt lat="42.35592" lon="-71.07763">
        <ele>0.5</ele>
      </trkpt>
      <trkpt lat="42.35605" lon="-71.07711">
        <ele>0.6</ele>
      </trkpt>
      <trkpt lat="42.35606" lon="-71.07711">
        <ele>0.6</ele>
      </trkpt>
      <trkpt lat="42.35617" lon="-71.07669">
        <ele>0.6</ele>
      </trkpt>
      <trkpt lat="42.35627" lon="-71.07637">
        <ele>0.7</ele>
      </trkpt>
      <trkpt lat="42.356319" lon="-71.07622">
        <ele>0.7</ele>
      </trkpt>
      <trkpt lat="42.35635" lon="-71.07614">
        <ele>0.7</ele>
      </trkpt>
      <trkpt lat="42.35637" lon="-71.076089">
        <ele>0.7</ele>
      </trkpt>
      <trkpt lat="42.3564" lon="-71.07603">
        <ele>0.7</ele>
      </trkpt>
      <trkpt lat="42.35645" lon="-71.07595">
        <ele>0.7</ele>
      </trkpt>
      <trkpt lat="42.35651" lon="-71.07586">
        <ele>0.7</ele>
      </trkpt>
      <trkpt lat="42.35656" lon="-71.07578">
        <ele>0.7</ele>
      </trkpt>
      <trkpt lat="42.35662" lon="-71.07571">
        <ele>0.6</ele>
      </trkpt>
      <trkpt lat="42.35665" lon="-71.07568">
        <ele>0.6</ele>
      </trkpt>
      <trkpt lat="42.35668" lon="-71.07564">
        <ele>0.6</ele>
      </trkpt>
      <trkpt lat="42.35678" lon="-71.07553">
        <ele>0.5</ele>
      </trkpt>
      <trkpt lat="42.35703" lon="-71.07527">
        <ele>0.5</ele>
      </trkpt>
      <trkpt lat="42.35705" lon="-71.075239">
        <ele>0.5</ele>
      </trkpt>
      <trkpt lat="42.35707" lon="-71.0752">
        <ele>0.5</ele>
      </trkpt>
      <trkpt lat="42.35709" lon="-71.07516">
        <ele>0.5</ele>
      </trkpt>
      <trkpt lat="42.35711" lon="-71.0751">
        <ele>0.5</ele>
      </trkpt>
      <trkpt lat="42.35713" lon="-71.07502">
        <ele>0.5</ele>
      </trkpt>
      <trkpt lat="42.35715" lon="-71.07492">
        <ele>0.5</ele>
      </trkpt>
      <trkpt lat="42.35717" lon="-71.07483">
        <ele>0.5</ele>
      </trkpt>
      <trkpt lat="42.35717" lon="-71.07477">
        <ele>0.5</ele>
      </trkpt>
      <trkpt lat="42.35717" lon="-71.07469">
        <ele>0.5</ele>
      </trkpt>
      <trkpt lat="42.35716" lon="-71.07462">
        <ele>0.5</ele>
      </trkpt>
      <trkpt lat="42.35717" lon="-71.0744">
        <ele>0.5</ele>
      </trkpt>
      <trkpt lat="42.35717" lon="-71.07437">
        <ele>0.6</ele>
      </trkpt>
      <trkpt lat="42.35717" lon="-71.07438">
        <ele>0.6</ele>
      </trkpt>
      <trkpt lat="42.35718" lon="-71.07426">
        <ele>0.7</ele>
      </trkpt>
      <trkpt lat="42.35718" lon="-71.07417">
        <ele>0.9</ele>
      </trkpt>
      <trkpt lat="42.35743" lon="-71.07406">
        <ele>0.8</ele>
      </trkpt>
      <trkpt lat="42.35751" lon="-71.074">
        <ele>0.7</ele>
      </trkpt>
      <trkpt lat="42.35755" lon="-71.07393">
        <ele>0.7</ele>
      </trkpt>
      <trkpt lat="42.35759" lon="-71.07379">
        <ele>0.9</ele>
      </trkpt>
      <trkpt lat="42.3576" lon="-71.07366">
        <ele>1.3</ele>
      </trkpt>
      <trkpt lat="42.35759" lon="-71.07358">
        <ele>1.6</ele>
      </trkpt>
      <trkpt lat="42.35809" lon="-71.073359">
        <ele>1.1</ele>
      </trkpt>
      <trkpt lat="42.35869" lon="-71.07311">
        <ele>1.5</ele>
      </trkpt>
      <trkpt lat="42.35869" lon="-71.07311">
        <ele>1.5</ele>
      </trkpt>
      <trkpt lat="42.35978" lon="-71.0727">
        <ele>2.4</ele>
      </trkpt>
      <trkpt lat="42.36038" lon="-71.07261">
        <ele>2.6</ele>
      </trkpt>
      <trkpt lat="42.360439" lon="-71.07261">
        <ele>2.4</ele>
      </trkpt>
      <trkpt lat="42.3608" lon="-71.07284">
        <ele>1.3</ele>
      </trkpt>
      <trkpt lat="42.36093" lon="-71.0729">
        <ele>1.1</ele>
      </trkpt>
      <trkpt lat="42.36102" lon="-71.0729">
        <ele>1.1</ele>
      </trkpt>
      <trkpt lat="42.36114" lon="-71.0729">
        <ele>1.1</ele>
      </trkpt>
      <trkpt lat="42.36155" lon="-71.07283">
        <ele>1.1</ele>
      </trkpt>
      <trkpt lat="42.36174" lon="-71.072909">
        <ele>0.9</ele>
      </trkpt>
      <trkpt lat="42.36213" lon="-71.07298">
        <ele>0.9</ele>
      </trkpt>
      <trkpt lat="42.36222" lon="-71.07299">
        <ele>0.9</ele>
      </trkpt>
      <trkpt lat="42.36222" lon="-71.07299">
        <ele>0.9</ele>
      </trkpt>
      <trkpt lat="42.36245" lon="-71.07299">
        <ele>0.9</ele>
      </trkpt>
      <trkpt lat="42.36367" lon="-71.0728">
        <ele>1.4</ele>
      </trkpt>
      <trkpt lat="42.36367" lon="-71.0728">
        <ele>1.4</ele>
      </trkpt>
      <trkpt lat="42.36394" lon="-71.07274">
        <ele>1.6</ele>
      </trkpt>
      <trkpt lat="42.36418" lon="-71.0726">
        <ele>2.3</ele>
      </trkpt>
      <trkpt lat="42.36439" lon="-71.07238">
        <ele>2.6</ele>
      </trkpt>
      <trkpt lat="42.36448" lon="-71.07226">
        <ele>2.2</ele>
      </trkpt>
      <trkpt lat="42.36462" lon="-71.072">
        <ele>0.8</ele>
      </trkpt>
      <trkpt lat="42.36473" lon="-71.07175">
        <ele>0.6</ele>
      </trkpt>
      <trkpt lat="42.36474" lon="-71.07175">
        <ele>0.6</ele>
      </trkpt>
      <trkpt lat="42.36473" lon="-71.07175">
        <ele>0.6</ele>
      </trkpt>
      <trkpt lat="42.36477" lon="-71.07165">
        <ele>0.6</ele>
      </trkpt>
      <trkpt lat="42.36491" lon="-71.07099">
        <ele>0.5</ele>
      </trkpt>
      <trkpt lat="42.36491" lon="-71.07093">
        <ele>0.5</ele>
      </trkpt>
      <trkpt lat="42.36478" lon="-71.07044">
        <ele>0.8</ele>
      </trkpt>
      <trkpt lat="42.36542" lon="-71.07013">
        <ele>0.7</ele>
      </trkpt>
      <trkpt lat="42.36544" lon="-71.07012">
        <ele>0.7</ele>
      </trkpt>
      <trkpt lat="42.36544" lon="-71.07012">
        <ele>0.7</ele>
      </trkpt>
      <trkpt lat="42.3656" lon="-71.07002">
        <ele>1.0</ele>
      </trkpt>
      <trkpt lat="42.3658" lon="-71.06983">
        <ele>1.2</ele>
      </trkpt>
      <trkpt lat="42.3658" lon="-71.06982">
        <ele>1.2</ele>
      </trkpt>
      <trkpt lat="42.36593" lon="-71.0697">
        <ele>1.1</ele>
      </trkpt>
      <trkpt lat="42.36578" lon="-71.06946">
        <ele>1.9</ele>
      </trkpt>
      <trkpt lat="42.36587" lon="-71.06936">
        <ele>2.0</ele>
      </trkpt>
      <trkpt lat="42.36595" lon="-71.06927">
        <ele>2.2</ele>
      </trkpt>
      <trkpt lat="42.36595" lon="-71.06926">
        <ele>2.2</ele>
      </trkpt>
      <trkpt lat="42.36634" lon="-71.06882">
        <ele>4.7</ele>
      </trkpt>
      <trkpt lat="42.36638" lon="-71.06874">
        <ele>5.1</ele>
      </trkpt>
      <trkpt lat="42.36667" lon="-71.06843">
        <ele>5.9</ele>
      </trkpt>
      <trkpt lat="42.36786" lon="-71.07073">
        <ele>2.2</ele>
      </trkpt>
      <trkpt lat="42.36834" lon="-71.07169">
        <ele>1.1</ele>
      </trkpt>
      <trkpt lat="42.36839" lon="-71.07166">
        <ele>0.6</ele>
      </trkpt>
      <trkpt lat="42.36847" lon="-71.07158">
        <ele>0.1</ele>
      </trkpt>
      <trkpt lat="42.36867" lon="-71.07198">
        <ele>0.5</ele>
      </trkpt>
      <trkpt lat="42.36869" lon="-71.071969">
        <ele>0.3</ele>
      </trkpt>
      <trkpt lat="42.36867" lon="-71.07198">
        <ele>0.5</ele>
      </trkpt>
      <trkpt lat="42.36884" lon="-71.0723">
        <ele>2.9</ele>
      </trkpt>
      <trkpt lat="42.36927" lon="-71.07189">
        <ele>1.3</ele>
      </trkpt>
      <trkpt lat="42.36931" lon="-71.07177">
        <ele>1.0</ele>
      </trkpt>
      <trkpt lat="42.36935" lon="-71.0716">
        <ele>0.7</ele>
      </trkpt>
      <trkpt lat="42.36935" lon="-71.0716">
        <ele>0.7</ele>
      </trkpt>
      <trkpt lat="42.36936" lon="-71.07146">
        <ele>0.6</ele>
      </trkpt>
      <trkpt lat="42.36934" lon="-71.07141">
        <ele>0.5</ele>
      </trkpt>
      <trkpt lat="42.3685" lon="-71.06976">
        <ele>0.1</ele>
      </trkpt>
      <trkpt lat="42.36858" lon="-71.06968">
        <ele>0.1</ele>
      </trkpt>
      <trkpt lat="42.36858" lon="-71.06967">
        <ele>0.1</ele>
      </trkpt>
      <trkpt lat="42.36889" lon="-71.06939">
        <ele>0.4</ele>
      </trkpt>
      <trkpt lat="42.36889" lon="-71.06939">
        <ele>0.4</ele>
      </trkpt>
      <trkpt lat="42.368699" lon="-71.06921">
        <ele>0.3</ele>
      </trkpt>
      <trkpt lat="42.36865" lon="-71.069149">
        <ele>0.3</ele>
      </trkpt>
      <trkpt lat="42.36865" lon="-71.069149">
        <ele>0.3</ele>
      </trkpt>
      <trkpt lat="42.368609" lon="-71.0692">
        <ele>0.2</ele>
      </trkpt>
      <trkpt lat="42.36858" lon="-71.06923">
        <ele>0.2</ele>
      </trkpt>
      <trkpt lat="42.36856" lon="-71.06926">
        <ele>0.2</ele>
      </trkpt>
      <trkpt lat="42.368519" lon="-71.06928">
        <ele>0.2</ele>
      </trkpt>
      <trkpt lat="42.36848" lon="-71.06929">
        <ele>0.2</ele>
      </trkpt>
      <trkpt lat="42.36846" lon="-71.0693">
        <ele>0.2</ele>
      </trkpt>
      <trkpt lat="42.36844" lon="-71.0693">
        <ele>0.1</ele>
      </trkpt>
      <trkpt lat="42.36841" lon="-71.0693">
        <ele>0.1</ele>
      </trkpt>
      <trkpt lat="42.36838" lon="-71.0693">
        <ele>0.1</ele>
      </trkpt>
      <trkpt lat="42.36835" lon="-71.06929">
        <ele>0.1</ele>
      </trkpt>
      <trkpt lat="42.36833" lon="-71.06928">
        <ele>0.1</ele>
      </trkpt>
      <trkpt lat="42.3683" lon="-71.06926">
        <ele>0.1</ele>
      </trkpt>
      <trkpt lat="42.36827" lon="-71.069239">
        <ele>0.1</ele>
      </trkpt>
      <trkpt lat="42.36824" lon="-71.06921">
        <ele>0.1</ele>
      </trkpt>
      <trkpt lat="42.36822" lon="-71.06917">
        <ele>0.1</ele>
      </trkpt>
      <trkpt lat="42.3682" lon="-71.069149">
        <ele>0.1</ele>
      </trkpt>
      <trkpt lat="42.3682" lon="-71.06912">
        <ele>0.1</ele>
      </trkpt>
      <trkpt lat="42.36818" lon="-71.06908">
        <ele>0.1</ele>
      </trkpt>
      <trkpt lat="42.36817" lon="-71.06904">
        <ele>0.1</ele>
      </trkpt>
      <trkpt lat="42.36817" lon="-71.06903">
        <ele>0.1</ele>
      </trkpt>
      <trkpt lat="42.36817" lon="-71.069">
        <ele>0.1</ele>
      </trkpt>
      <trkpt lat="42.36817" lon="-71.06893">
        <ele>0.1</ele>
      </trkpt>
      <trkpt lat="42.36817" lon="-71.06886">
        <ele>0.1</ele>
      </trkpt>
      <trkpt lat="42.36818" lon="-71.06881">
        <ele>0.1</ele>
      </trkpt>
      <trkpt lat="42.3682" lon="-71.06877">
        <ele>0.1</ele>
      </trkpt>
      <trkpt lat="42.36822" lon="-71.06873">
        <ele>0.1</ele>
      </trkpt>
      <trkpt lat="42.36824" lon="-71.0687">
        <ele>0.1</ele>
      </trkpt>
      <trkpt lat="42.36826" lon="-71.06868">
        <ele>0.1</ele>
      </trkpt>
      <trkpt lat="42.36828" lon="-71.06865">
        <ele>0.1</ele>
      </trkpt>
      <trkpt lat="42.36829" lon="-71.06864">
        <ele>0.1</ele>
      </trkpt>
      <trkpt lat="42.36831" lon="-71.06862">
        <ele>0.1</ele>
      </trkpt>
      <trkpt lat="42.36833" lon="-71.06861">
        <ele>0.1</ele>
      </trkpt>
      <trkpt lat="42.36835" lon="-71.0686">
        <ele>0.1</ele>
      </trkpt>
      <trkpt lat="42.36838" lon="-71.0686">
        <ele>0.1</ele>
      </trkpt>
      <trkpt lat="42.36841" lon="-71.0686">
        <ele>0.1</ele>
      </trkpt>
      <trkpt lat="42.36844" lon="-71.0686">
        <ele>0.1</ele>
      </trkpt>
      <trkpt lat="42.36847" lon="-71.06861">
        <ele>0.1</ele>
      </trkpt>
      <trkpt lat="42.3685" lon="-71.06861">
        <ele>0.1</ele>
      </trkpt>
      <trkpt lat="42.368519" lon="-71.06862">
        <ele>0.1</ele>
      </trkpt>
      <trkpt lat="42.36858" lon="-71.06864">
        <ele>0.2</ele>
      </trkpt>
      <trkpt lat="42.36858" lon="-71.06864">
        <ele>0.2</ele>
      </trkpt>
      <trkpt lat="42.36858" lon="-71.06859">
        <ele>0.2</ele>
      </trkpt>
      <trkpt lat="42.36863" lon="-71.06841">
        <ele>0.1</ele>
      </trkpt>
      <trkpt lat="42.36863" lon="-71.06841">
        <ele>0.1</ele>
      </trkpt>
      <trkpt lat="42.36864" lon="-71.068389">
        <ele>0.1</ele>
      </trkpt>
      <trkpt lat="42.36866" lon="-71.06838">
        <ele>0.1</ele>
      </trkpt>
      <trkpt lat="42.36869" lon="-71.06835">
        <ele>0.1</ele>
      </trkpt>
      <trkpt lat="42.36869" lon="-71.06835">
        <ele>0.1</ele>
      </trkpt>
      <trkpt lat="42.36869" lon="-71.06823">
        <ele>0.1</ele>
      </trkpt>
      <trkpt lat="42.36869" lon="-71.068209">
        <ele>0.1</ele>
      </trkpt>
      <trkpt lat="42.36869" lon="-71.06819">
        <ele>0.1</ele>
      </trkpt>
      <trkpt lat="42.36871" lon="-71.06817">
        <ele>0.1</ele>
      </trkpt>
      <trkpt lat="42.36877" lon="-71.06809">
        <ele>0.1</ele>
      </trkpt>
      <trkpt lat="42.36884" lon="-71.06797">
        <ele>0.1</ele>
      </trkpt>
      <trkpt lat="42.368899" lon="-71.06788">
        <ele>0.1</ele>
      </trkpt>
      <trkpt lat="42.368899" lon="-71.06788">
        <ele>0.1</ele>
      </trkpt>
      <trkpt lat="42.36895" lon="-71.06779">
        <ele>0.1</ele>
      </trkpt>
      <trkpt lat="42.36902" lon="-71.06764">
        <ele>0.1</ele>
      </trkpt>
      <trkpt lat="42.3691" lon="-71.067449">
        <ele>0.1</ele>
      </trkpt>
      <trkpt lat="42.36916" lon="-71.067269">
        <ele>0.1</ele>
      </trkpt>
      <trkpt lat="42.36916" lon="-71.067269">
        <ele>0.1</ele>
      </trkpt>
      <trkpt lat="42.36918" lon="-71.06725">
        <ele>0.1</ele>
      </trkpt>
      <trkpt lat="42.36919" lon="-71.06724">
        <ele>0.1</ele>
      </trkpt>
      <trkpt lat="42.36921" lon="-71.06723">
        <ele>0.2</ele>
      </trkpt>
      <trkpt lat="42.36924" lon="-71.06722">
        <ele>0.2</ele>
      </trkpt>
      <trkpt lat="42.36925" lon="-71.067179">
        <ele>0.2</ele>
      </trkpt>
      <trkpt lat="42.36926" lon="-71.06716">
        <ele>0.2</ele>
      </trkpt>
      <trkpt lat="42.36928" lon="-71.06714">
        <ele>0.3</ele>
      </trkpt>
      <trkpt lat="42.3693" lon="-71.06712">
        <ele>0.3</ele>
      </trkpt>
      <trkpt lat="42.36931" lon="-71.06711">
        <ele>0.3</ele>
      </trkpt>
      <trkpt lat="42.36936" lon="-71.067089">
        <ele>0.4</ele>
      </trkpt>
      <trkpt lat="42.36945" lon="-71.06704">
        <ele>0.7</ele>
      </trkpt>
      <trkpt lat="42.36945" lon="-71.06705">
        <ele>0.7</ele>
      </trkpt>
      <trkpt lat="42.369459" lon="-71.06705">
        <ele>0.7</ele>
      </trkpt>
      <trkpt lat="42.36952" lon="-71.06739">
        <ele>0.8</ele>
      </trkpt>
      <trkpt lat="42.36953" lon="-71.06766">
        <ele>0.7</ele>
      </trkpt>
      <trkpt lat="42.36952" lon="-71.06781">
        <ele>0.7</ele>
      </trkpt>
      <trkpt lat="42.36962" lon="-71.067939">
        <ele>0.9</ele>
      </trkpt>
      <trkpt lat="42.36962" lon="-71.06755">
        <ele>1.0</ele>
      </trkpt>
      <trkpt lat="42.36958" lon="-71.06698">
        <ele>1.0</ele>
      </trkpt>
      <trkpt lat="42.36958" lon="-71.0669">
        <ele>1.1</ele>
      </trkpt>
      <trkpt lat="42.36958" lon="-71.0669">
        <ele>1.1</ele>
      </trkpt>
      <trkpt lat="42.36958" lon="-71.066909">
        <ele>1.1</ele>
      </trkpt>
      <trkpt lat="42.36958" lon="-71.06661">
        <ele>1.1</ele>
      </trkpt>
      <trkpt lat="42.36968" lon="-71.06563">
        <ele>0.9</ele>
      </trkpt>
      <trkpt lat="42.36968" lon="-71.0655">
        <ele>0.7</ele>
      </trkpt>
      <trkpt lat="42.36968" lon="-71.0655">
        <ele>0.7</ele>
      </trkpt>
      <trkpt lat="42.36968" lon="-71.065">
        <ele>0.4</ele>
      </trkpt>
      <trkpt lat="42.36966" lon="-71.064359">
        <ele>0.4</ele>
      </trkpt>
      <trkpt lat="42.3697" lon="-71.06413">
        <ele>0.5</ele>
      </trkpt>
      <trkpt lat="42.36972" lon="-71.06391">
        <ele>0.6</ele>
      </trkpt>
      <trkpt lat="42.36971" lon="-71.06361">
        <ele>0.6</ele>
      </trkpt>
      <trkpt lat="42.36969" lon="-71.0635">
        <ele>0.6</ele>
      </trkpt>
      <trkpt lat="42.36959" lon="-71.06321">
        <ele>0.4</ele>
      </trkpt>
      <trkpt lat="42.36956" lon="-71.063">
        <ele>0.4</ele>
      </trkpt>
      <trkpt lat="42.36957" lon="-71.06284">
        <ele>0.4</ele>
      </trkpt>
      <trkpt lat="42.36961" lon="-71.06269">
        <ele>0.5</ele>
      </trkpt>
      <trkpt lat="42.36972" lon="-71.06251">
        <ele>0.7</ele>
      </trkpt>
      <trkpt lat="42.369729" lon="-71.0625">
        <ele>0.7</ele>
      </trkpt>
      <trkpt lat="42.36974" lon="-71.0625">
        <ele>0.7</ele>
      </trkpt>
      <trkpt lat="42.369729" lon="-71.0625">
        <ele>0.7</ele>
      </trkpt>
      <trkpt lat="42.36983" lon="-71.06243">
        <ele>0.9</ele>
      </trkpt>
      <trkpt lat="42.36991" lon="-71.062389">
        <ele>1.0</ele>
      </trkpt>
      <trkpt lat="42.36985" lon="-71.06233">
        <ele>0.9</ele>
      </trkpt>
      <trkpt lat="42.36972" lon="-71.06222">
        <ele>0.7</ele>
      </trkpt>
      <trkpt lat="42.36959" lon="-71.06209">
        <ele>0.5</ele>
      </trkpt>
      <trkpt lat="42.36954" lon="-71.06198">
        <ele>0.4</ele>
      </trkpt>
      <trkpt lat="42.36953" lon="-71.06182">
        <ele>0.4</ele>
      </trkpt>
      <trkpt lat="42.36939" lon="-71.06178">
        <ele>0.3</ele>
      </trkpt>
      <trkpt lat="42.36936" lon="-71.06178">
        <ele>0.2</ele>
      </trkpt>
      <trkpt lat="42.36906" lon="-71.06169">
        <ele>0.1</ele>
      </trkpt>
      <trkpt lat="42.36906" lon="-71.06169">
        <ele>0.1</ele>
      </trkpt>
      <trkpt lat="42.368699" lon="-71.06159">
        <ele>0.2</ele>
      </trkpt>
      <trkpt lat="42.36864" lon="-71.0619">
        <ele>0.1</ele>
      </trkpt>
      <trkpt lat="42.36856" lon="-71.06192">
        <ele>0.1</ele>
      </trkpt>
      <trkpt lat="42.36849" lon="-71.06186">
        <ele>0.1</ele>
      </trkpt>
      <trkpt lat="42.36851" lon="-71.0617">
        <ele>0.2</ele>
      </trkpt>
      <trkpt lat="42.36849" lon="-71.06166">
        <ele>0.3</ele>
      </trkpt>
      <trkpt lat="42.36841" lon="-71.06166">
        <ele>0.3</ele>
      </trkpt>
      <trkpt lat="42.36835" lon="-71.061629">
        <ele>0.4</ele>
      </trkpt>
      <trkpt lat="42.36825" lon="-71.06161">
        <ele>0.5</ele>
      </trkpt>
      <trkpt lat="42.36819" lon="-71.06158">
        <ele>0.5</ele>
      </trkpt>
      <trkpt lat="42.36817" lon="-71.06151">
        <ele>0.6</ele>
      </trkpt>
      <trkpt lat="42.36799" lon="-71.06139">
        <ele>0.6</ele>
      </trkpt>
      <trkpt lat="42.3679" lon="-71.0613">
        <ele>0.6</ele>
      </trkpt>
      <trkpt lat="42.3678" lon="-71.06124">
        <ele>0.5</ele>
      </trkpt>
      <trkpt lat="42.3678" lon="-71.06124">
        <ele>0.5</ele>
      </trkpt>
      <trkpt lat="42.36742" lon="-71.06107">
        <ele>0.1</ele>
      </trkpt>
      <trkpt lat="42.36726" lon="-71.06095">
        <ele>0.1</ele>
      </trkpt>
      <trkpt lat="42.36719" lon="-71.06088">
        <ele>0.1</ele>
      </trkpt>
      <trkpt lat="42.36656" lon="-71.06017">
        <ele>0.7</ele>
      </trkpt>
      <trkpt lat="42.3663" lon="-71.05991">
        <ele>1.1</ele>
      </trkpt>
      <trkpt lat="42.36621" lon="-71.05982">
        <ele>1.2</ele>
      </trkpt>
      <trkpt lat="42.366" lon="-71.06023">
        <ele>1.6</ele>
      </trkpt>
      <trkpt lat="42.36592" lon="-71.06028">
        <ele>1.7</ele>
      </trkpt>
      <trkpt lat="42.36586" lon="-71.06035">
        <ele>1.9</ele>
      </trkpt>
      <trkpt lat="42.36575" lon="-71.06056">
        <ele>2.0</ele>
      </trkpt>
    </trkseg>
  </trk>
</gpx>
