<?xml version="1.0" encoding="UTF-8"?>
<gpx xmlns:gpxdata="http://www.cluetrust.com/XML/GPXDATA/1/0" xmlns:xsi="http://www.w3.org/2001/XMLSchema-instance" xmlns="http://www.topografix.com/GPX/1/1" version="1.1" creator="http://ridewithgps.com/" xsi:schemaLocation="http://www.topografix.com/GPX/1/1 http://www.topografix.com/GPX/1/1/gpx.xsd http://www.cluetrust.com/XML/GPXDATA/1/0 http://www.cluetrust.com/Schemas/gpxdata10.xsd">
  <metadata>
    <name>Alki, Three Tree Point, Normandy Park, Lake Washington</name>
    <link href="https://ridewithgps.com/routes/2233403">
      <text>Alki, Three Tree Point, Normandy Park, Lake Washington</text>
    </link>
    <time>2013-03-15T00:01:02Z</time>
  </metadata>
  <trk>
    <name>Alki, Three Tree Point, Normandy Park, Lake Washington</name>
    <trkseg>
      <trkpt lat="47.58303" lon="-122.37234">
        <ele>2.7</ele>
      </trkpt>
      <trkpt lat="47.58297" lon="-122.37238">
        <ele>2.8</ele>
      </trkpt>
      <trkpt lat="47.58297" lon="-122.37238">
        <ele>2.8</ele>
      </trkpt>
      <trkpt lat="47.58297" lon="-122.37238">
        <ele>2.8</ele>
      </trkpt>
      <trkpt lat="47.58298" lon="-122.37241">
        <ele>2.8</ele>
      </trkpt>
      <trkpt lat="47.58306" lon="-122.37254">
        <ele>2.7</ele>
      </trkpt>
      <trkpt lat="47.58309" lon="-122.37258">
        <ele>2.6</ele>
      </trkpt>
      <trkpt lat="47.58312" lon="-122.37262">
        <ele>2.6</ele>
      </trkpt>
      <trkpt lat="47.58321" lon="-122.37272">
        <ele>2.5</ele>
      </trkpt>
      <trkpt lat="47.58338" lon="-122.37293">
        <ele>2.5</ele>
      </trkpt>
      <trkpt lat="47.58357" lon="-122.3732">
        <ele>2.6</ele>
      </trkpt>
      <trkpt lat="47.58375" lon="-122.37344">
        <ele>2.6</ele>
      </trkpt>
      <trkpt lat="47.58387" lon="-122.37362">
        <ele>2.7</ele>
      </trkpt>
      <trkpt lat="47.583979" lon="-122.37378">
        <ele>2.7</ele>
      </trkpt>
      <trkpt lat="47.58405" lon="-122.37388">
        <ele>2.7</ele>
      </trkpt>
      <trkpt lat="47.58408" lon="-122.37392">
        <ele>2.7</ele>
      </trkpt>
      <trkpt lat="47.58409" lon="-122.37396">
        <ele>2.8</ele>
      </trkpt>
      <trkpt lat="47.5841" lon="-122.37398">
        <ele>2.8</ele>
      </trkpt>
      <trkpt lat="47.58411" lon="-122.37402">
        <ele>2.8</ele>
      </trkpt>
      <trkpt lat="47.58412" lon="-122.37404">
        <ele>2.8</ele>
      </trkpt>
      <trkpt lat="47.58413" lon="-122.37408">
        <ele>2.9</ele>
      </trkpt>
      <trkpt lat="47.58415" lon="-122.37416">
        <ele>2.9</ele>
      </trkpt>
      <trkpt lat="47.58417" lon="-122.37421">
        <ele>3.0</ele>
      </trkpt>
      <trkpt lat="47.58418" lon="-122.37425">
        <ele>3.0</ele>
      </trkpt>
      <trkpt lat="47.58419" lon="-122.37428">
        <ele>3.1</ele>
      </trkpt>
      <trkpt lat="47.58421" lon="-122.37431">
        <ele>3.2</ele>
      </trkpt>
      <trkpt lat="47.58422" lon="-122.37433">
        <ele>3.2</ele>
      </trkpt>
      <trkpt lat="47.58424" lon="-122.37436">
        <ele>3.2</ele>
      </trkpt>
      <trkpt lat="47.58432" lon="-122.37446">
        <ele>3.5</ele>
      </trkpt>
      <trkpt lat="47.58447" lon="-122.37467">
        <ele>4.0</ele>
      </trkpt>
      <trkpt lat="47.58458" lon="-122.37483">
        <ele>4.5</ele>
      </trkpt>
      <trkpt lat="47.58463" lon="-122.3749">
        <ele>4.6</ele>
      </trkpt>
      <trkpt lat="47.5847" lon="-122.37499">
        <ele>4.8</ele>
      </trkpt>
      <trkpt lat="47.58476" lon="-122.37507">
        <ele>5.0</ele>
      </trkpt>
      <trkpt lat="47.58477" lon="-122.3751">
        <ele>5.1</ele>
      </trkpt>
      <trkpt lat="47.58479" lon="-122.37514">
        <ele>5.3</ele>
      </trkpt>
      <trkpt lat="47.58479" lon="-122.37517">
        <ele>5.5</ele>
      </trkpt>
      <trkpt lat="47.5848" lon="-122.37519">
        <ele>5.5</ele>
      </trkpt>
      <trkpt lat="47.58481" lon="-122.37525">
        <ele>5.9</ele>
      </trkpt>
      <trkpt lat="47.58478" lon="-122.37539">
        <ele>6.8</ele>
      </trkpt>
      <trkpt lat="47.58475" lon="-122.37551">
        <ele>7.5</ele>
      </trkpt>
      <trkpt lat="47.58475" lon="-122.37551">
        <ele>7.5</ele>
      </trkpt>
      <trkpt lat="47.58475" lon="-122.37551">
        <ele>7.5</ele>
      </trkpt>
      <trkpt lat="47.58541" lon="-122.37608">
        <ele>4.9</ele>
      </trkpt>
      <trkpt lat="47.58553" lon="-122.37617">
        <ele>4.5</ele>
      </trkpt>
      <trkpt lat="47.58562" lon="-122.37626">
        <ele>4.6</ele>
      </trkpt>
      <trkpt lat="47.58575" lon="-122.37638">
        <ele>5.0</ele>
      </trkpt>
      <trkpt lat="47.58583" lon="-122.37647">
        <ele>5.0</ele>
      </trkpt>
      <trkpt lat="47.585949" lon="-122.37661">
        <ele>4.9</ele>
      </trkpt>
      <trkpt lat="47.58598" lon="-122.37666">
        <ele>5.0</ele>
      </trkpt>
      <trkpt lat="47.58606" lon="-122.37677">
        <ele>5.0</ele>
      </trkpt>
      <trkpt lat="47.58621" lon="-122.37698">
        <ele>4.6</ele>
      </trkpt>
      <trkpt lat="47.58627" lon="-122.37706">
        <ele>4.5</ele>
      </trkpt>
      <trkpt lat="47.586419" lon="-122.37729">
        <ele>4.1</ele>
      </trkpt>
      <trkpt lat="47.58702" lon="-122.37813">
        <ele>2.8</ele>
      </trkpt>
      <trkpt lat="47.58709" lon="-122.37824">
        <ele>2.7</ele>
      </trkpt>
      <trkpt lat="47.5872" lon="-122.37839">
        <ele>2.8</ele>
      </trkpt>
      <trkpt lat="47.58756" lon="-122.37891">
        <ele>3.5</ele>
      </trkpt>
      <trkpt lat="47.58798" lon="-122.37948">
        <ele>3.4</ele>
      </trkpt>
      <trkpt lat="47.58813" lon="-122.37971">
        <ele>3.6</ele>
      </trkpt>
      <trkpt lat="47.58831" lon="-122.37999">
        <ele>4.0</ele>
      </trkpt>
      <trkpt lat="47.58854" lon="-122.38028">
        <ele>3.7</ele>
      </trkpt>
      <trkpt lat="47.5889" lon="-122.38076">
        <ele>3.5</ele>
      </trkpt>
      <trkpt lat="47.5889" lon="-122.38077">
        <ele>3.6</ele>
      </trkpt>
      <trkpt lat="47.58902" lon="-122.38093">
        <ele>3.9</ele>
      </trkpt>
      <trkpt lat="47.58908" lon="-122.38102">
        <ele>4.0</ele>
      </trkpt>
      <trkpt lat="47.58912" lon="-122.38109">
        <ele>4.1</ele>
      </trkpt>
      <trkpt lat="47.58919" lon="-122.38117">
        <ele>4.1</ele>
      </trkpt>
      <trkpt lat="47.5892" lon="-122.38118">
        <ele>4.0</ele>
      </trkpt>
      <trkpt lat="47.58926" lon="-122.38126">
        <ele>3.9</ele>
      </trkpt>
      <trkpt lat="47.58935" lon="-122.38136">
        <ele>3.5</ele>
      </trkpt>
      <trkpt lat="47.58945" lon="-122.38145">
        <ele>3.1</ele>
      </trkpt>
      <trkpt lat="47.58952" lon="-122.38151">
        <ele>2.9</ele>
      </trkpt>
      <trkpt lat="47.5896" lon="-122.38157">
        <ele>2.5</ele>
      </trkpt>
      <trkpt lat="47.58969" lon="-122.38164">
        <ele>2.3</ele>
      </trkpt>
      <trkpt lat="47.58976" lon="-122.38168">
        <ele>2.0</ele>
      </trkpt>
      <trkpt lat="47.59002" lon="-122.38183">
        <ele>1.4</ele>
      </trkpt>
      <trkpt lat="47.59052" lon="-122.38208">
        <ele>3.0</ele>
      </trkpt>
      <trkpt lat="47.59127" lon="-122.38243">
        <ele>3.6</ele>
      </trkpt>
      <trkpt lat="47.59134" lon="-122.38246">
        <ele>3.7</ele>
      </trkpt>
      <trkpt lat="47.59191" lon="-122.38273">
        <ele>4.0</ele>
      </trkpt>
      <trkpt lat="47.59198" lon="-122.38276">
        <ele>4.0</ele>
      </trkpt>
      <trkpt lat="47.59305" lon="-122.38328">
        <ele>3.9</ele>
      </trkpt>
      <trkpt lat="47.59312" lon="-122.38331">
        <ele>3.9</ele>
      </trkpt>
      <trkpt lat="47.59341" lon="-122.38344">
        <ele>3.7</ele>
      </trkpt>
      <trkpt lat="47.5938" lon="-122.38361">
        <ele>2.9</ele>
      </trkpt>
      <trkpt lat="47.59386" lon="-122.38364">
        <ele>2.6</ele>
      </trkpt>
      <trkpt lat="47.594" lon="-122.3837">
        <ele>2.0</ele>
      </trkpt>
      <trkpt lat="47.59408" lon="-122.38374">
        <ele>1.7</ele>
      </trkpt>
      <trkpt lat="47.594119" lon="-122.38376">
        <ele>1.4</ele>
      </trkpt>
      <trkpt lat="47.59416" lon="-122.38379">
        <ele>1.4</ele>
      </trkpt>
      <trkpt lat="47.5942" lon="-122.38383">
        <ele>1.2</ele>
      </trkpt>
      <trkpt lat="47.59426" lon="-122.38387">
        <ele>1.1</ele>
      </trkpt>
      <trkpt lat="47.594299" lon="-122.38391">
        <ele>1.4</ele>
      </trkpt>
      <trkpt lat="47.5944" lon="-122.38401">
        <ele>1.1</ele>
      </trkpt>
      <trkpt lat="47.59455" lon="-122.3842">
        <ele>2.0</ele>
      </trkpt>
      <trkpt lat="47.59464" lon="-122.38433">
        <ele>1.9</ele>
      </trkpt>
      <trkpt lat="47.59472" lon="-122.38447">
        <ele>2.1</ele>
      </trkpt>
      <trkpt lat="47.59478" lon="-122.38459">
        <ele>2.2</ele>
      </trkpt>
      <trkpt lat="47.59483" lon="-122.3847">
        <ele>2.3</ele>
      </trkpt>
      <trkpt lat="47.59486" lon="-122.38475">
        <ele>2.1</ele>
      </trkpt>
      <trkpt lat="47.59487" lon="-122.38479">
        <ele>2.2</ele>
      </trkpt>
      <trkpt lat="47.5949" lon="-122.38486">
        <ele>2.2</ele>
      </trkpt>
      <trkpt lat="47.59495" lon="-122.38498">
        <ele>2.3</ele>
      </trkpt>
      <trkpt lat="47.59496" lon="-122.38503">
        <ele>2.4</ele>
      </trkpt>
      <trkpt lat="47.59501" lon="-122.38518">
        <ele>2.5</ele>
      </trkpt>
      <trkpt lat="47.59504" lon="-122.38528">
        <ele>2.3</ele>
      </trkpt>
      <trkpt lat="47.595059" lon="-122.38537">
        <ele>2.5</ele>
      </trkpt>
      <trkpt lat="47.59509" lon="-122.3855">
        <ele>2.5</ele>
      </trkpt>
      <trkpt lat="47.59511" lon="-122.38562">
        <ele>2.4</ele>
      </trkpt>
      <trkpt lat="47.59512" lon="-122.38573">
        <ele>2.3</ele>
      </trkpt>
      <trkpt lat="47.59514" lon="-122.38583">
        <ele>2.2</ele>
      </trkpt>
      <trkpt lat="47.595149" lon="-122.38597">
        <ele>2.4</ele>
      </trkpt>
      <trkpt lat="47.59516" lon="-122.38611">
        <ele>2.6</ele>
      </trkpt>
      <trkpt lat="47.59516" lon="-122.38625">
        <ele>2.6</ele>
      </trkpt>
      <trkpt lat="47.59516" lon="-122.38639">
        <ele>2.7</ele>
      </trkpt>
      <trkpt lat="47.59516" lon="-122.38649">
        <ele>2.7</ele>
      </trkpt>
      <trkpt lat="47.595149" lon="-122.38662">
        <ele>2.6</ele>
      </trkpt>
      <trkpt lat="47.59514" lon="-122.38671">
        <ele>2.7</ele>
      </trkpt>
      <trkpt lat="47.59513" lon="-122.3868">
        <ele>2.7</ele>
      </trkpt>
      <trkpt lat="47.59511" lon="-122.3869">
        <ele>2.8</ele>
      </trkpt>
      <trkpt lat="47.5951" lon="-122.387">
        <ele>2.8</ele>
      </trkpt>
      <trkpt lat="47.59508" lon="-122.3871">
        <ele>2.9</ele>
      </trkpt>
      <trkpt lat="47.595059" lon="-122.38718">
        <ele>2.9</ele>
      </trkpt>
      <trkpt lat="47.59503" lon="-122.38729">
        <ele>3.0</ele>
      </trkpt>
      <trkpt lat="47.595" lon="-122.38743">
        <ele>3.1</ele>
      </trkpt>
      <trkpt lat="47.59499" lon="-122.38744">
        <ele>3.1</ele>
      </trkpt>
      <trkpt lat="47.59498" lon="-122.38748">
        <ele>3.2</ele>
      </trkpt>
      <trkpt lat="47.59496" lon="-122.38754">
        <ele>3.2</ele>
      </trkpt>
      <trkpt lat="47.59488" lon="-122.38776">
        <ele>3.1</ele>
      </trkpt>
      <trkpt lat="47.59479" lon="-122.38796">
        <ele>3.2</ele>
      </trkpt>
      <trkpt lat="47.59476" lon="-122.38802">
        <ele>3.1</ele>
      </trkpt>
      <trkpt lat="47.594119" lon="-122.38932">
        <ele>3.1</ele>
      </trkpt>
      <trkpt lat="47.59407" lon="-122.38943">
        <ele>3.1</ele>
      </trkpt>
      <trkpt lat="47.59394" lon="-122.38967">
        <ele>3.0</ele>
      </trkpt>
      <trkpt lat="47.59382" lon="-122.38991">
        <ele>3.0</ele>
      </trkpt>
      <trkpt lat="47.59376" lon="-122.39001">
        <ele>3.0</ele>
      </trkpt>
      <trkpt lat="47.59369" lon="-122.39009">
        <ele>3.0</ele>
      </trkpt>
      <trkpt lat="47.59359" lon="-122.39023">
        <ele>3.1</ele>
      </trkpt>
      <trkpt lat="47.59351" lon="-122.39033">
        <ele>3.1</ele>
      </trkpt>
      <trkpt lat="47.59345" lon="-122.3904">
        <ele>3.1</ele>
      </trkpt>
      <trkpt lat="47.59337" lon="-122.39047">
        <ele>3.2</ele>
      </trkpt>
      <trkpt lat="47.593269" lon="-122.39056">
        <ele>3.3</ele>
      </trkpt>
      <trkpt lat="47.59297" lon="-122.39082">
        <ele>3.5</ele>
      </trkpt>
      <trkpt lat="47.59266" lon="-122.39107">
        <ele>3.6</ele>
      </trkpt>
      <trkpt lat="47.592329" lon="-122.39134">
        <ele>3.6</ele>
      </trkpt>
      <trkpt lat="47.59188" lon="-122.39173">
        <ele>3.6</ele>
      </trkpt>
      <trkpt lat="47.59153" lon="-122.39202">
        <ele>3.6</ele>
      </trkpt>
      <trkpt lat="47.59093" lon="-122.3925">
        <ele>3.8</ele>
      </trkpt>
      <trkpt lat="47.5908" lon="-122.39262">
        <ele>3.8</ele>
      </trkpt>
      <trkpt lat="47.590739" lon="-122.39268">
        <ele>3.7</ele>
      </trkpt>
      <trkpt lat="47.59067" lon="-122.39274">
        <ele>3.8</ele>
      </trkpt>
      <trkpt lat="47.59059" lon="-122.39283">
        <ele>3.7</ele>
      </trkpt>
      <trkpt lat="47.59054" lon="-122.39289">
        <ele>3.7</ele>
      </trkpt>
      <trkpt lat="47.58907" lon="-122.39458">
        <ele>3.2</ele>
      </trkpt>
      <trkpt lat="47.58865" lon="-122.39507">
        <ele>3.3</ele>
      </trkpt>
      <trkpt lat="47.5876" lon="-122.3963">
        <ele>3.1</ele>
      </trkpt>
      <trkpt lat="47.58479" lon="-122.39954">
        <ele>3.5</ele>
      </trkpt>
      <trkpt lat="47.58387" lon="-122.40061">
        <ele>3.2</ele>
      </trkpt>
      <trkpt lat="47.58387" lon="-122.4006">
        <ele>3.2</ele>
      </trkpt>
      <trkpt lat="47.58357" lon="-122.40095">
        <ele>3.2</ele>
      </trkpt>
      <trkpt lat="47.58309" lon="-122.4015">
        <ele>3.3</ele>
      </trkpt>
      <trkpt lat="47.58296" lon="-122.40166">
        <ele>3.3</ele>
      </trkpt>
      <trkpt lat="47.58283" lon="-122.40182">
        <ele>3.3</ele>
      </trkpt>
      <trkpt lat="47.58267" lon="-122.40205">
        <ele>3.3</ele>
      </trkpt>
      <trkpt lat="47.5824" lon="-122.40261">
        <ele>3.1</ele>
      </trkpt>
      <trkpt lat="47.58178" lon="-122.40396">
        <ele>2.8</ele>
      </trkpt>
      <trkpt lat="47.58147" lon="-122.40468">
        <ele>2.7</ele>
      </trkpt>
      <trkpt lat="47.58125" lon="-122.40518">
        <ele>2.7</ele>
      </trkpt>
      <trkpt lat="47.58097" lon="-122.40583">
        <ele>2.7</ele>
      </trkpt>
      <trkpt lat="47.58084" lon="-122.40615">
        <ele>2.7</ele>
      </trkpt>
      <trkpt lat="47.58045" lon="-122.40705">
        <ele>2.6</ele>
      </trkpt>
      <trkpt lat="47.5804" lon="-122.40715">
        <ele>2.7</ele>
      </trkpt>
      <trkpt lat="47.58003" lon="-122.40801">
        <ele>2.7</ele>
      </trkpt>
      <trkpt lat="47.579949" lon="-122.4082">
        <ele>2.7</ele>
      </trkpt>
      <trkpt lat="47.57989" lon="-122.40833">
        <ele>2.7</ele>
      </trkpt>
      <trkpt lat="47.57977" lon="-122.4086">
        <ele>2.7</ele>
      </trkpt>
      <trkpt lat="47.57974" lon="-122.40867">
        <ele>2.7</ele>
      </trkpt>
      <trkpt lat="47.57956" lon="-122.40913">
        <ele>2.7</ele>
      </trkpt>
      <trkpt lat="47.57949" lon="-122.40933">
        <ele>2.7</ele>
      </trkpt>
      <trkpt lat="47.57929" lon="-122.41">
        <ele>2.7</ele>
      </trkpt>
      <trkpt lat="47.57915" lon="-122.41047">
        <ele>2.7</ele>
      </trkpt>
      <trkpt lat="47.579099" lon="-122.41064">
        <ele>2.6</ele>
      </trkpt>
      <trkpt lat="47.57891" lon="-122.4113">
        <ele>2.7</ele>
      </trkpt>
      <trkpt lat="47.5789" lon="-122.41131">
        <ele>2.8</ele>
      </trkpt>
      <trkpt lat="47.57874" lon="-122.41187">
        <ele>3.2</ele>
      </trkpt>
      <trkpt lat="47.57871" lon="-122.41196">
        <ele>3.4</ele>
      </trkpt>
      <trkpt lat="47.57838" lon="-122.41311">
        <ele>4.7</ele>
      </trkpt>
      <trkpt lat="47.57835" lon="-122.41319">
        <ele>4.7</ele>
      </trkpt>
      <trkpt lat="47.57831" lon="-122.41324">
        <ele>4.9</ele>
      </trkpt>
      <trkpt lat="47.57826" lon="-122.41328">
        <ele>5.2</ele>
      </trkpt>
      <trkpt lat="47.57826" lon="-122.41328">
        <ele>5.2</ele>
      </trkpt>
      <trkpt lat="47.57826" lon="-122.41328">
        <ele>5.2</ele>
      </trkpt>
      <trkpt lat="47.57826" lon="-122.41346">
        <ele>4.6</ele>
      </trkpt>
      <trkpt lat="47.57826" lon="-122.41349">
        <ele>4.5</ele>
      </trkpt>
      <trkpt lat="47.57826" lon="-122.4135">
        <ele>4.5</ele>
      </trkpt>
      <trkpt lat="47.57826" lon="-122.41352">
        <ele>4.4</ele>
      </trkpt>
      <trkpt lat="47.57826" lon="-122.41353">
        <ele>4.4</ele>
      </trkpt>
      <trkpt lat="47.57826" lon="-122.41354">
        <ele>4.4</ele>
      </trkpt>
      <trkpt lat="47.57815" lon="-122.41394">
        <ele>4.4</ele>
      </trkpt>
      <trkpt lat="47.57802" lon="-122.4144">
        <ele>4.5</ele>
      </trkpt>
      <trkpt lat="47.57797" lon="-122.41459">
        <ele>5.3</ele>
      </trkpt>
      <trkpt lat="47.57778" lon="-122.41528">
        <ele>6.2</ele>
      </trkpt>
      <trkpt lat="47.57766" lon="-122.41574">
        <ele>6.2</ele>
      </trkpt>
      <trkpt lat="47.57759" lon="-122.41598">
        <ele>6.3</ele>
      </trkpt>
      <trkpt lat="47.577509" lon="-122.41629">
        <ele>6.3</ele>
      </trkpt>
      <trkpt lat="47.57746" lon="-122.41645">
        <ele>6.4</ele>
      </trkpt>
      <trkpt lat="47.57725" lon="-122.4172">
        <ele>6.4</ele>
      </trkpt>
      <trkpt lat="47.57678" lon="-122.41889">
        <ele>6.8</ele>
      </trkpt>
      <trkpt lat="47.57677" lon="-122.41894">
        <ele>6.7</ele>
      </trkpt>
      <trkpt lat="47.57676" lon="-122.41896">
        <ele>6.7</ele>
      </trkpt>
      <trkpt lat="47.57674" lon="-122.41899">
        <ele>6.8</ele>
      </trkpt>
      <trkpt lat="47.57673" lon="-122.41901">
        <ele>6.8</ele>
      </trkpt>
      <trkpt lat="47.57672" lon="-122.41902">
        <ele>6.9</ele>
      </trkpt>
      <trkpt lat="47.57669" lon="-122.41903">
        <ele>7.1</ele>
      </trkpt>
      <trkpt lat="47.57662" lon="-122.41906">
        <ele>7.5</ele>
      </trkpt>
      <trkpt lat="47.57603" lon="-122.41908">
        <ele>9.9</ele>
      </trkpt>
      <trkpt lat="47.5759" lon="-122.41908">
        <ele>9.4</ele>
      </trkpt>
      <trkpt lat="47.5753" lon="-122.4191">
        <ele>6.5</ele>
      </trkpt>
      <trkpt lat="47.57521" lon="-122.4191">
        <ele>6.0</ele>
      </trkpt>
      <trkpt lat="47.57521" lon="-122.4191">
        <ele>6.0</ele>
      </trkpt>
      <trkpt lat="47.57521" lon="-122.4191">
        <ele>6.0</ele>
      </trkpt>
      <trkpt lat="47.57517" lon="-122.41909">
        <ele>5.8</ele>
      </trkpt>
      <trkpt lat="47.57515" lon="-122.41907">
        <ele>5.7</ele>
      </trkpt>
      <trkpt lat="47.57513" lon="-122.41906">
        <ele>5.7</ele>
      </trkpt>
      <trkpt lat="47.5751" lon="-122.41904">
        <ele>5.7</ele>
      </trkpt>
      <trkpt lat="47.57508" lon="-122.41902">
        <ele>5.8</ele>
      </trkpt>
      <trkpt lat="47.57506" lon="-122.419">
        <ele>5.9</ele>
      </trkpt>
      <trkpt lat="47.57487" lon="-122.41864">
        <ele>6.5</ele>
      </trkpt>
      <trkpt lat="47.57468" lon="-122.41828">
        <ele>6.2</ele>
      </trkpt>
      <trkpt lat="47.574599" lon="-122.41815">
        <ele>5.8</ele>
      </trkpt>
      <trkpt lat="47.57378" lon="-122.41656">
        <ele>6.1</ele>
      </trkpt>
      <trkpt lat="47.5736" lon="-122.41623">
        <ele>5.9</ele>
      </trkpt>
      <trkpt lat="47.57355" lon="-122.41613">
        <ele>5.9</ele>
      </trkpt>
      <trkpt lat="47.57351" lon="-122.41605">
        <ele>6.1</ele>
      </trkpt>
      <trkpt lat="47.57346" lon="-122.41592">
        <ele>6.4</ele>
      </trkpt>
      <trkpt lat="47.57342" lon="-122.41582">
        <ele>6.6</ele>
      </trkpt>
      <trkpt lat="47.57307" lon="-122.41483">
        <ele>7.2</ele>
      </trkpt>
      <trkpt lat="47.57305" lon="-122.41477">
        <ele>7.4</ele>
      </trkpt>
      <trkpt lat="47.5729" lon="-122.41437">
        <ele>7.2</ele>
      </trkpt>
      <trkpt lat="47.572719" lon="-122.41388">
        <ele>7.1</ele>
      </trkpt>
      <trkpt lat="47.57265" lon="-122.4137">
        <ele>7.0</ele>
      </trkpt>
      <trkpt lat="47.572629" lon="-122.41364">
        <ele>6.9</ele>
      </trkpt>
      <trkpt lat="47.57262" lon="-122.41359">
        <ele>6.9</ele>
      </trkpt>
      <trkpt lat="47.57262" lon="-122.41355">
        <ele>6.9</ele>
      </trkpt>
      <trkpt lat="47.57262" lon="-122.41352">
        <ele>7.0</ele>
      </trkpt>
      <trkpt lat="47.57262" lon="-122.41349">
        <ele>6.9</ele>
      </trkpt>
      <trkpt lat="47.57264" lon="-122.41338">
        <ele>7.0</ele>
      </trkpt>
      <trkpt lat="47.57264" lon="-122.41338">
        <ele>7.0</ele>
      </trkpt>
      <trkpt lat="47.57264" lon="-122.41338">
        <ele>7.0</ele>
      </trkpt>
      <trkpt lat="47.57261" lon="-122.41336">
        <ele>6.9</ele>
      </trkpt>
      <trkpt lat="47.572539" lon="-122.41332">
        <ele>6.9</ele>
      </trkpt>
      <trkpt lat="47.57248" lon="-122.41326">
        <ele>6.8</ele>
      </trkpt>
      <trkpt lat="47.57243" lon="-122.41319">
        <ele>6.8</ele>
      </trkpt>
      <trkpt lat="47.57232" lon="-122.41303">
        <ele>6.8</ele>
      </trkpt>
      <trkpt lat="47.5714" lon="-122.41141">
        <ele>7.4</ele>
      </trkpt>
      <trkpt lat="47.57119" lon="-122.41105">
        <ele>7.5</ele>
      </trkpt>
      <trkpt lat="47.57112" lon="-122.41093">
        <ele>7.6</ele>
      </trkpt>
      <trkpt lat="47.57093" lon="-122.41069">
        <ele>7.9</ele>
      </trkpt>
      <trkpt lat="47.57081" lon="-122.41055">
        <ele>7.9</ele>
      </trkpt>
      <trkpt lat="47.5708" lon="-122.41055">
        <ele>7.9</ele>
      </trkpt>
      <trkpt lat="47.57065" lon="-122.41041">
        <ele>8.0</ele>
      </trkpt>
      <trkpt lat="47.57064" lon="-122.4104">
        <ele>8.0</ele>
      </trkpt>
      <trkpt lat="47.57053" lon="-122.41032">
        <ele>8.0</ele>
      </trkpt>
      <trkpt lat="47.57041" lon="-122.41024">
        <ele>8.0</ele>
      </trkpt>
      <trkpt lat="47.57014" lon="-122.41009">
        <ele>7.8</ele>
      </trkpt>
      <trkpt lat="47.56986" lon="-122.40989">
        <ele>8.1</ele>
      </trkpt>
      <trkpt lat="47.569159" lon="-122.40928">
        <ele>8.3</ele>
      </trkpt>
      <trkpt lat="47.56902" lon="-122.40919">
        <ele>8.1</ele>
      </trkpt>
      <trkpt lat="47.56893" lon="-122.40914">
        <ele>7.9</ele>
      </trkpt>
      <trkpt lat="47.56886" lon="-122.40912">
        <ele>7.7</ele>
      </trkpt>
      <trkpt lat="47.56881" lon="-122.40911">
        <ele>7.5</ele>
      </trkpt>
      <trkpt lat="47.56876" lon="-122.4091">
        <ele>7.4</ele>
      </trkpt>
      <trkpt lat="47.56867" lon="-122.4091">
        <ele>7.2</ele>
      </trkpt>
      <trkpt lat="47.56866" lon="-122.4091">
        <ele>7.2</ele>
      </trkpt>
      <trkpt lat="47.56864" lon="-122.40911">
        <ele>7.1</ele>
      </trkpt>
      <trkpt lat="47.5686" lon="-122.40912">
        <ele>7.0</ele>
      </trkpt>
      <trkpt lat="47.56857" lon="-122.40913">
        <ele>7.0</ele>
      </trkpt>
      <trkpt lat="47.56852" lon="-122.40915">
        <ele>6.9</ele>
      </trkpt>
      <trkpt lat="47.56839" lon="-122.40929">
        <ele>6.6</ele>
      </trkpt>
      <trkpt lat="47.568309" lon="-122.40937">
        <ele>6.5</ele>
      </trkpt>
      <trkpt lat="47.56824" lon="-122.40944">
        <ele>6.4</ele>
      </trkpt>
      <trkpt lat="47.5682" lon="-122.40946">
        <ele>6.4</ele>
      </trkpt>
      <trkpt lat="47.56818" lon="-122.40947">
        <ele>6.4</ele>
      </trkpt>
      <trkpt lat="47.56815" lon="-122.40948">
        <ele>6.4</ele>
      </trkpt>
      <trkpt lat="47.56809" lon="-122.40949">
        <ele>6.5</ele>
      </trkpt>
      <trkpt lat="47.56797" lon="-122.4095">
        <ele>6.6</ele>
      </trkpt>
      <trkpt lat="47.56765" lon="-122.40951">
        <ele>6.8</ele>
      </trkpt>
      <trkpt lat="47.56752" lon="-122.40951">
        <ele>6.8</ele>
      </trkpt>
      <trkpt lat="47.56743" lon="-122.4095">
        <ele>6.8</ele>
      </trkpt>
      <trkpt lat="47.56742" lon="-122.4095">
        <ele>6.8</ele>
      </trkpt>
      <trkpt lat="47.56686" lon="-122.40913">
        <ele>7.1</ele>
      </trkpt>
      <trkpt lat="47.56642" lon="-122.40883">
        <ele>7.2</ele>
      </trkpt>
      <trkpt lat="47.56632" lon="-122.40875">
        <ele>7.2</ele>
      </trkpt>
      <trkpt lat="47.56628" lon="-122.40871">
        <ele>7.2</ele>
      </trkpt>
      <trkpt lat="47.56624" lon="-122.40868">
        <ele>7.2</ele>
      </trkpt>
      <trkpt lat="47.56597" lon="-122.4083">
        <ele>7.4</ele>
      </trkpt>
      <trkpt lat="47.56581" lon="-122.40809">
        <ele>7.7</ele>
      </trkpt>
      <trkpt lat="47.56564" lon="-122.40788">
        <ele>8.4</ele>
      </trkpt>
      <trkpt lat="47.56512" lon="-122.40729">
        <ele>9.7</ele>
      </trkpt>
      <trkpt lat="47.56499" lon="-122.40714">
        <ele>10.2</ele>
      </trkpt>
      <trkpt lat="47.56487" lon="-122.40703">
        <ele>10.2</ele>
      </trkpt>
      <trkpt lat="47.56479" lon="-122.40697">
        <ele>10.1</ele>
      </trkpt>
      <trkpt lat="47.56465" lon="-122.40691">
        <ele>9.7</ele>
      </trkpt>
      <trkpt lat="47.56414" lon="-122.40673">
        <ele>9.4</ele>
      </trkpt>
      <trkpt lat="47.56372" lon="-122.40657">
        <ele>8.5</ele>
      </trkpt>
      <trkpt lat="47.56322" lon="-122.40639">
        <ele>7.5</ele>
      </trkpt>
      <trkpt lat="47.56307" lon="-122.40634">
        <ele>7.3</ele>
      </trkpt>
      <trkpt lat="47.56299" lon="-122.4063">
        <ele>7.3</ele>
      </trkpt>
      <trkpt lat="47.56294" lon="-122.40627">
        <ele>7.3</ele>
      </trkpt>
      <trkpt lat="47.56291" lon="-122.40625">
        <ele>7.3</ele>
      </trkpt>
      <trkpt lat="47.56289" lon="-122.40623">
        <ele>7.4</ele>
      </trkpt>
      <trkpt lat="47.562869" lon="-122.40621">
        <ele>7.4</ele>
      </trkpt>
      <trkpt lat="47.56284" lon="-122.40618">
        <ele>7.5</ele>
      </trkpt>
      <trkpt lat="47.5628" lon="-122.40614">
        <ele>7.5</ele>
      </trkpt>
      <trkpt lat="47.56269" lon="-122.406">
        <ele>7.8</ele>
      </trkpt>
      <trkpt lat="47.56224" lon="-122.40545">
        <ele>8.7</ele>
      </trkpt>
      <trkpt lat="47.561549" lon="-122.40458">
        <ele>8.5</ele>
      </trkpt>
      <trkpt lat="47.56111" lon="-122.40408">
        <ele>8.3</ele>
      </trkpt>
      <trkpt lat="47.56096" lon="-122.4039">
        <ele>8.2</ele>
      </trkpt>
      <trkpt lat="47.56031" lon="-122.40329">
        <ele>4.8</ele>
      </trkpt>
      <trkpt lat="47.55961" lon="-122.40276">
        <ele>3.8</ele>
      </trkpt>
      <trkpt lat="47.55845" lon="-122.40186">
        <ele>3.9</ele>
      </trkpt>
      <trkpt lat="47.55623" lon="-122.40016">
        <ele>5.6</ele>
      </trkpt>
      <trkpt lat="47.55582" lon="-122.39984">
        <ele>7.9</ele>
      </trkpt>
      <trkpt lat="47.55543" lon="-122.39954">
        <ele>9.1</ele>
      </trkpt>
      <trkpt lat="47.55539" lon="-122.39953">
        <ele>9.0</ele>
      </trkpt>
      <trkpt lat="47.55536" lon="-122.39951">
        <ele>9.1</ele>
      </trkpt>
      <trkpt lat="47.55531" lon="-122.39949">
        <ele>9.0</ele>
      </trkpt>
      <trkpt lat="47.55527" lon="-122.39948">
        <ele>8.9</ele>
      </trkpt>
      <trkpt lat="47.55522" lon="-122.39947">
        <ele>8.8</ele>
      </trkpt>
      <trkpt lat="47.55478" lon="-122.39942">
        <ele>7.9</ele>
      </trkpt>
      <trkpt lat="47.55439" lon="-122.39938">
        <ele>7.3</ele>
      </trkpt>
      <trkpt lat="47.5543" lon="-122.39937">
        <ele>7.1</ele>
      </trkpt>
      <trkpt lat="47.554139" lon="-122.39934">
        <ele>6.2</ele>
      </trkpt>
      <trkpt lat="47.554" lon="-122.39927">
        <ele>5.5</ele>
      </trkpt>
      <trkpt lat="47.55389" lon="-122.39921">
        <ele>5.2</ele>
      </trkpt>
      <trkpt lat="47.55381" lon="-122.39916">
        <ele>5.1</ele>
      </trkpt>
      <trkpt lat="47.55373" lon="-122.39909">
        <ele>5.1</ele>
      </trkpt>
      <trkpt lat="47.55363" lon="-122.39899">
        <ele>5.2</ele>
      </trkpt>
      <trkpt lat="47.55355" lon="-122.39891">
        <ele>5.2</ele>
      </trkpt>
      <trkpt lat="47.55348" lon="-122.39882">
        <ele>5.3</ele>
      </trkpt>
      <trkpt lat="47.55342" lon="-122.39873">
        <ele>5.4</ele>
      </trkpt>
      <trkpt lat="47.55322" lon="-122.39841">
        <ele>5.8</ele>
      </trkpt>
      <trkpt lat="47.55314" lon="-122.39829">
        <ele>6.1</ele>
      </trkpt>
      <trkpt lat="47.55309" lon="-122.39823">
        <ele>6.2</ele>
      </trkpt>
      <trkpt lat="47.55305" lon="-122.39818">
        <ele>6.4</ele>
      </trkpt>
      <trkpt lat="47.55299" lon="-122.39813">
        <ele>7.0</ele>
      </trkpt>
      <trkpt lat="47.55294" lon="-122.39809">
        <ele>7.4</ele>
      </trkpt>
      <trkpt lat="47.5529" lon="-122.39807">
        <ele>7.7</ele>
      </trkpt>
      <trkpt lat="47.55287" lon="-122.39805">
        <ele>7.8</ele>
      </trkpt>
      <trkpt lat="47.55283" lon="-122.39804">
        <ele>7.9</ele>
      </trkpt>
      <trkpt lat="47.55278" lon="-122.39801">
        <ele>8.0</ele>
      </trkpt>
      <trkpt lat="47.55272" lon="-122.39799">
        <ele>8.1</ele>
      </trkpt>
      <trkpt lat="47.55269" lon="-122.39799">
        <ele>8.1</ele>
      </trkpt>
      <trkpt lat="47.55262" lon="-122.39798">
        <ele>8.1</ele>
      </trkpt>
      <trkpt lat="47.55194" lon="-122.398">
        <ele>9.4</ele>
      </trkpt>
      <trkpt lat="47.55164" lon="-122.39804">
        <ele>9.1</ele>
      </trkpt>
      <trkpt lat="47.55102" lon="-122.39806">
        <ele>8.9</ele>
      </trkpt>
      <trkpt lat="47.55097" lon="-122.39806">
        <ele>9.0</ele>
      </trkpt>
      <trkpt lat="47.55093" lon="-122.39806">
        <ele>9.0</ele>
      </trkpt>
      <trkpt lat="47.55086" lon="-122.39805">
        <ele>9.0</ele>
      </trkpt>
      <trkpt lat="47.55082" lon="-122.39804">
        <ele>9.0</ele>
      </trkpt>
      <trkpt lat="47.55079" lon="-122.39803">
        <ele>9.1</ele>
      </trkpt>
      <trkpt lat="47.55075" lon="-122.39802">
        <ele>9.1</ele>
      </trkpt>
      <trkpt lat="47.5507" lon="-122.398">
        <ele>9.2</ele>
      </trkpt>
      <trkpt lat="47.55063" lon="-122.39796">
        <ele>9.4</ele>
      </trkpt>
      <trkpt lat="47.55055" lon="-122.39793">
        <ele>9.5</ele>
      </trkpt>
      <trkpt lat="47.55043" lon="-122.39785">
        <ele>10.0</ele>
      </trkpt>
      <trkpt lat="47.55037" lon="-122.39782">
        <ele>10.4</ele>
      </trkpt>
      <trkpt lat="47.55025" lon="-122.39776">
        <ele>10.7</ele>
      </trkpt>
      <trkpt lat="47.55019" lon="-122.39773">
        <ele>10.8</ele>
      </trkpt>
      <trkpt lat="47.550109" lon="-122.3977">
        <ele>10.7</ele>
      </trkpt>
      <trkpt lat="47.55001" lon="-122.39768">
        <ele>10.6</ele>
      </trkpt>
      <trkpt lat="47.54993" lon="-122.39767">
        <ele>10.4</ele>
      </trkpt>
      <trkpt lat="47.54985" lon="-122.39767">
        <ele>10.0</ele>
      </trkpt>
      <trkpt lat="47.54959" lon="-122.39767">
        <ele>9.4</ele>
      </trkpt>
      <trkpt lat="47.5493" lon="-122.39768">
        <ele>9.3</ele>
      </trkpt>
      <trkpt lat="47.54904" lon="-122.39769">
        <ele>9.3</ele>
      </trkpt>
      <trkpt lat="47.54873" lon="-122.3977">
        <ele>9.5</ele>
      </trkpt>
      <trkpt lat="47.54852" lon="-122.39772">
        <ele>10.3</ele>
      </trkpt>
      <trkpt lat="47.54843" lon="-122.39774">
        <ele>12.1</ele>
      </trkpt>
      <trkpt lat="47.54833" lon="-122.39776">
        <ele>13.2</ele>
      </trkpt>
      <trkpt lat="47.54824" lon="-122.39779">
        <ele>13.5</ele>
      </trkpt>
      <trkpt lat="47.54815" lon="-122.39783">
        <ele>13.5</ele>
      </trkpt>
      <trkpt lat="47.54799" lon="-122.39789">
        <ele>13.9</ele>
      </trkpt>
      <trkpt lat="47.54793" lon="-122.39792">
        <ele>13.8</ele>
      </trkpt>
      <trkpt lat="47.54788" lon="-122.39794">
        <ele>13.8</ele>
      </trkpt>
      <trkpt lat="47.547759" lon="-122.39801">
        <ele>13.6</ele>
      </trkpt>
      <trkpt lat="47.54761" lon="-122.3981">
        <ele>13.8</ele>
      </trkpt>
      <trkpt lat="47.54732" lon="-122.39828">
        <ele>13.9</ele>
      </trkpt>
      <trkpt lat="47.54711" lon="-122.39841">
        <ele>13.9</ele>
      </trkpt>
      <trkpt lat="47.54696" lon="-122.39849">
        <ele>13.8</ele>
      </trkpt>
      <trkpt lat="47.54671" lon="-122.39861">
        <ele>13.7</ele>
      </trkpt>
      <trkpt lat="47.54668" lon="-122.39863">
        <ele>13.6</ele>
      </trkpt>
      <trkpt lat="47.54663" lon="-122.39865">
        <ele>13.6</ele>
      </trkpt>
      <trkpt lat="47.54656" lon="-122.39866">
        <ele>13.7</ele>
      </trkpt>
      <trkpt lat="47.5465" lon="-122.39867">
        <ele>13.7</ele>
      </trkpt>
      <trkpt lat="47.54642" lon="-122.39867">
        <ele>13.9</ele>
      </trkpt>
      <trkpt lat="47.54638" lon="-122.39867">
        <ele>14.0</ele>
      </trkpt>
      <trkpt lat="47.54633" lon="-122.39866">
        <ele>14.1</ele>
      </trkpt>
      <trkpt lat="47.54625" lon="-122.39864">
        <ele>14.2</ele>
      </trkpt>
      <trkpt lat="47.54621" lon="-122.39863">
        <ele>14.2</ele>
      </trkpt>
      <trkpt lat="47.546169" lon="-122.39861">
        <ele>14.2</ele>
      </trkpt>
      <trkpt lat="47.54615" lon="-122.3986">
        <ele>14.4</ele>
      </trkpt>
      <trkpt lat="47.54611" lon="-122.39858">
        <ele>14.6</ele>
      </trkpt>
      <trkpt lat="47.54607" lon="-122.39856">
        <ele>14.7</ele>
      </trkpt>
      <trkpt lat="47.54603" lon="-122.39853">
        <ele>14.9</ele>
      </trkpt>
      <trkpt lat="47.54598" lon="-122.3985">
        <ele>15.1</ele>
      </trkpt>
      <trkpt lat="47.54592" lon="-122.39846">
        <ele>15.1</ele>
      </trkpt>
      <trkpt lat="47.54585" lon="-122.39842">
        <ele>15.3</ele>
      </trkpt>
      <trkpt lat="47.54578" lon="-122.39838">
        <ele>15.5</ele>
      </trkpt>
      <trkpt lat="47.54573" lon="-122.39835">
        <ele>15.5</ele>
      </trkpt>
      <trkpt lat="47.54566" lon="-122.39831">
        <ele>15.6</ele>
      </trkpt>
      <trkpt lat="47.54553" lon="-122.39822">
        <ele>17.5</ele>
      </trkpt>
      <trkpt lat="47.54542" lon="-122.39821">
        <ele>18.2</ele>
      </trkpt>
      <trkpt lat="47.54537" lon="-122.3982">
        <ele>18.4</ele>
      </trkpt>
      <trkpt lat="47.5452" lon="-122.3982">
        <ele>18.6</ele>
      </trkpt>
      <trkpt lat="47.54512" lon="-122.39818">
        <ele>19.0</ele>
      </trkpt>
      <trkpt lat="47.54506" lon="-122.39816">
        <ele>19.3</ele>
      </trkpt>
      <trkpt lat="47.54498" lon="-122.39813">
        <ele>19.6</ele>
      </trkpt>
      <trkpt lat="47.54486" lon="-122.39805">
        <ele>20.2</ele>
      </trkpt>
      <trkpt lat="47.54426" lon="-122.39752">
        <ele>22.5</ele>
      </trkpt>
      <trkpt lat="47.54424" lon="-122.3975">
        <ele>22.5</ele>
      </trkpt>
      <trkpt lat="47.54358" lon="-122.39679">
        <ele>22.1</ele>
      </trkpt>
      <trkpt lat="47.54345" lon="-122.39665">
        <ele>21.7</ele>
      </trkpt>
      <trkpt lat="47.54338" lon="-122.39658">
        <ele>22.0</ele>
      </trkpt>
      <trkpt lat="47.54331" lon="-122.39653">
        <ele>22.3</ele>
      </trkpt>
      <trkpt lat="47.54327" lon="-122.39649">
        <ele>22.7</ele>
      </trkpt>
      <trkpt lat="47.54323" lon="-122.39647">
        <ele>22.8</ele>
      </trkpt>
      <trkpt lat="47.54315" lon="-122.39646">
        <ele>22.2</ele>
      </trkpt>
      <trkpt lat="47.54258" lon="-122.39639">
        <ele>17.3</ele>
      </trkpt>
      <trkpt lat="47.542499" lon="-122.39638">
        <ele>17.2</ele>
      </trkpt>
      <trkpt lat="47.54236" lon="-122.39638">
        <ele>17.1</ele>
      </trkpt>
      <trkpt lat="47.54219" lon="-122.39638">
        <ele>17.0</ele>
      </trkpt>
      <trkpt lat="47.54195" lon="-122.39639">
        <ele>16.3</ele>
      </trkpt>
      <trkpt lat="47.54171" lon="-122.3964">
        <ele>12.8</ele>
      </trkpt>
      <trkpt lat="47.54153" lon="-122.39641">
        <ele>12.3</ele>
      </trkpt>
      <trkpt lat="47.54136" lon="-122.39642">
        <ele>12.2</ele>
      </trkpt>
      <trkpt lat="47.54098" lon="-122.39643">
        <ele>14.5</ele>
      </trkpt>
      <trkpt lat="47.54079" lon="-122.39644">
        <ele>13.5</ele>
      </trkpt>
      <trkpt lat="47.54067" lon="-122.39645">
        <ele>12.4</ele>
      </trkpt>
      <trkpt lat="47.53976" lon="-122.39633">
        <ele>9.6</ele>
      </trkpt>
      <trkpt lat="47.53966" lon="-122.39633">
        <ele>9.5</ele>
      </trkpt>
      <trkpt lat="47.53948" lon="-122.39632">
        <ele>10.0</ele>
      </trkpt>
      <trkpt lat="47.53933" lon="-122.39631">
        <ele>10.2</ele>
      </trkpt>
      <trkpt lat="47.53922" lon="-122.3963">
        <ele>10.4</ele>
      </trkpt>
      <trkpt lat="47.53881" lon="-122.39621">
        <ele>11.8</ele>
      </trkpt>
      <trkpt lat="47.53824" lon="-122.39608">
        <ele>14.6</ele>
      </trkpt>
      <trkpt lat="47.53803" lon="-122.39604">
        <ele>15.8</ele>
      </trkpt>
      <trkpt lat="47.53785" lon="-122.39603">
        <ele>15.4</ele>
      </trkpt>
      <trkpt lat="47.53743" lon="-122.39602">
        <ele>14.2</ele>
      </trkpt>
      <trkpt lat="47.53701" lon="-122.39598">
        <ele>13.6</ele>
      </trkpt>
      <trkpt lat="47.53684" lon="-122.39597">
        <ele>12.1</ele>
      </trkpt>
      <trkpt lat="47.53669" lon="-122.39595">
        <ele>11.7</ele>
      </trkpt>
      <trkpt lat="47.53662" lon="-122.39592">
        <ele>12.3</ele>
      </trkpt>
      <trkpt lat="47.53649" lon="-122.39587">
        <ele>13.0</ele>
      </trkpt>
      <trkpt lat="47.53622" lon="-122.39579">
        <ele>12.0</ele>
      </trkpt>
      <trkpt lat="47.536029" lon="-122.39577">
        <ele>8.8</ele>
      </trkpt>
      <trkpt lat="47.53595" lon="-122.39576">
        <ele>7.9</ele>
      </trkpt>
      <trkpt lat="47.53583" lon="-122.39574">
        <ele>7.8</ele>
      </trkpt>
      <trkpt lat="47.53543" lon="-122.39575">
        <ele>8.7</ele>
      </trkpt>
      <trkpt lat="47.53507" lon="-122.39587">
        <ele>9.3</ele>
      </trkpt>
      <trkpt lat="47.53475" lon="-122.39605">
        <ele>9.5</ele>
      </trkpt>
      <trkpt lat="47.53441" lon="-122.39635">
        <ele>5.5</ele>
      </trkpt>
      <trkpt lat="47.53416" lon="-122.39659">
        <ele>4.3</ele>
      </trkpt>
      <trkpt lat="47.53396" lon="-122.39677">
        <ele>4.8</ele>
      </trkpt>
      <trkpt lat="47.53396" lon="-122.39678">
        <ele>4.6</ele>
      </trkpt>
      <trkpt lat="47.533589" lon="-122.39714">
        <ele>5.4</ele>
      </trkpt>
      <trkpt lat="47.53305" lon="-122.39774">
        <ele>6.9</ele>
      </trkpt>
      <trkpt lat="47.5326" lon="-122.39836">
        <ele>4.8</ele>
      </trkpt>
      <trkpt lat="47.53224" lon="-122.39883">
        <ele>3.8</ele>
      </trkpt>
      <trkpt lat="47.53196" lon="-122.39925">
        <ele>2.7</ele>
      </trkpt>
      <trkpt lat="47.5317" lon="-122.39964">
        <ele>3.2</ele>
      </trkpt>
      <trkpt lat="47.5316" lon="-122.39982">
        <ele>2.8</ele>
      </trkpt>
      <trkpt lat="47.5316" lon="-122.39982">
        <ele>2.8</ele>
      </trkpt>
      <trkpt lat="47.5316" lon="-122.39982">
        <ele>2.8</ele>
      </trkpt>
      <trkpt lat="47.53144" lon="-122.39986">
        <ele>4.4</ele>
      </trkpt>
      <trkpt lat="47.53118" lon="-122.4">
        <ele>5.2</ele>
      </trkpt>
      <trkpt lat="47.53084" lon="-122.40021">
        <ele>5.5</ele>
      </trkpt>
      <trkpt lat="47.5308" lon="-122.40024">
        <ele>5.6</ele>
      </trkpt>
      <trkpt lat="47.53066" lon="-122.4004">
        <ele>5.1</ele>
      </trkpt>
      <trkpt lat="47.53065" lon="-122.40041">
        <ele>5.2</ele>
      </trkpt>
      <trkpt lat="47.53057" lon="-122.40048">
        <ele>5.3</ele>
      </trkpt>
      <trkpt lat="47.53042" lon="-122.40054">
        <ele>5.3</ele>
      </trkpt>
      <trkpt lat="47.53015" lon="-122.4006">
        <ele>5.6</ele>
      </trkpt>
      <trkpt lat="47.52999" lon="-122.40059">
        <ele>5.8</ele>
      </trkpt>
      <trkpt lat="47.5299" lon="-122.4006">
        <ele>5.7</ele>
      </trkpt>
      <trkpt lat="47.52981" lon="-122.40059">
        <ele>5.9</ele>
      </trkpt>
      <trkpt lat="47.52973" lon="-122.40057">
        <ele>6.1</ele>
      </trkpt>
      <trkpt lat="47.52957" lon="-122.40047">
        <ele>7.1</ele>
      </trkpt>
      <trkpt lat="47.52935" lon="-122.4002">
        <ele>9.4</ele>
      </trkpt>
      <trkpt lat="47.52916" lon="-122.39986">
        <ele>12.1</ele>
      </trkpt>
      <trkpt lat="47.52916" lon="-122.39986">
        <ele>12.1</ele>
      </trkpt>
      <trkpt lat="47.52854" lon="-122.398769">
        <ele>10.5</ele>
      </trkpt>
      <trkpt lat="47.52792" lon="-122.397678">
        <ele>9.0</ele>
      </trkpt>
      <trkpt lat="47.527299" lon="-122.396587">
        <ele>8.1</ele>
      </trkpt>
      <trkpt lat="47.526679" lon="-122.395496">
        <ele>6.2</ele>
      </trkpt>
      <trkpt lat="47.526679" lon="-122.395496">
        <ele>6.2</ele>
      </trkpt>
      <trkpt lat="47.52602" lon="-122.39425">
        <ele>11.6</ele>
      </trkpt>
      <trkpt lat="47.52602" lon="-122.39423">
        <ele>11.7</ele>
      </trkpt>
      <trkpt lat="47.526" lon="-122.39415">
        <ele>11.7</ele>
      </trkpt>
      <trkpt lat="47.52599" lon="-122.39397">
        <ele>12.5</ele>
      </trkpt>
      <trkpt lat="47.52599" lon="-122.39396">
        <ele>12.6</ele>
      </trkpt>
      <trkpt lat="47.52599" lon="-122.39385">
        <ele>13.5</ele>
      </trkpt>
      <trkpt lat="47.526" lon="-122.39377">
        <ele>14.4</ele>
      </trkpt>
      <trkpt lat="47.52601" lon="-122.39369">
        <ele>15.2</ele>
      </trkpt>
      <trkpt lat="47.52604" lon="-122.39357">
        <ele>15.9</ele>
      </trkpt>
      <trkpt lat="47.52607" lon="-122.39348">
        <ele>16.4</ele>
      </trkpt>
      <trkpt lat="47.52609" lon="-122.39344">
        <ele>16.7</ele>
      </trkpt>
      <trkpt lat="47.52612" lon="-122.39333">
        <ele>17.2</ele>
      </trkpt>
      <trkpt lat="47.52616" lon="-122.39324">
        <ele>17.9</ele>
      </trkpt>
      <trkpt lat="47.526179" lon="-122.39314">
        <ele>18.5</ele>
      </trkpt>
      <trkpt lat="47.5262" lon="-122.39308">
        <ele>18.9</ele>
      </trkpt>
      <trkpt lat="47.5262" lon="-122.39307">
        <ele>18.9</ele>
      </trkpt>
      <trkpt lat="47.52621" lon="-122.39305">
        <ele>19.1</ele>
      </trkpt>
      <trkpt lat="47.52621" lon="-122.39304">
        <ele>19.1</ele>
      </trkpt>
      <trkpt lat="47.52622" lon="-122.39303">
        <ele>19.2</ele>
      </trkpt>
      <trkpt lat="47.52622" lon="-122.39302">
        <ele>19.2</ele>
      </trkpt>
      <trkpt lat="47.52623" lon="-122.39302">
        <ele>19.3</ele>
      </trkpt>
      <trkpt lat="47.52624" lon="-122.39301">
        <ele>19.3</ele>
      </trkpt>
      <trkpt lat="47.52625" lon="-122.39301">
        <ele>19.4</ele>
      </trkpt>
      <trkpt lat="47.52626" lon="-122.39301">
        <ele>19.4</ele>
      </trkpt>
      <trkpt lat="47.5263" lon="-122.39304">
        <ele>19.5</ele>
      </trkpt>
      <trkpt lat="47.5263" lon="-122.39304">
        <ele>19.5</ele>
      </trkpt>
      <trkpt lat="47.5263" lon="-122.39304">
        <ele>19.5</ele>
      </trkpt>
      <trkpt lat="47.526269" lon="-122.39273">
        <ele>20.7</ele>
      </trkpt>
      <trkpt lat="47.526269" lon="-122.39273">
        <ele>20.7</ele>
      </trkpt>
      <trkpt lat="47.526269" lon="-122.39273">
        <ele>20.7</ele>
      </trkpt>
      <trkpt lat="47.52572" lon="-122.39276">
        <ele>19.9</ele>
      </trkpt>
      <trkpt lat="47.52534" lon="-122.39276">
        <ele>17.9</ele>
      </trkpt>
      <trkpt lat="47.52529" lon="-122.39276">
        <ele>17.6</ele>
      </trkpt>
      <trkpt lat="47.52512" lon="-122.39277">
        <ele>16.3</ele>
      </trkpt>
      <trkpt lat="47.52487" lon="-122.39279">
        <ele>15.2</ele>
      </trkpt>
      <trkpt lat="47.52449" lon="-122.39285">
        <ele>14.1</ele>
      </trkpt>
      <trkpt lat="47.523449" lon="-122.39299">
        <ele>10.3</ele>
      </trkpt>
      <trkpt lat="47.5234" lon="-122.393">
        <ele>10.3</ele>
      </trkpt>
      <trkpt lat="47.52335" lon="-122.39301">
        <ele>10.2</ele>
      </trkpt>
      <trkpt lat="47.52323" lon="-122.39301">
        <ele>10.2</ele>
      </trkpt>
      <trkpt lat="47.52312" lon="-122.393">
        <ele>10.4</ele>
      </trkpt>
      <trkpt lat="47.522889" lon="-122.39296">
        <ele>10.7</ele>
      </trkpt>
      <trkpt lat="47.52264" lon="-122.39287">
        <ele>9.9</ele>
      </trkpt>
      <trkpt lat="47.52258" lon="-122.39285">
        <ele>9.6</ele>
      </trkpt>
      <trkpt lat="47.52253" lon="-122.39284">
        <ele>9.8</ele>
      </trkpt>
      <trkpt lat="47.52249" lon="-122.39284">
        <ele>10.2</ele>
      </trkpt>
      <trkpt lat="47.52244" lon="-122.39284">
        <ele>11.1</ele>
      </trkpt>
      <trkpt lat="47.5224" lon="-122.39284">
        <ele>11.8</ele>
      </trkpt>
      <trkpt lat="47.52238" lon="-122.39284">
        <ele>12.1</ele>
      </trkpt>
      <trkpt lat="47.52234" lon="-122.39285">
        <ele>12.7</ele>
      </trkpt>
      <trkpt lat="47.52227" lon="-122.39287">
        <ele>13.6</ele>
      </trkpt>
      <trkpt lat="47.52217" lon="-122.39291">
        <ele>14.3</ele>
      </trkpt>
      <trkpt lat="47.52213" lon="-122.39292">
        <ele>14.6</ele>
      </trkpt>
      <trkpt lat="47.52211" lon="-122.39292">
        <ele>14.7</ele>
      </trkpt>
      <trkpt lat="47.52209" lon="-122.39293">
        <ele>14.7</ele>
      </trkpt>
      <trkpt lat="47.52207" lon="-122.39292">
        <ele>14.9</ele>
      </trkpt>
      <trkpt lat="47.52205" lon="-122.39292">
        <ele>15.0</ele>
      </trkpt>
      <trkpt lat="47.52203" lon="-122.39291">
        <ele>15.1</ele>
      </trkpt>
      <trkpt lat="47.52198" lon="-122.39288">
        <ele>15.4</ele>
      </trkpt>
      <trkpt lat="47.52198" lon="-122.39288">
        <ele>15.4</ele>
      </trkpt>
      <trkpt lat="47.52198" lon="-122.39288">
        <ele>15.4</ele>
      </trkpt>
      <trkpt lat="47.52197" lon="-122.39287">
        <ele>15.5</ele>
      </trkpt>
      <trkpt lat="47.52196" lon="-122.39286">
        <ele>15.6</ele>
      </trkpt>
      <trkpt lat="47.52194" lon="-122.39284">
        <ele>15.8</ele>
      </trkpt>
      <trkpt lat="47.52154" lon="-122.39207">
        <ele>20.2</ele>
      </trkpt>
      <trkpt lat="47.52108" lon="-122.39117">
        <ele>25.4</ele>
      </trkpt>
      <trkpt lat="47.5208" lon="-122.39024">
        <ele>29.2</ele>
      </trkpt>
      <trkpt lat="47.5208" lon="-122.39024">
        <ele>29.2</ele>
      </trkpt>
      <trkpt lat="47.5208" lon="-122.39024">
        <ele>29.2</ele>
      </trkpt>
      <trkpt lat="47.52061" lon="-122.39025">
        <ele>29.8</ele>
      </trkpt>
      <trkpt lat="47.52051" lon="-122.39026">
        <ele>30.0</ele>
      </trkpt>
      <trkpt lat="47.52047" lon="-122.39027">
        <ele>30.1</ele>
      </trkpt>
      <trkpt lat="47.52043" lon="-122.39028">
        <ele>30.2</ele>
      </trkpt>
      <trkpt lat="47.52034" lon="-122.39032">
        <ele>30.2</ele>
      </trkpt>
      <trkpt lat="47.52025" lon="-122.39037">
        <ele>30.1</ele>
      </trkpt>
      <trkpt lat="47.51921" lon="-122.391">
        <ele>38.3</ele>
      </trkpt>
      <trkpt lat="47.51916" lon="-122.39103">
        <ele>38.6</ele>
      </trkpt>
      <trkpt lat="47.51911" lon="-122.39105">
        <ele>38.9</ele>
      </trkpt>
      <trkpt lat="47.51899" lon="-122.3911">
        <ele>39.4</ele>
      </trkpt>
      <trkpt lat="47.518859" lon="-122.39114">
        <ele>40.3</ele>
      </trkpt>
      <trkpt lat="47.51872" lon="-122.39118">
        <ele>41.9</ele>
      </trkpt>
      <trkpt lat="47.51867" lon="-122.39119">
        <ele>42.5</ele>
      </trkpt>
      <trkpt lat="47.51861" lon="-122.39119">
        <ele>43.3</ele>
      </trkpt>
      <trkpt lat="47.51856" lon="-122.3912">
        <ele>43.7</ele>
      </trkpt>
      <trkpt lat="47.51855" lon="-122.3912">
        <ele>43.8</ele>
      </trkpt>
      <trkpt lat="47.51799" lon="-122.3912">
        <ele>50.3</ele>
      </trkpt>
      <trkpt lat="47.517539" lon="-122.39118">
        <ele>56.8</ele>
      </trkpt>
      <trkpt lat="47.517539" lon="-122.39118">
        <ele>56.8</ele>
      </trkpt>
      <trkpt lat="47.517539" lon="-122.39118">
        <ele>56.8</ele>
      </trkpt>
      <trkpt lat="47.51739" lon="-122.39117">
        <ele>59.9</ele>
      </trkpt>
      <trkpt lat="47.51734" lon="-122.39118">
        <ele>60.3</ele>
      </trkpt>
      <trkpt lat="47.51724" lon="-122.39121">
        <ele>61.0</ele>
      </trkpt>
      <trkpt lat="47.51687" lon="-122.39133">
        <ele>64.4</ele>
      </trkpt>
      <trkpt lat="47.51658" lon="-122.39141">
        <ele>64.8</ele>
      </trkpt>
      <trkpt lat="47.51648" lon="-122.39144">
        <ele>65.2</ele>
      </trkpt>
      <trkpt lat="47.51639" lon="-122.39145">
        <ele>67.0</ele>
      </trkpt>
      <trkpt lat="47.5163" lon="-122.39146">
        <ele>68.6</ele>
      </trkpt>
      <trkpt lat="47.516219" lon="-122.39147">
        <ele>68.9</ele>
      </trkpt>
      <trkpt lat="47.51609" lon="-122.39147">
        <ele>69.4</ele>
      </trkpt>
      <trkpt lat="47.5157" lon="-122.39148">
        <ele>73.5</ele>
      </trkpt>
      <trkpt lat="47.51564" lon="-122.39148">
        <ele>74.0</ele>
      </trkpt>
      <trkpt lat="47.51499" lon="-122.39145">
        <ele>80.7</ele>
      </trkpt>
      <trkpt lat="47.5149" lon="-122.39144">
        <ele>81.3</ele>
      </trkpt>
      <trkpt lat="47.51464" lon="-122.39138">
        <ele>84.3</ele>
      </trkpt>
      <trkpt lat="47.5133" lon="-122.39106">
        <ele>94.0</ele>
      </trkpt>
      <trkpt lat="47.5131" lon="-122.39101">
        <ele>95.0</ele>
      </trkpt>
      <trkpt lat="47.51297" lon="-122.39096">
        <ele>95.4</ele>
      </trkpt>
      <trkpt lat="47.51273" lon="-122.39085">
        <ele>96.7</ele>
      </trkpt>
      <trkpt lat="47.51253" lon="-122.39075">
        <ele>99.5</ele>
      </trkpt>
      <trkpt lat="47.51247" lon="-122.39071">
        <ele>100.2</ele>
      </trkpt>
      <trkpt lat="47.5123" lon="-122.3906">
        <ele>102.2</ele>
      </trkpt>
      <trkpt lat="47.5122" lon="-122.39054">
        <ele>103.6</ele>
      </trkpt>
      <trkpt lat="47.51212" lon="-122.39048">
        <ele>104.6</ele>
      </trkpt>
      <trkpt lat="47.512" lon="-122.3904">
        <ele>105.5</ele>
      </trkpt>
      <trkpt lat="47.5119" lon="-122.39033">
        <ele>106.2</ele>
      </trkpt>
      <trkpt lat="47.51177" lon="-122.39022">
        <ele>107.9</ele>
      </trkpt>
      <trkpt lat="47.51167" lon="-122.39014">
        <ele>109.3</ele>
      </trkpt>
      <trkpt lat="47.51157" lon="-122.39004">
        <ele>110.4</ele>
      </trkpt>
      <trkpt lat="47.51145" lon="-122.3899">
        <ele>111.4</ele>
      </trkpt>
      <trkpt lat="47.51127" lon="-122.38967">
        <ele>114.1</ele>
      </trkpt>
      <trkpt lat="47.51096" lon="-122.3892">
        <ele>119.1</ele>
      </trkpt>
      <trkpt lat="47.510779" lon="-122.38893">
        <ele>121.4</ele>
      </trkpt>
      <trkpt lat="47.51067" lon="-122.38874">
        <ele>122.3</ele>
      </trkpt>
      <trkpt lat="47.51053" lon="-122.38857">
        <ele>123.2</ele>
      </trkpt>
      <trkpt lat="47.51038" lon="-122.38842">
        <ele>123.8</ele>
      </trkpt>
      <trkpt lat="47.51027" lon="-122.38832">
        <ele>124.2</ele>
      </trkpt>
      <trkpt lat="47.510219" lon="-122.38827">
        <ele>124.3</ele>
      </trkpt>
      <trkpt lat="47.51007" lon="-122.38816">
        <ele>124.6</ele>
      </trkpt>
      <trkpt lat="47.50994" lon="-122.38809">
        <ele>124.8</ele>
      </trkpt>
      <trkpt lat="47.50986" lon="-122.38805">
        <ele>124.9</ele>
      </trkpt>
      <trkpt lat="47.50979" lon="-122.38803">
        <ele>124.9</ele>
      </trkpt>
      <trkpt lat="47.50971" lon="-122.388">
        <ele>124.9</ele>
      </trkpt>
      <trkpt lat="47.50964" lon="-122.38798">
        <ele>124.8</ele>
      </trkpt>
      <trkpt lat="47.50958" lon="-122.38797">
        <ele>124.6</ele>
      </trkpt>
      <trkpt lat="47.50944" lon="-122.38795">
        <ele>123.7</ele>
      </trkpt>
      <trkpt lat="47.50931" lon="-122.38792">
        <ele>122.3</ele>
      </trkpt>
      <trkpt lat="47.50904" lon="-122.38789">
        <ele>120.7</ele>
      </trkpt>
      <trkpt lat="47.50888" lon="-122.38786">
        <ele>120.4</ele>
      </trkpt>
      <trkpt lat="47.50875" lon="-122.38784">
        <ele>120.0</ele>
      </trkpt>
      <trkpt lat="47.50867" lon="-122.38783">
        <ele>119.7</ele>
      </trkpt>
      <trkpt lat="47.50859" lon="-122.38782">
        <ele>119.3</ele>
      </trkpt>
      <trkpt lat="47.50851" lon="-122.38781">
        <ele>119.0</ele>
      </trkpt>
      <trkpt lat="47.50839" lon="-122.38781">
        <ele>118.3</ele>
      </trkpt>
      <trkpt lat="47.50829" lon="-122.38781">
        <ele>117.8</ele>
      </trkpt>
      <trkpt lat="47.50798" lon="-122.38782">
        <ele>115.8</ele>
      </trkpt>
      <trkpt lat="47.50781" lon="-122.38783">
        <ele>115.1</ele>
      </trkpt>
      <trkpt lat="47.50773" lon="-122.38783">
        <ele>114.7</ele>
      </trkpt>
      <trkpt lat="47.50766" lon="-122.38783">
        <ele>114.2</ele>
      </trkpt>
      <trkpt lat="47.50758" lon="-122.38782">
        <ele>113.4</ele>
      </trkpt>
      <trkpt lat="47.50751" lon="-122.38781">
        <ele>112.7</ele>
      </trkpt>
      <trkpt lat="47.50743" lon="-122.38779">
        <ele>111.8</ele>
      </trkpt>
      <trkpt lat="47.50735" lon="-122.38776">
        <ele>110.9</ele>
      </trkpt>
      <trkpt lat="47.50729" lon="-122.38773">
        <ele>110.5</ele>
      </trkpt>
      <trkpt lat="47.507219" lon="-122.38769">
        <ele>110.3</ele>
      </trkpt>
      <trkpt lat="47.50715" lon="-122.38765">
        <ele>110.3</ele>
      </trkpt>
      <trkpt lat="47.50708" lon="-122.3876">
        <ele>110.2</ele>
      </trkpt>
      <trkpt lat="47.50702" lon="-122.38754">
        <ele>110.1</ele>
      </trkpt>
      <trkpt lat="47.50695" lon="-122.38746">
        <ele>109.8</ele>
      </trkpt>
      <trkpt lat="47.50689" lon="-122.38738">
        <ele>109.4</ele>
      </trkpt>
      <trkpt lat="47.506839" lon="-122.3873">
        <ele>109.2</ele>
      </trkpt>
      <trkpt lat="47.50677" lon="-122.38718">
        <ele>108.9</ele>
      </trkpt>
      <trkpt lat="47.50667" lon="-122.38699">
        <ele>108.5</ele>
      </trkpt>
      <trkpt lat="47.506659" lon="-122.38694">
        <ele>108.5</ele>
      </trkpt>
      <trkpt lat="47.50664" lon="-122.3869">
        <ele>108.4</ele>
      </trkpt>
      <trkpt lat="47.50662" lon="-122.38683">
        <ele>108.4</ele>
      </trkpt>
      <trkpt lat="47.50658" lon="-122.38669">
        <ele>108.3</ele>
      </trkpt>
      <trkpt lat="47.50656" lon="-122.38662">
        <ele>108.3</ele>
      </trkpt>
      <trkpt lat="47.50652" lon="-122.38647">
        <ele>108.2</ele>
      </trkpt>
      <trkpt lat="47.50651" lon="-122.38636">
        <ele>108.3</ele>
      </trkpt>
      <trkpt lat="47.5065" lon="-122.38625">
        <ele>108.4</ele>
      </trkpt>
      <trkpt lat="47.50649" lon="-122.38613">
        <ele>108.5</ele>
      </trkpt>
      <trkpt lat="47.50648" lon="-122.3859">
        <ele>108.9</ele>
      </trkpt>
      <trkpt lat="47.50647" lon="-122.38559">
        <ele>110.1</ele>
      </trkpt>
      <trkpt lat="47.50647" lon="-122.3854">
        <ele>110.9</ele>
      </trkpt>
      <trkpt lat="47.50647" lon="-122.3854">
        <ele>110.9</ele>
      </trkpt>
      <trkpt lat="47.50647" lon="-122.3854">
        <ele>110.9</ele>
      </trkpt>
      <trkpt lat="47.50647" lon="-122.384">
        <ele>110.8</ele>
      </trkpt>
      <trkpt lat="47.50645" lon="-122.38252">
        <ele>108.1</ele>
      </trkpt>
      <trkpt lat="47.50645" lon="-122.38236">
        <ele>107.9</ele>
      </trkpt>
      <trkpt lat="47.50644" lon="-122.38223">
        <ele>107.6</ele>
      </trkpt>
      <trkpt lat="47.50644" lon="-122.38216">
        <ele>107.4</ele>
      </trkpt>
      <trkpt lat="47.50643" lon="-122.38209">
        <ele>107.2</ele>
      </trkpt>
      <trkpt lat="47.50643" lon="-122.38203">
        <ele>107.0</ele>
      </trkpt>
      <trkpt lat="47.50642" lon="-122.38197">
        <ele>106.8</ele>
      </trkpt>
      <trkpt lat="47.50639" lon="-122.38185">
        <ele>106.3</ele>
      </trkpt>
      <trkpt lat="47.50636" lon="-122.38172">
        <ele>105.9</ele>
      </trkpt>
      <trkpt lat="47.5063" lon="-122.38153">
        <ele>105.2</ele>
      </trkpt>
      <trkpt lat="47.5063" lon="-122.38153">
        <ele>105.2</ele>
      </trkpt>
      <trkpt lat="47.5063" lon="-122.38153">
        <ele>105.2</ele>
      </trkpt>
      <trkpt lat="47.50624" lon="-122.38137">
        <ele>104.7</ele>
      </trkpt>
      <trkpt lat="47.5062" lon="-122.38127">
        <ele>104.4</ele>
      </trkpt>
      <trkpt lat="47.50617" lon="-122.38121">
        <ele>104.2</ele>
      </trkpt>
      <trkpt lat="47.50615" lon="-122.38117">
        <ele>104.1</ele>
      </trkpt>
      <trkpt lat="47.50611" lon="-122.38111">
        <ele>103.8</ele>
      </trkpt>
      <trkpt lat="47.50608" lon="-122.38106">
        <ele>103.6</ele>
      </trkpt>
      <trkpt lat="47.50605" lon="-122.38102">
        <ele>103.4</ele>
      </trkpt>
      <trkpt lat="47.50603" lon="-122.38099">
        <ele>103.2</ele>
      </trkpt>
      <trkpt lat="47.50601" lon="-122.38096">
        <ele>103.0</ele>
      </trkpt>
      <trkpt lat="47.50598" lon="-122.38092">
        <ele>102.8</ele>
      </trkpt>
      <trkpt lat="47.50594" lon="-122.38087">
        <ele>102.6</ele>
      </trkpt>
      <trkpt lat="47.50589" lon="-122.38081">
        <ele>102.2</ele>
      </trkpt>
      <trkpt lat="47.50583" lon="-122.38075">
        <ele>101.7</ele>
      </trkpt>
      <trkpt lat="47.50579" lon="-122.38071">
        <ele>101.3</ele>
      </trkpt>
      <trkpt lat="47.50574" lon="-122.38066">
        <ele>100.9</ele>
      </trkpt>
      <trkpt lat="47.5057" lon="-122.38063">
        <ele>100.6</ele>
      </trkpt>
      <trkpt lat="47.50566" lon="-122.3806">
        <ele>100.4</ele>
      </trkpt>
      <trkpt lat="47.50562" lon="-122.38057">
        <ele>100.1</ele>
      </trkpt>
      <trkpt lat="47.50555" lon="-122.38054">
        <ele>99.7</ele>
      </trkpt>
      <trkpt lat="47.50549" lon="-122.38051">
        <ele>99.3</ele>
      </trkpt>
      <trkpt lat="47.50546" lon="-122.38049">
        <ele>99.1</ele>
      </trkpt>
      <trkpt lat="47.50542" lon="-122.38048">
        <ele>98.8</ele>
      </trkpt>
      <trkpt lat="47.50537" lon="-122.38046">
        <ele>98.4</ele>
      </trkpt>
      <trkpt lat="47.50532" lon="-122.38045">
        <ele>98.1</ele>
      </trkpt>
      <trkpt lat="47.50526" lon="-122.38045">
        <ele>97.6</ele>
      </trkpt>
      <trkpt lat="47.5052" lon="-122.38045">
        <ele>97.2</ele>
      </trkpt>
      <trkpt lat="47.50513" lon="-122.38045">
        <ele>96.7</ele>
      </trkpt>
      <trkpt lat="47.50499" lon="-122.38047">
        <ele>95.6</ele>
      </trkpt>
      <trkpt lat="47.50466" lon="-122.38053">
        <ele>92.9</ele>
      </trkpt>
      <trkpt lat="47.50371" lon="-122.38069">
        <ele>86.6</ele>
      </trkpt>
      <trkpt lat="47.50353" lon="-122.38072">
        <ele>85.4</ele>
      </trkpt>
      <trkpt lat="47.50315" lon="-122.38079">
        <ele>82.6</ele>
      </trkpt>
      <trkpt lat="47.50286" lon="-122.38084">
        <ele>80.8</ele>
      </trkpt>
      <trkpt lat="47.50266" lon="-122.38087">
        <ele>79.2</ele>
      </trkpt>
      <trkpt lat="47.50251" lon="-122.38089">
        <ele>78.2</ele>
      </trkpt>
      <trkpt lat="47.50246" lon="-122.3809">
        <ele>77.9</ele>
      </trkpt>
      <trkpt lat="47.50228" lon="-122.38091">
        <ele>77.3</ele>
      </trkpt>
      <trkpt lat="47.50224" lon="-122.38092">
        <ele>77.3</ele>
      </trkpt>
      <trkpt lat="47.50221" lon="-122.38091">
        <ele>77.2</ele>
      </trkpt>
      <trkpt lat="47.50216" lon="-122.38091">
        <ele>77.1</ele>
      </trkpt>
      <trkpt lat="47.50211" lon="-122.38091">
        <ele>77.1</ele>
      </trkpt>
      <trkpt lat="47.50206" lon="-122.3809">
        <ele>77.0</ele>
      </trkpt>
      <trkpt lat="47.50199" lon="-122.38088">
        <ele>76.9</ele>
      </trkpt>
      <trkpt lat="47.50195" lon="-122.38087">
        <ele>76.8</ele>
      </trkpt>
      <trkpt lat="47.50193" lon="-122.38086">
        <ele>76.7</ele>
      </trkpt>
      <trkpt lat="47.5019" lon="-122.38085">
        <ele>76.6</ele>
      </trkpt>
      <trkpt lat="47.50184" lon="-122.38082">
        <ele>76.4</ele>
      </trkpt>
      <trkpt lat="47.50179" lon="-122.38079">
        <ele>76.1</ele>
      </trkpt>
      <trkpt lat="47.50174" lon="-122.38076">
        <ele>75.7</ele>
      </trkpt>
      <trkpt lat="47.50169" lon="-122.38073">
        <ele>75.3</ele>
      </trkpt>
      <trkpt lat="47.50166" lon="-122.38071">
        <ele>75.0</ele>
      </trkpt>
      <trkpt lat="47.50158" lon="-122.38064">
        <ele>74.2</ele>
      </trkpt>
      <trkpt lat="47.50154" lon="-122.3806">
        <ele>73.8</ele>
      </trkpt>
      <trkpt lat="47.501489" lon="-122.38055">
        <ele>73.4</ele>
      </trkpt>
      <trkpt lat="47.50145" lon="-122.38052">
        <ele>73.0</ele>
      </trkpt>
      <trkpt lat="47.50143" lon="-122.38049">
        <ele>72.8</ele>
      </trkpt>
      <trkpt lat="47.501399" lon="-122.38046">
        <ele>72.6</ele>
      </trkpt>
      <trkpt lat="47.50137" lon="-122.38042">
        <ele>72.4</ele>
      </trkpt>
      <trkpt lat="47.50111" lon="-122.38007">
        <ele>72.2</ele>
      </trkpt>
      <trkpt lat="47.50065" lon="-122.3794">
        <ele>69.8</ele>
      </trkpt>
      <trkpt lat="47.50014" lon="-122.37864">
        <ele>63.7</ele>
      </trkpt>
      <trkpt lat="47.499809" lon="-122.37816">
        <ele>60.8</ele>
      </trkpt>
      <trkpt lat="47.499429" lon="-122.37762">
        <ele>59.3</ele>
      </trkpt>
      <trkpt lat="47.49941" lon="-122.37759">
        <ele>59.1</ele>
      </trkpt>
      <trkpt lat="47.49908" lon="-122.37708">
        <ele>54.9</ele>
      </trkpt>
      <trkpt lat="47.49907" lon="-122.37706">
        <ele>54.8</ele>
      </trkpt>
      <trkpt lat="47.499049" lon="-122.37703">
        <ele>54.4</ele>
      </trkpt>
      <trkpt lat="47.49902" lon="-122.37698">
        <ele>53.7</ele>
      </trkpt>
      <trkpt lat="47.49901" lon="-122.37695">
        <ele>53.5</ele>
      </trkpt>
      <trkpt lat="47.499" lon="-122.37692">
        <ele>53.4</ele>
      </trkpt>
      <trkpt lat="47.49898" lon="-122.37689">
        <ele>53.3</ele>
      </trkpt>
      <trkpt lat="47.49897" lon="-122.37684">
        <ele>53.2</ele>
      </trkpt>
      <trkpt lat="47.49895" lon="-122.3768">
        <ele>53.3</ele>
      </trkpt>
      <trkpt lat="47.49895" lon="-122.37677">
        <ele>53.3</ele>
      </trkpt>
      <trkpt lat="47.49894" lon="-122.37673">
        <ele>53.2</ele>
      </trkpt>
      <trkpt lat="47.49893" lon="-122.3767">
        <ele>53.2</ele>
      </trkpt>
      <trkpt lat="47.49893" lon="-122.37667">
        <ele>53.2</ele>
      </trkpt>
      <trkpt lat="47.49893" lon="-122.37665">
        <ele>53.2</ele>
      </trkpt>
      <trkpt lat="47.49892" lon="-122.37662">
        <ele>53.1</ele>
      </trkpt>
      <trkpt lat="47.49892" lon="-122.37659">
        <ele>53.1</ele>
      </trkpt>
      <trkpt lat="47.49892" lon="-122.37657">
        <ele>53.1</ele>
      </trkpt>
      <trkpt lat="47.49893" lon="-122.37654">
        <ele>53.0</ele>
      </trkpt>
      <trkpt lat="47.49893" lon="-122.37651">
        <ele>53.0</ele>
      </trkpt>
      <trkpt lat="47.49893" lon="-122.37648">
        <ele>52.9</ele>
      </trkpt>
      <trkpt lat="47.49894" lon="-122.37646">
        <ele>52.9</ele>
      </trkpt>
      <trkpt lat="47.49895" lon="-122.37641">
        <ele>53.0</ele>
      </trkpt>
      <trkpt lat="47.498959" lon="-122.37638">
        <ele>53.0</ele>
      </trkpt>
      <trkpt lat="47.49897" lon="-122.37637">
        <ele>53.0</ele>
      </trkpt>
      <trkpt lat="47.49897" lon="-122.37634">
        <ele>53.0</ele>
      </trkpt>
      <trkpt lat="47.49898" lon="-122.37632">
        <ele>53.0</ele>
      </trkpt>
      <trkpt lat="47.499" lon="-122.3763">
        <ele>53.1</ele>
      </trkpt>
      <trkpt lat="47.49901" lon="-122.37628">
        <ele>53.1</ele>
      </trkpt>
      <trkpt lat="47.49903" lon="-122.37625">
        <ele>53.1</ele>
      </trkpt>
      <trkpt lat="47.49906" lon="-122.37623">
        <ele>53.2</ele>
      </trkpt>
      <trkpt lat="47.49908" lon="-122.37621">
        <ele>53.2</ele>
      </trkpt>
      <trkpt lat="47.49908" lon="-122.37621">
        <ele>53.2</ele>
      </trkpt>
      <trkpt lat="47.49908" lon="-122.37621">
        <ele>53.2</ele>
      </trkpt>
      <trkpt lat="47.4991" lon="-122.3762">
        <ele>53.4</ele>
      </trkpt>
      <trkpt lat="47.49913" lon="-122.37618">
        <ele>53.5</ele>
      </trkpt>
      <trkpt lat="47.49914" lon="-122.37618">
        <ele>53.6</ele>
      </trkpt>
      <trkpt lat="47.49916" lon="-122.37617">
        <ele>53.7</ele>
      </trkpt>
      <trkpt lat="47.49918" lon="-122.37617">
        <ele>53.9</ele>
      </trkpt>
      <trkpt lat="47.49919" lon="-122.37616">
        <ele>54.0</ele>
      </trkpt>
      <trkpt lat="47.49941" lon="-122.37617">
        <ele>56.2</ele>
      </trkpt>
      <trkpt lat="47.49979" lon="-122.37618">
        <ele>59.4</ele>
      </trkpt>
      <trkpt lat="47.50138" lon="-122.37616">
        <ele>62.6</ele>
      </trkpt>
      <trkpt lat="47.502809" lon="-122.37612">
        <ele>68.2</ele>
      </trkpt>
      <trkpt lat="47.50329" lon="-122.37611">
        <ele>71.1</ele>
      </trkpt>
      <trkpt lat="47.50329" lon="-122.37611">
        <ele>71.1</ele>
      </trkpt>
      <trkpt lat="47.50385" lon="-122.37609">
        <ele>73.6</ele>
      </trkpt>
      <trkpt lat="47.5046" lon="-122.37608">
        <ele>78.6</ele>
      </trkpt>
      <trkpt lat="47.50483" lon="-122.37608">
        <ele>79.5</ele>
      </trkpt>
      <trkpt lat="47.50639" lon="-122.37602">
        <ele>85.9</ele>
      </trkpt>
      <trkpt lat="47.507309" lon="-122.37598">
        <ele>93.6</ele>
      </trkpt>
      <trkpt lat="47.50819" lon="-122.37595">
        <ele>99.4</ele>
      </trkpt>
      <trkpt lat="47.50819" lon="-122.37595">
        <ele>99.4</ele>
      </trkpt>
      <trkpt lat="47.50819" lon="-122.37595">
        <ele>99.4</ele>
      </trkpt>
      <trkpt lat="47.50819" lon="-122.37546">
        <ele>97.7</ele>
      </trkpt>
      <trkpt lat="47.50819" lon="-122.37468">
        <ele>93.5</ele>
      </trkpt>
      <trkpt lat="47.50819" lon="-122.37337">
        <ele>84.7</ele>
      </trkpt>
      <trkpt lat="47.5082" lon="-122.37209">
        <ele>78.6</ele>
      </trkpt>
      <trkpt lat="47.5082" lon="-122.37087">
        <ele>74.4</ele>
      </trkpt>
      <trkpt lat="47.50821" lon="-122.36835">
        <ele>86.1</ele>
      </trkpt>
      <trkpt lat="47.50821" lon="-122.36835">
        <ele>86.1</ele>
      </trkpt>
      <trkpt lat="47.50821" lon="-122.36835">
        <ele>86.1</ele>
      </trkpt>
      <trkpt lat="47.507689" lon="-122.36835">
        <ele>88.3</ele>
      </trkpt>
      <trkpt lat="47.50727" lon="-122.36835">
        <ele>89.7</ele>
      </trkpt>
      <trkpt lat="47.50672" lon="-122.36834">
        <ele>90.7</ele>
      </trkpt>
      <trkpt lat="47.5055" lon="-122.36835">
        <ele>85.0</ele>
      </trkpt>
      <trkpt lat="47.50461" lon="-122.36834">
        <ele>80.9</ele>
      </trkpt>
      <trkpt lat="47.50433" lon="-122.36833">
        <ele>80.4</ele>
      </trkpt>
      <trkpt lat="47.50352" lon="-122.36833">
        <ele>72.3</ele>
      </trkpt>
      <trkpt lat="47.502809" lon="-122.36834">
        <ele>69.7</ele>
      </trkpt>
      <trkpt lat="47.50101" lon="-122.36835">
        <ele>82.7</ele>
      </trkpt>
      <trkpt lat="47.50092" lon="-122.36839">
        <ele>83.4</ele>
      </trkpt>
      <trkpt lat="47.50086" lon="-122.36844">
        <ele>83.7</ele>
      </trkpt>
      <trkpt lat="47.50083" lon="-122.36847">
        <ele>83.7</ele>
      </trkpt>
      <trkpt lat="47.500749" lon="-122.36854">
        <ele>83.6</ele>
      </trkpt>
      <trkpt lat="47.50068" lon="-122.3686">
        <ele>83.0</ele>
      </trkpt>
      <trkpt lat="47.50063" lon="-122.36865">
        <ele>82.3</ele>
      </trkpt>
      <trkpt lat="47.50059" lon="-122.36869">
        <ele>81.6</ele>
      </trkpt>
      <trkpt lat="47.50052" lon="-122.36876">
        <ele>80.9</ele>
      </trkpt>
      <trkpt lat="47.50047" lon="-122.36881">
        <ele>80.7</ele>
      </trkpt>
      <trkpt lat="47.50039" lon="-122.36888">
        <ele>80.6</ele>
      </trkpt>
      <trkpt lat="47.50031" lon="-122.36892">
        <ele>80.9</ele>
      </trkpt>
      <trkpt lat="47.50027" lon="-122.36893">
        <ele>81.1</ele>
      </trkpt>
      <trkpt lat="47.50021" lon="-122.36894">
        <ele>81.4</ele>
      </trkpt>
      <trkpt lat="47.500079" lon="-122.36895">
        <ele>82.1</ele>
      </trkpt>
      <trkpt lat="47.49919" lon="-122.36899">
        <ele>83.1</ele>
      </trkpt>
      <trkpt lat="47.49898" lon="-122.36899">
        <ele>82.7</ele>
      </trkpt>
      <trkpt lat="47.49741" lon="-122.36901">
        <ele>78.2</ele>
      </trkpt>
      <trkpt lat="47.497369" lon="-122.36901">
        <ele>78.3</ele>
      </trkpt>
      <trkpt lat="47.4968" lon="-122.36902">
        <ele>76.5</ele>
      </trkpt>
      <trkpt lat="47.49565" lon="-122.36904">
        <ele>59.1</ele>
      </trkpt>
      <trkpt lat="47.495579" lon="-122.36904">
        <ele>57.3</ele>
      </trkpt>
      <trkpt lat="47.49554" lon="-122.36903">
        <ele>56.2</ele>
      </trkpt>
      <trkpt lat="47.495489" lon="-122.36902">
        <ele>55.0</ele>
      </trkpt>
      <trkpt lat="47.495489" lon="-122.36902">
        <ele>55.0</ele>
      </trkpt>
      <trkpt lat="47.495489" lon="-122.36902">
        <ele>55.0</ele>
      </trkpt>
      <trkpt lat="47.49546" lon="-122.3689">
        <ele>53.7</ele>
      </trkpt>
      <trkpt lat="47.49545" lon="-122.36883">
        <ele>53.2</ele>
      </trkpt>
      <trkpt lat="47.49543" lon="-122.36877">
        <ele>52.7</ele>
      </trkpt>
      <trkpt lat="47.49542" lon="-122.36872">
        <ele>52.4</ele>
      </trkpt>
      <trkpt lat="47.495399" lon="-122.36867">
        <ele>51.9</ele>
      </trkpt>
      <trkpt lat="47.49537" lon="-122.36861">
        <ele>51.4</ele>
      </trkpt>
      <trkpt lat="47.49535" lon="-122.36855">
        <ele>50.9</ele>
      </trkpt>
      <trkpt lat="47.49523" lon="-122.36832">
        <ele>49.7</ele>
      </trkpt>
      <trkpt lat="47.49503" lon="-122.36804">
        <ele>50.5</ele>
      </trkpt>
      <trkpt lat="47.49468" lon="-122.36754">
        <ele>51.4</ele>
      </trkpt>
      <trkpt lat="47.49437" lon="-122.36706">
        <ele>51.1</ele>
      </trkpt>
      <trkpt lat="47.49398" lon="-122.36641">
        <ele>51.4</ele>
      </trkpt>
      <trkpt lat="47.49378" lon="-122.36609">
        <ele>54.0</ele>
      </trkpt>
      <trkpt lat="47.49373" lon="-122.36593">
        <ele>57.6</ele>
      </trkpt>
      <trkpt lat="47.49373" lon="-122.36593">
        <ele>57.6</ele>
      </trkpt>
      <trkpt lat="47.49373" lon="-122.36593">
        <ele>57.6</ele>
      </trkpt>
      <trkpt lat="47.4936" lon="-122.36612">
        <ele>53.4</ele>
      </trkpt>
      <trkpt lat="47.49344" lon="-122.36629">
        <ele>50.5</ele>
      </trkpt>
      <trkpt lat="47.49322" lon="-122.36659">
        <ele>46.6</ele>
      </trkpt>
      <trkpt lat="47.49295" lon="-122.36697">
        <ele>39.3</ele>
      </trkpt>
      <trkpt lat="47.49295" lon="-122.36697">
        <ele>39.3</ele>
      </trkpt>
      <trkpt lat="47.49295" lon="-122.36697">
        <ele>39.3</ele>
      </trkpt>
      <trkpt lat="47.49282" lon="-122.36676">
        <ele>40.4</ele>
      </trkpt>
      <trkpt lat="47.492669" lon="-122.36654">
        <ele>41.7</ele>
      </trkpt>
      <trkpt lat="47.49263" lon="-122.36647">
        <ele>42.3</ele>
      </trkpt>
      <trkpt lat="47.492109" lon="-122.36567">
        <ele>40.4</ele>
      </trkpt>
      <trkpt lat="47.49196" lon="-122.36542">
        <ele>39.5</ele>
      </trkpt>
      <trkpt lat="47.49177" lon="-122.36514">
        <ele>38.5</ele>
      </trkpt>
      <trkpt lat="47.49168" lon="-122.36501">
        <ele>38.2</ele>
      </trkpt>
      <trkpt lat="47.49151" lon="-122.36479">
        <ele>37.4</ele>
      </trkpt>
      <trkpt lat="47.49132" lon="-122.36462">
        <ele>36.0</ele>
      </trkpt>
      <trkpt lat="47.49095" lon="-122.36434">
        <ele>34.4</ele>
      </trkpt>
      <trkpt lat="47.49074" lon="-122.36417">
        <ele>34.3</ele>
      </trkpt>
      <trkpt lat="47.4906" lon="-122.36406">
        <ele>33.8</ele>
      </trkpt>
      <trkpt lat="47.49049" lon="-122.36389">
        <ele>33.0</ele>
      </trkpt>
      <trkpt lat="47.49044" lon="-122.36373">
        <ele>32.7</ele>
      </trkpt>
      <trkpt lat="47.49043" lon="-122.36352">
        <ele>32.1</ele>
      </trkpt>
      <trkpt lat="47.49045" lon="-122.36288">
        <ele>29.8</ele>
      </trkpt>
      <trkpt lat="47.49047" lon="-122.36276">
        <ele>29.4</ele>
      </trkpt>
      <trkpt lat="47.49048" lon="-122.36252">
        <ele>25.1</ele>
      </trkpt>
      <trkpt lat="47.49047" lon="-122.36225">
        <ele>16.8</ele>
      </trkpt>
      <trkpt lat="47.49046" lon="-122.3622">
        <ele>15.0</ele>
      </trkpt>
      <trkpt lat="47.49046" lon="-122.36216">
        <ele>14.2</ele>
      </trkpt>
      <trkpt lat="47.49045" lon="-122.36213">
        <ele>13.4</ele>
      </trkpt>
      <trkpt lat="47.49043" lon="-122.36209">
        <ele>12.6</ele>
      </trkpt>
      <trkpt lat="47.4904" lon="-122.36204">
        <ele>11.7</ele>
      </trkpt>
      <trkpt lat="47.49036" lon="-122.36198">
        <ele>11.0</ele>
      </trkpt>
      <trkpt lat="47.490319" lon="-122.36195">
        <ele>10.8</ele>
      </trkpt>
      <trkpt lat="47.49022" lon="-122.36187">
        <ele>13.8</ele>
      </trkpt>
      <trkpt lat="47.49015" lon="-122.36184">
        <ele>16.7</ele>
      </trkpt>
      <trkpt lat="47.49008" lon="-122.36182">
        <ele>19.7</ele>
      </trkpt>
      <trkpt lat="47.48999" lon="-122.36183">
        <ele>22.8</ele>
      </trkpt>
      <trkpt lat="47.48993" lon="-122.36187">
        <ele>24.0</ele>
      </trkpt>
      <trkpt lat="47.48984" lon="-122.36196">
        <ele>25.1</ele>
      </trkpt>
      <trkpt lat="47.48973" lon="-122.36215">
        <ele>24.8</ele>
      </trkpt>
      <trkpt lat="47.48964" lon="-122.36232">
        <ele>24.3</ele>
      </trkpt>
      <trkpt lat="47.48956" lon="-122.36248">
        <ele>23.7</ele>
      </trkpt>
      <trkpt lat="47.48951" lon="-122.36261">
        <ele>23.3</ele>
      </trkpt>
      <trkpt lat="47.48949" lon="-122.36266">
        <ele>23.3</ele>
      </trkpt>
      <trkpt lat="47.48948" lon="-122.36271">
        <ele>23.1</ele>
      </trkpt>
      <trkpt lat="47.48944" lon="-122.3628">
        <ele>23.9</ele>
      </trkpt>
      <trkpt lat="47.48938" lon="-122.36297">
        <ele>25.2</ele>
      </trkpt>
      <trkpt lat="47.48937" lon="-122.36301">
        <ele>25.2</ele>
      </trkpt>
      <trkpt lat="47.48935" lon="-122.36305">
        <ele>25.7</ele>
      </trkpt>
      <trkpt lat="47.48934" lon="-122.36307">
        <ele>26.1</ele>
      </trkpt>
      <trkpt lat="47.48933" lon="-122.36311">
        <ele>26.2</ele>
      </trkpt>
      <trkpt lat="47.48932" lon="-122.36314">
        <ele>26.6</ele>
      </trkpt>
      <trkpt lat="47.4893" lon="-122.36317">
        <ele>27.6</ele>
      </trkpt>
      <trkpt lat="47.48928" lon="-122.3632">
        <ele>28.6</ele>
      </trkpt>
      <trkpt lat="47.48926" lon="-122.36322">
        <ele>29.8</ele>
      </trkpt>
      <trkpt lat="47.48925" lon="-122.36324">
        <ele>29.9</ele>
      </trkpt>
      <trkpt lat="47.48924" lon="-122.36326">
        <ele>29.9</ele>
      </trkpt>
      <trkpt lat="47.48923" lon="-122.36327">
        <ele>30.1</ele>
      </trkpt>
      <trkpt lat="47.48921" lon="-122.36328">
        <ele>30.8</ele>
      </trkpt>
      <trkpt lat="47.489199" lon="-122.36329">
        <ele>31.1</ele>
      </trkpt>
      <trkpt lat="47.48919" lon="-122.36329">
        <ele>31.5</ele>
      </trkpt>
      <trkpt lat="47.48917" lon="-122.36329">
        <ele>32.4</ele>
      </trkpt>
      <trkpt lat="47.48916" lon="-122.36329">
        <ele>32.6</ele>
      </trkpt>
      <trkpt lat="47.48915" lon="-122.36329">
        <ele>32.8</ele>
      </trkpt>
      <trkpt lat="47.48914" lon="-122.36329">
        <ele>32.9</ele>
      </trkpt>
      <trkpt lat="47.48912" lon="-122.36329">
        <ele>33.2</ele>
      </trkpt>
      <trkpt lat="47.489109" lon="-122.36329">
        <ele>33.4</ele>
      </trkpt>
      <trkpt lat="47.48909" lon="-122.36328">
        <ele>33.7</ele>
      </trkpt>
      <trkpt lat="47.48908" lon="-122.36327">
        <ele>33.9</ele>
      </trkpt>
      <trkpt lat="47.48906" lon="-122.36326">
        <ele>34.2</ele>
      </trkpt>
      <trkpt lat="47.48904" lon="-122.36325">
        <ele>34.4</ele>
      </trkpt>
      <trkpt lat="47.489019" lon="-122.36323">
        <ele>34.7</ele>
      </trkpt>
      <trkpt lat="47.48901" lon="-122.36321">
        <ele>34.8</ele>
      </trkpt>
      <trkpt lat="47.48899" lon="-122.36319">
        <ele>35.0</ele>
      </trkpt>
      <trkpt lat="47.48897" lon="-122.36316">
        <ele>35.3</ele>
      </trkpt>
      <trkpt lat="47.48896" lon="-122.36314">
        <ele>35.4</ele>
      </trkpt>
      <trkpt lat="47.48894" lon="-122.36312">
        <ele>35.6</ele>
      </trkpt>
      <trkpt lat="47.48892" lon="-122.36307">
        <ele>35.9</ele>
      </trkpt>
      <trkpt lat="47.48886" lon="-122.36296">
        <ele>36.8</ele>
      </trkpt>
      <trkpt lat="47.48886" lon="-122.36295">
        <ele>36.8</ele>
      </trkpt>
      <trkpt lat="47.48884" lon="-122.3629">
        <ele>37.2</ele>
      </trkpt>
      <trkpt lat="47.488819" lon="-122.36286">
        <ele>37.5</ele>
      </trkpt>
      <trkpt lat="47.4888" lon="-122.36281">
        <ele>37.8</ele>
      </trkpt>
      <trkpt lat="47.48879" lon="-122.36278">
        <ele>38.0</ele>
      </trkpt>
      <trkpt lat="47.48878" lon="-122.36274">
        <ele>38.3</ele>
      </trkpt>
      <trkpt lat="47.48878" lon="-122.36271">
        <ele>38.5</ele>
      </trkpt>
      <trkpt lat="47.48878" lon="-122.36268">
        <ele>38.7</ele>
      </trkpt>
      <trkpt lat="47.48877" lon="-122.36265">
        <ele>39.2</ele>
      </trkpt>
      <trkpt lat="47.48877" lon="-122.3626">
        <ele>39.7</ele>
      </trkpt>
      <trkpt lat="47.48877" lon="-122.36257">
        <ele>40.1</ele>
      </trkpt>
      <trkpt lat="47.48878" lon="-122.36252">
        <ele>40.5</ele>
      </trkpt>
      <trkpt lat="47.48878" lon="-122.36246">
        <ele>41.5</ele>
      </trkpt>
      <trkpt lat="47.48879" lon="-122.36241">
        <ele>42.0</ele>
      </trkpt>
      <trkpt lat="47.4888" lon="-122.36235">
        <ele>42.8</ele>
      </trkpt>
      <trkpt lat="47.48881" lon="-122.36229">
        <ele>43.6</ele>
      </trkpt>
      <trkpt lat="47.48883" lon="-122.36223">
        <ele>44.0</ele>
      </trkpt>
      <trkpt lat="47.48889" lon="-122.36198">
        <ele>46.0</ele>
      </trkpt>
      <trkpt lat="47.4889" lon="-122.36194">
        <ele>46.3</ele>
      </trkpt>
      <trkpt lat="47.48894" lon="-122.3618">
        <ele>48.0</ele>
      </trkpt>
      <trkpt lat="47.48905" lon="-122.36139">
        <ele>56.2</ele>
      </trkpt>
      <trkpt lat="47.48915" lon="-122.36095">
        <ele>64.5</ele>
      </trkpt>
      <trkpt lat="47.48931" lon="-122.36035">
        <ele>71.4</ele>
      </trkpt>
      <trkpt lat="47.48954" lon="-122.35951">
        <ele>79.0</ele>
      </trkpt>
      <trkpt lat="47.48954" lon="-122.35951">
        <ele>79.0</ele>
      </trkpt>
      <trkpt lat="47.48954" lon="-122.35951">
        <ele>79.0</ele>
      </trkpt>
      <trkpt lat="47.48942" lon="-122.35946">
        <ele>82.8</ele>
      </trkpt>
      <trkpt lat="47.48926" lon="-122.35945">
        <ele>86.3</ele>
      </trkpt>
      <trkpt lat="47.48913" lon="-122.35944">
        <ele>89.8</ele>
      </trkpt>
      <trkpt lat="47.489" lon="-122.35943">
        <ele>92.6</ele>
      </trkpt>
      <trkpt lat="47.4888" lon="-122.35942">
        <ele>94.7</ele>
      </trkpt>
      <trkpt lat="47.48868" lon="-122.35941">
        <ele>94.9</ele>
      </trkpt>
      <trkpt lat="47.4886" lon="-122.35941">
        <ele>94.8</ele>
      </trkpt>
      <trkpt lat="47.48847" lon="-122.35939">
        <ele>95.5</ele>
      </trkpt>
      <trkpt lat="47.48843" lon="-122.35937">
        <ele>96.1</ele>
      </trkpt>
      <trkpt lat="47.48836" lon="-122.35931">
        <ele>98.4</ele>
      </trkpt>
      <trkpt lat="47.48836" lon="-122.35931">
        <ele>98.4</ele>
      </trkpt>
      <trkpt lat="47.48836" lon="-122.35931">
        <ele>98.4</ele>
      </trkpt>
      <trkpt lat="47.48793" lon="-122.35969">
        <ele>104.0</ele>
      </trkpt>
      <trkpt lat="47.4878" lon="-122.3598">
        <ele>105.3</ele>
      </trkpt>
      <trkpt lat="47.48773" lon="-122.35986">
        <ele>106.0</ele>
      </trkpt>
      <trkpt lat="47.48768" lon="-122.35989">
        <ele>106.7</ele>
      </trkpt>
      <trkpt lat="47.487609" lon="-122.35989">
        <ele>107.8</ele>
      </trkpt>
      <trkpt lat="47.48755" lon="-122.35987">
        <ele>108.9</ele>
      </trkpt>
      <trkpt lat="47.48749" lon="-122.35983">
        <ele>110.1</ele>
      </trkpt>
      <trkpt lat="47.48744" lon="-122.35978">
        <ele>111.4</ele>
      </trkpt>
      <trkpt lat="47.48739" lon="-122.35969">
        <ele>113.5</ele>
      </trkpt>
      <trkpt lat="47.48736" lon="-122.35965">
        <ele>114.4</ele>
      </trkpt>
      <trkpt lat="47.48734" lon="-122.35958">
        <ele>115.4</ele>
      </trkpt>
      <trkpt lat="47.48731" lon="-122.35948">
        <ele>116.3</ele>
      </trkpt>
      <trkpt lat="47.48727" lon="-122.35924">
        <ele>117.0</ele>
      </trkpt>
      <trkpt lat="47.487229" lon="-122.35884">
        <ele>117.5</ele>
      </trkpt>
      <trkpt lat="47.48722" lon="-122.35872">
        <ele>117.7</ele>
      </trkpt>
      <trkpt lat="47.48719" lon="-122.35844">
        <ele>118.4</ele>
      </trkpt>
      <trkpt lat="47.48717" lon="-122.35834">
        <ele>118.8</ele>
      </trkpt>
      <trkpt lat="47.48713" lon="-122.35814">
        <ele>119.4</ele>
      </trkpt>
      <trkpt lat="47.48709" lon="-122.35801">
        <ele>119.5</ele>
      </trkpt>
      <trkpt lat="47.48699" lon="-122.35778">
        <ele>119.5</ele>
      </trkpt>
      <trkpt lat="47.48699" lon="-122.35778">
        <ele>119.5</ele>
      </trkpt>
      <trkpt lat="47.48699" lon="-122.35778">
        <ele>119.5</ele>
      </trkpt>
      <trkpt lat="47.48682" lon="-122.35754">
        <ele>119.4</ele>
      </trkpt>
      <trkpt lat="47.48673" lon="-122.35742">
        <ele>119.3</ele>
      </trkpt>
      <trkpt lat="47.48664" lon="-122.3573">
        <ele>119.2</ele>
      </trkpt>
      <trkpt lat="47.48657" lon="-122.35724">
        <ele>119.3</ele>
      </trkpt>
      <trkpt lat="47.48645" lon="-122.35712">
        <ele>119.3</ele>
      </trkpt>
      <trkpt lat="47.48622" lon="-122.35699">
        <ele>119.6</ele>
      </trkpt>
      <trkpt lat="47.48554" lon="-122.35673">
        <ele>121.5</ele>
      </trkpt>
      <trkpt lat="47.48554" lon="-122.35673">
        <ele>121.5</ele>
      </trkpt>
      <trkpt lat="47.48554" lon="-122.35673">
        <ele>121.5</ele>
      </trkpt>
      <trkpt lat="47.48552" lon="-122.35652">
        <ele>120.6</ele>
      </trkpt>
      <trkpt lat="47.48552" lon="-122.3561">
        <ele>118.3</ele>
      </trkpt>
      <trkpt lat="47.48553" lon="-122.35581">
        <ele>116.5</ele>
      </trkpt>
      <trkpt lat="47.48553" lon="-122.35569">
        <ele>115.8</ele>
      </trkpt>
      <trkpt lat="47.48554" lon="-122.35558">
        <ele>115.1</ele>
      </trkpt>
      <trkpt lat="47.48557" lon="-122.3555">
        <ele>114.5</ele>
      </trkpt>
      <trkpt lat="47.48561" lon="-122.35544">
        <ele>113.9</ele>
      </trkpt>
      <trkpt lat="47.48569" lon="-122.35536">
        <ele>112.8</ele>
      </trkpt>
      <trkpt lat="47.48569" lon="-122.35536">
        <ele>112.8</ele>
      </trkpt>
      <trkpt lat="47.48569" lon="-122.35536">
        <ele>112.8</ele>
      </trkpt>
      <trkpt lat="47.48577" lon="-122.35534">
        <ele>111.9</ele>
      </trkpt>
      <trkpt lat="47.48596" lon="-122.35532">
        <ele>110.1</ele>
      </trkpt>
      <trkpt lat="47.48608" lon="-122.35529">
        <ele>111.4</ele>
      </trkpt>
      <trkpt lat="47.48617" lon="-122.35525">
        <ele>114.3</ele>
      </trkpt>
      <trkpt lat="47.48623" lon="-122.3552">
        <ele>117.0</ele>
      </trkpt>
      <trkpt lat="47.48635" lon="-122.35505">
        <ele>120.8</ele>
      </trkpt>
      <trkpt lat="47.48642" lon="-122.35492">
        <ele>123.1</ele>
      </trkpt>
      <trkpt lat="47.48647" lon="-122.35478">
        <ele>124.3</ele>
      </trkpt>
      <trkpt lat="47.48651" lon="-122.35467">
        <ele>124.9</ele>
      </trkpt>
      <trkpt lat="47.48653" lon="-122.35455">
        <ele>125.8</ele>
      </trkpt>
      <trkpt lat="47.48654" lon="-122.35443">
        <ele>126.7</ele>
      </trkpt>
      <trkpt lat="47.48655" lon="-122.35432">
        <ele>127.6</ele>
      </trkpt>
      <trkpt lat="47.48655" lon="-122.35414">
        <ele>129.1</ele>
      </trkpt>
      <trkpt lat="47.48655" lon="-122.35414">
        <ele>129.1</ele>
      </trkpt>
      <trkpt lat="47.48655" lon="-122.35414">
        <ele>129.1</ele>
      </trkpt>
      <trkpt lat="47.48656" lon="-122.35347">
        <ele>132.7</ele>
      </trkpt>
      <trkpt lat="47.48657" lon="-122.35332">
        <ele>133.2</ele>
      </trkpt>
      <trkpt lat="47.486579" lon="-122.35263">
        <ele>134.7</ele>
      </trkpt>
      <trkpt lat="47.48659" lon="-122.35204">
        <ele>133.6</ele>
      </trkpt>
      <trkpt lat="47.4866" lon="-122.35132">
        <ele>130.3</ele>
      </trkpt>
      <trkpt lat="47.4866" lon="-122.35071">
        <ele>125.7</ele>
      </trkpt>
      <trkpt lat="47.48661" lon="-122.35044">
        <ele>123.7</ele>
      </trkpt>
      <trkpt lat="47.48661" lon="-122.35001">
        <ele>120.0</ele>
      </trkpt>
      <trkpt lat="47.48661" lon="-122.35001">
        <ele>120.0</ele>
      </trkpt>
      <trkpt lat="47.48661" lon="-122.35001">
        <ele>120.0</ele>
      </trkpt>
      <trkpt lat="47.48622" lon="-122.34999">
        <ele>122.2</ele>
      </trkpt>
      <trkpt lat="47.486199" lon="-122.34999">
        <ele>122.3</ele>
      </trkpt>
      <trkpt lat="47.48574" lon="-122.34999">
        <ele>124.4</ele>
      </trkpt>
      <trkpt lat="47.48548" lon="-122.34998">
        <ele>125.3</ele>
      </trkpt>
      <trkpt lat="47.48474" lon="-122.34999">
        <ele>128.3</ele>
      </trkpt>
      <trkpt lat="47.4844" lon="-122.34998">
        <ele>129.8</ele>
      </trkpt>
      <trkpt lat="47.48378" lon="-122.34997">
        <ele>130.5</ele>
      </trkpt>
      <trkpt lat="47.4836" lon="-122.34997">
        <ele>130.5</ele>
      </trkpt>
      <trkpt lat="47.48336" lon="-122.34996">
        <ele>130.5</ele>
      </trkpt>
      <trkpt lat="47.48304" lon="-122.34993">
        <ele>129.8</ele>
      </trkpt>
      <trkpt lat="47.48299" lon="-122.34992">
        <ele>129.2</ele>
      </trkpt>
      <trkpt lat="47.48295" lon="-122.34989">
        <ele>128.9</ele>
      </trkpt>
      <trkpt lat="47.48292" lon="-122.34983">
        <ele>128.9</ele>
      </trkpt>
      <trkpt lat="47.4829" lon="-122.34977">
        <ele>128.9</ele>
      </trkpt>
      <trkpt lat="47.4829" lon="-122.34977">
        <ele>128.9</ele>
      </trkpt>
      <trkpt lat="47.4829" lon="-122.34977">
        <ele>128.9</ele>
      </trkpt>
      <trkpt lat="47.482909" lon="-122.34924">
        <ele>129.0</ele>
      </trkpt>
      <trkpt lat="47.482909" lon="-122.34918">
        <ele>128.9</ele>
      </trkpt>
      <trkpt lat="47.482909" lon="-122.34918">
        <ele>128.9</ele>
      </trkpt>
      <trkpt lat="47.48294" lon="-122.34847">
        <ele>127.6</ele>
      </trkpt>
      <trkpt lat="47.48294" lon="-122.34847">
        <ele>127.6</ele>
      </trkpt>
      <trkpt lat="47.48274" lon="-122.34845">
        <ele>127.4</ele>
      </trkpt>
      <trkpt lat="47.48209" lon="-122.34839">
        <ele>126.4</ele>
      </trkpt>
      <trkpt lat="47.48199" lon="-122.34837">
        <ele>126.1</ele>
      </trkpt>
      <trkpt lat="47.48159" lon="-122.34832">
        <ele>125.2</ele>
      </trkpt>
      <trkpt lat="47.48117" lon="-122.34828">
        <ele>123.6</ele>
      </trkpt>
      <trkpt lat="47.480759" lon="-122.34823">
        <ele>123.0</ele>
      </trkpt>
      <trkpt lat="47.480379" lon="-122.34818">
        <ele>123.0</ele>
      </trkpt>
      <trkpt lat="47.48017" lon="-122.34817">
        <ele>123.0</ele>
      </trkpt>
      <trkpt lat="47.47852" lon="-122.34796">
        <ele>121.3</ele>
      </trkpt>
      <trkpt lat="47.478319" lon="-122.34792">
        <ele>121.0</ele>
      </trkpt>
      <trkpt lat="47.47737" lon="-122.34781">
        <ele>116.8</ele>
      </trkpt>
      <trkpt lat="47.47656" lon="-122.34771">
        <ele>115.1</ele>
      </trkpt>
      <trkpt lat="47.47577" lon="-122.34761">
        <ele>115.2</ele>
      </trkpt>
      <trkpt lat="47.47545" lon="-122.34757">
        <ele>115.2</ele>
      </trkpt>
      <trkpt lat="47.4745" lon="-122.34746">
        <ele>115.3</ele>
      </trkpt>
      <trkpt lat="47.47401" lon="-122.3474">
        <ele>115.4</ele>
      </trkpt>
      <trkpt lat="47.47401" lon="-122.3474">
        <ele>115.4</ele>
      </trkpt>
      <trkpt lat="47.47401" lon="-122.34748">
        <ele>115.4</ele>
      </trkpt>
      <trkpt lat="47.473999" lon="-122.34786">
        <ele>115.5</ele>
      </trkpt>
      <trkpt lat="47.473999" lon="-122.34786">
        <ele>115.5</ele>
      </trkpt>
      <trkpt lat="47.473999" lon="-122.34803">
        <ele>115.7</ele>
      </trkpt>
      <trkpt lat="47.473999" lon="-122.34854">
        <ele>116.5</ele>
      </trkpt>
      <trkpt lat="47.47397" lon="-122.3499">
        <ele>113.6</ele>
      </trkpt>
      <trkpt lat="47.47396" lon="-122.35068">
        <ele>103.4</ele>
      </trkpt>
      <trkpt lat="47.47395" lon="-122.35073">
        <ele>102.7</ele>
      </trkpt>
      <trkpt lat="47.47393" lon="-122.35087">
        <ele>101.1</ele>
      </trkpt>
      <trkpt lat="47.4739" lon="-122.35097">
        <ele>100.4</ele>
      </trkpt>
      <trkpt lat="47.47387" lon="-122.35109">
        <ele>101.2</ele>
      </trkpt>
      <trkpt lat="47.47386" lon="-122.35111">
        <ele>101.5</ele>
      </trkpt>
      <trkpt lat="47.47379" lon="-122.35126">
        <ele>105.1</ele>
      </trkpt>
      <trkpt lat="47.47373" lon="-122.35141">
        <ele>107.6</ele>
      </trkpt>
      <trkpt lat="47.47365" lon="-122.35161">
        <ele>108.8</ele>
      </trkpt>
      <trkpt lat="47.47358" lon="-122.35183">
        <ele>109.6</ele>
      </trkpt>
      <trkpt lat="47.47356" lon="-122.35188">
        <ele>109.7</ele>
      </trkpt>
      <trkpt lat="47.47332" lon="-122.35261">
        <ele>112.6</ele>
      </trkpt>
      <trkpt lat="47.47309" lon="-122.3533">
        <ele>114.4</ele>
      </trkpt>
      <trkpt lat="47.473" lon="-122.35355">
        <ele>114.9</ele>
      </trkpt>
      <trkpt lat="47.47287" lon="-122.35395">
        <ele>115.6</ele>
      </trkpt>
      <trkpt lat="47.47242" lon="-122.35531">
        <ele>116.3</ele>
      </trkpt>
      <trkpt lat="47.47242" lon="-122.35531">
        <ele>116.3</ele>
      </trkpt>
      <trkpt lat="47.47242" lon="-122.35531">
        <ele>116.3</ele>
      </trkpt>
      <trkpt lat="47.472209" lon="-122.35601">
        <ele>113.0</ele>
      </trkpt>
      <trkpt lat="47.47219" lon="-122.35608">
        <ele>112.5</ele>
      </trkpt>
      <trkpt lat="47.4719" lon="-122.35699">
        <ele>110.0</ele>
      </trkpt>
      <trkpt lat="47.47185" lon="-122.35713">
        <ele>109.8</ele>
      </trkpt>
      <trkpt lat="47.471559" lon="-122.35804">
        <ele>109.1</ele>
      </trkpt>
      <trkpt lat="47.47149" lon="-122.35827">
        <ele>109.0</ele>
      </trkpt>
      <trkpt lat="47.47142" lon="-122.35853">
        <ele>109.2</ele>
      </trkpt>
      <trkpt lat="47.4714" lon="-122.35861">
        <ele>109.3</ele>
      </trkpt>
      <trkpt lat="47.47138" lon="-122.35872">
        <ele>109.3</ele>
      </trkpt>
      <trkpt lat="47.47135" lon="-122.35891">
        <ele>109.6</ele>
      </trkpt>
      <trkpt lat="47.47135" lon="-122.35931">
        <ele>109.2</ele>
      </trkpt>
      <trkpt lat="47.47135" lon="-122.35976">
        <ele>107.9</ele>
      </trkpt>
      <trkpt lat="47.47135" lon="-122.35976">
        <ele>107.9</ele>
      </trkpt>
      <trkpt lat="47.47137" lon="-122.36067">
        <ele>101.6</ele>
      </trkpt>
      <trkpt lat="47.47199" lon="-122.36178">
        <ele>102.1</ele>
      </trkpt>
      <trkpt lat="47.47209" lon="-122.362">
        <ele>102.5</ele>
      </trkpt>
      <trkpt lat="47.47209" lon="-122.362">
        <ele>102.5</ele>
      </trkpt>
      <trkpt lat="47.47209" lon="-122.362">
        <ele>102.5</ele>
      </trkpt>
      <trkpt lat="47.47177" lon="-122.36201">
        <ele>102.7</ele>
      </trkpt>
      <trkpt lat="47.46946" lon="-122.36209">
        <ele>101.9</ele>
      </trkpt>
      <trkpt lat="47.46926" lon="-122.36222">
        <ele>101.3</ele>
      </trkpt>
      <trkpt lat="47.46819" lon="-122.36226">
        <ele>101.6</ele>
      </trkpt>
      <trkpt lat="47.46784" lon="-122.36227">
        <ele>101.5</ele>
      </trkpt>
      <trkpt lat="47.46683" lon="-122.36228">
        <ele>102.5</ele>
      </trkpt>
      <trkpt lat="47.466769" lon="-122.36228">
        <ele>102.7</ele>
      </trkpt>
      <trkpt lat="47.466769" lon="-122.36228">
        <ele>102.7</ele>
      </trkpt>
      <trkpt lat="47.466769" lon="-122.36228">
        <ele>102.7</ele>
      </trkpt>
      <trkpt lat="47.46676" lon="-122.36239">
        <ele>102.0</ele>
      </trkpt>
      <trkpt lat="47.46675" lon="-122.36246">
        <ele>101.6</ele>
      </trkpt>
      <trkpt lat="47.46674" lon="-122.36253">
        <ele>101.3</ele>
      </trkpt>
      <trkpt lat="47.46674" lon="-122.36257">
        <ele>101.1</ele>
      </trkpt>
      <trkpt lat="47.46673" lon="-122.36262">
        <ele>100.9</ele>
      </trkpt>
      <trkpt lat="47.46671" lon="-122.36268">
        <ele>100.6</ele>
      </trkpt>
      <trkpt lat="47.46669" lon="-122.36272">
        <ele>100.3</ele>
      </trkpt>
      <trkpt lat="47.466679" lon="-122.36276">
        <ele>100.1</ele>
      </trkpt>
      <trkpt lat="47.46665" lon="-122.36281">
        <ele>99.8</ele>
      </trkpt>
      <trkpt lat="47.46658" lon="-122.36291">
        <ele>99.1</ele>
      </trkpt>
      <trkpt lat="47.46652" lon="-122.36298">
        <ele>98.7</ele>
      </trkpt>
      <trkpt lat="47.46646" lon="-122.36303">
        <ele>98.2</ele>
      </trkpt>
      <trkpt lat="47.46606" lon="-122.36329">
        <ele>95.4</ele>
      </trkpt>
      <trkpt lat="47.46594" lon="-122.36338">
        <ele>94.3</ele>
      </trkpt>
      <trkpt lat="47.46553" lon="-122.36366">
        <ele>88.9</ele>
      </trkpt>
      <trkpt lat="47.46546" lon="-122.36371">
        <ele>87.5</ele>
      </trkpt>
      <trkpt lat="47.46542" lon="-122.36373">
        <ele>87.0</ele>
      </trkpt>
      <trkpt lat="47.4653" lon="-122.36377">
        <ele>85.8</ele>
      </trkpt>
      <trkpt lat="47.46519" lon="-122.36379">
        <ele>85.1</ele>
      </trkpt>
      <trkpt lat="47.46508" lon="-122.3638">
        <ele>84.6</ele>
      </trkpt>
      <trkpt lat="47.465" lon="-122.36379">
        <ele>84.3</ele>
      </trkpt>
      <trkpt lat="47.46494" lon="-122.36378">
        <ele>84.1</ele>
      </trkpt>
      <trkpt lat="47.46491" lon="-122.36377">
        <ele>84.1</ele>
      </trkpt>
      <trkpt lat="47.46483" lon="-122.36374">
        <ele>83.9</ele>
      </trkpt>
      <trkpt lat="47.464709" lon="-122.36366">
        <ele>83.8</ele>
      </trkpt>
      <trkpt lat="47.46447" lon="-122.36351">
        <ele>82.5</ele>
      </trkpt>
      <trkpt lat="47.4644" lon="-122.36349">
        <ele>81.7</ele>
      </trkpt>
      <trkpt lat="47.464329" lon="-122.36347">
        <ele>81.0</ele>
      </trkpt>
      <trkpt lat="47.46421" lon="-122.36349">
        <ele>79.3</ele>
      </trkpt>
      <trkpt lat="47.46385" lon="-122.36357">
        <ele>72.6</ele>
      </trkpt>
      <trkpt lat="47.46374" lon="-122.36357">
        <ele>71.1</ele>
      </trkpt>
      <trkpt lat="47.463679" lon="-122.36356">
        <ele>70.4</ele>
      </trkpt>
      <trkpt lat="47.46363" lon="-122.36355">
        <ele>69.9</ele>
      </trkpt>
      <trkpt lat="47.46357" lon="-122.36352">
        <ele>69.4</ele>
      </trkpt>
      <trkpt lat="47.46353" lon="-122.36349">
        <ele>69.3</ele>
      </trkpt>
      <trkpt lat="47.46341" lon="-122.36341">
        <ele>68.7</ele>
      </trkpt>
      <trkpt lat="47.46328" lon="-122.3633">
        <ele>68.6</ele>
      </trkpt>
      <trkpt lat="47.463209" lon="-122.36327">
        <ele>67.9</ele>
      </trkpt>
      <trkpt lat="47.46317" lon="-122.36327">
        <ele>67.3</ele>
      </trkpt>
      <trkpt lat="47.46317" lon="-122.36327">
        <ele>67.3</ele>
      </trkpt>
      <trkpt lat="47.46317" lon="-122.36327">
        <ele>67.3</ele>
      </trkpt>
      <trkpt lat="47.46315" lon="-122.36327">
        <ele>67.0</ele>
      </trkpt>
      <trkpt lat="47.4631" lon="-122.3633">
        <ele>67.3</ele>
      </trkpt>
      <trkpt lat="47.46307" lon="-122.36334">
        <ele>67.6</ele>
      </trkpt>
      <trkpt lat="47.46305" lon="-122.36341">
        <ele>68.0</ele>
      </trkpt>
      <trkpt lat="47.46305" lon="-122.36349">
        <ele>68.2</ele>
      </trkpt>
      <trkpt lat="47.46308" lon="-122.36357">
        <ele>67.5</ele>
      </trkpt>
      <trkpt lat="47.46312" lon="-122.36366">
        <ele>66.3</ele>
      </trkpt>
      <trkpt lat="47.46329" lon="-122.36403">
        <ele>60.8</ele>
      </trkpt>
      <trkpt lat="47.46335" lon="-122.36415">
        <ele>59.0</ele>
      </trkpt>
      <trkpt lat="47.46346" lon="-122.36452">
        <ele>55.3</ele>
      </trkpt>
      <trkpt lat="47.463479" lon="-122.3646">
        <ele>54.8</ele>
      </trkpt>
      <trkpt lat="47.46351" lon="-122.36473">
        <ele>53.9</ele>
      </trkpt>
      <trkpt lat="47.46354" lon="-122.36489">
        <ele>52.4</ele>
      </trkpt>
      <trkpt lat="47.46357" lon="-122.36522">
        <ele>49.2</ele>
      </trkpt>
      <trkpt lat="47.46362" lon="-122.3657">
        <ele>45.8</ele>
      </trkpt>
      <trkpt lat="47.46366" lon="-122.36617">
        <ele>39.8</ele>
      </trkpt>
      <trkpt lat="47.46366" lon="-122.36617">
        <ele>39.8</ele>
      </trkpt>
      <trkpt lat="47.46366" lon="-122.36617">
        <ele>39.8</ele>
      </trkpt>
      <trkpt lat="47.463679" lon="-122.36641">
        <ele>36.7</ele>
      </trkpt>
      <trkpt lat="47.46369" lon="-122.36657">
        <ele>35.4</ele>
      </trkpt>
      <trkpt lat="47.463679" lon="-122.36666">
        <ele>35.0</ele>
      </trkpt>
      <trkpt lat="47.46367" lon="-122.36674">
        <ele>34.6</ele>
      </trkpt>
      <trkpt lat="47.46366" lon="-122.36682">
        <ele>34.0</ele>
      </trkpt>
      <trkpt lat="47.46363" lon="-122.3669">
        <ele>33.7</ele>
      </trkpt>
      <trkpt lat="47.46359" lon="-122.36698">
        <ele>33.6</ele>
      </trkpt>
      <trkpt lat="47.46357" lon="-122.36703">
        <ele>33.4</ele>
      </trkpt>
      <trkpt lat="47.46352" lon="-122.36709">
        <ele>33.5</ele>
      </trkpt>
      <trkpt lat="47.46349" lon="-122.36712">
        <ele>33.5</ele>
      </trkpt>
      <trkpt lat="47.46346" lon="-122.36714">
        <ele>33.5</ele>
      </trkpt>
      <trkpt lat="47.4634" lon="-122.36718">
        <ele>33.5</ele>
      </trkpt>
      <trkpt lat="47.46335" lon="-122.3672">
        <ele>33.5</ele>
      </trkpt>
      <trkpt lat="47.46328" lon="-122.36721">
        <ele>33.6</ele>
      </trkpt>
      <trkpt lat="47.46317" lon="-122.3672">
        <ele>34.1</ele>
      </trkpt>
      <trkpt lat="47.46312" lon="-122.36719">
        <ele>34.4</ele>
      </trkpt>
      <trkpt lat="47.46303" lon="-122.36717">
        <ele>34.8</ele>
      </trkpt>
      <trkpt lat="47.46297" lon="-122.36714">
        <ele>35.4</ele>
      </trkpt>
      <trkpt lat="47.46284" lon="-122.36708">
        <ele>36.1</ele>
      </trkpt>
      <trkpt lat="47.46193" lon="-122.36677">
        <ele>38.9</ele>
      </trkpt>
      <trkpt lat="47.46168" lon="-122.36669">
        <ele>39.6</ele>
      </trkpt>
      <trkpt lat="47.46153" lon="-122.36666">
        <ele>39.5</ele>
      </trkpt>
      <trkpt lat="47.46138" lon="-122.36666">
        <ele>39.0</ele>
      </trkpt>
      <trkpt lat="47.46121" lon="-122.36664">
        <ele>39.4</ele>
      </trkpt>
      <trkpt lat="47.46115" lon="-122.36664">
        <ele>39.3</ele>
      </trkpt>
      <trkpt lat="47.46068" lon="-122.36663">
        <ele>39.0</ele>
      </trkpt>
      <trkpt lat="47.46035" lon="-122.36664">
        <ele>39.1</ele>
      </trkpt>
      <trkpt lat="47.459919" lon="-122.36666">
        <ele>39.0</ele>
      </trkpt>
      <trkpt lat="47.45981" lon="-122.36667">
        <ele>38.8</ele>
      </trkpt>
      <trkpt lat="47.45968" lon="-122.36671">
        <ele>38.0</ele>
      </trkpt>
      <trkpt lat="47.4595" lon="-122.36679">
        <ele>36.7</ele>
      </trkpt>
      <trkpt lat="47.45932" lon="-122.36689">
        <ele>35.7</ele>
      </trkpt>
      <trkpt lat="47.45918" lon="-122.36695">
        <ele>35.4</ele>
      </trkpt>
      <trkpt lat="47.45908" lon="-122.36697">
        <ele>35.5</ele>
      </trkpt>
      <trkpt lat="47.45893" lon="-122.36699">
        <ele>36.0</ele>
      </trkpt>
      <trkpt lat="47.45832" lon="-122.36703">
        <ele>34.6</ele>
      </trkpt>
      <trkpt lat="47.45821" lon="-122.36705">
        <ele>33.8</ele>
      </trkpt>
      <trkpt lat="47.45803" lon="-122.36712">
        <ele>32.8</ele>
      </trkpt>
      <trkpt lat="47.457949" lon="-122.36717">
        <ele>32.3</ele>
      </trkpt>
      <trkpt lat="47.4579" lon="-122.36721">
        <ele>31.8</ele>
      </trkpt>
      <trkpt lat="47.45782" lon="-122.36727">
        <ele>31.1</ele>
      </trkpt>
      <trkpt lat="47.45769" lon="-122.36739">
        <ele>29.4</ele>
      </trkpt>
      <trkpt lat="47.45755" lon="-122.36757">
        <ele>27.5</ele>
      </trkpt>
      <trkpt lat="47.45742" lon="-122.36775">
        <ele>26.1</ele>
      </trkpt>
      <trkpt lat="47.4574" lon="-122.3678">
        <ele>25.7</ele>
      </trkpt>
      <trkpt lat="47.45736" lon="-122.36787">
        <ele>25.2</ele>
      </trkpt>
      <trkpt lat="47.457299" lon="-122.36799">
        <ele>24.4</ele>
      </trkpt>
      <trkpt lat="47.45721" lon="-122.36825">
        <ele>22.3</ele>
      </trkpt>
      <trkpt lat="47.45714" lon="-122.36851">
        <ele>18.6</ele>
      </trkpt>
      <trkpt lat="47.45706" lon="-122.36876">
        <ele>16.0</ele>
      </trkpt>
      <trkpt lat="47.45704" lon="-122.36881">
        <ele>15.5</ele>
      </trkpt>
      <trkpt lat="47.457" lon="-122.36889">
        <ele>14.7</ele>
      </trkpt>
      <trkpt lat="47.45691" lon="-122.369">
        <ele>14.3</ele>
      </trkpt>
      <trkpt lat="47.45685" lon="-122.36905">
        <ele>15.0</ele>
      </trkpt>
      <trkpt lat="47.45678" lon="-122.36912">
        <ele>16.1</ele>
      </trkpt>
      <trkpt lat="47.45665" lon="-122.36922">
        <ele>18.2</ele>
      </trkpt>
      <trkpt lat="47.45637" lon="-122.36945">
        <ele>22.1</ele>
      </trkpt>
      <trkpt lat="47.4563" lon="-122.36952">
        <ele>22.8</ele>
      </trkpt>
      <trkpt lat="47.45618" lon="-122.36967">
        <ele>23.4</ele>
      </trkpt>
      <trkpt lat="47.456159" lon="-122.3697">
        <ele>23.4</ele>
      </trkpt>
      <trkpt lat="47.455979" lon="-122.36996">
        <ele>24.2</ele>
      </trkpt>
      <trkpt lat="47.4558" lon="-122.37023">
        <ele>26.7</ele>
      </trkpt>
      <trkpt lat="47.45573" lon="-122.37032">
        <ele>27.7</ele>
      </trkpt>
      <trkpt lat="47.45545" lon="-122.37074">
        <ele>31.6</ele>
      </trkpt>
      <trkpt lat="47.45543" lon="-122.3708">
        <ele>32.3</ele>
      </trkpt>
      <trkpt lat="47.45538" lon="-122.37096">
        <ele>34.1</ele>
      </trkpt>
      <trkpt lat="47.45537" lon="-122.37108">
        <ele>34.5</ele>
      </trkpt>
      <trkpt lat="47.455329" lon="-122.37138">
        <ele>36.2</ele>
      </trkpt>
      <trkpt lat="47.45524" lon="-122.37171">
        <ele>39.3</ele>
      </trkpt>
      <trkpt lat="47.45511" lon="-122.372">
        <ele>42.7</ele>
      </trkpt>
      <trkpt lat="47.45498" lon="-122.37223">
        <ele>44.4</ele>
      </trkpt>
      <trkpt lat="47.454859" lon="-122.3724">
        <ele>46.6</ele>
      </trkpt>
      <trkpt lat="47.45474" lon="-122.3726">
        <ele>49.0</ele>
      </trkpt>
      <trkpt lat="47.45464" lon="-122.37278">
        <ele>50.3</ele>
      </trkpt>
      <trkpt lat="47.45458" lon="-122.37287">
        <ele>52.0</ele>
      </trkpt>
      <trkpt lat="47.454479" lon="-122.37301">
        <ele>54.0</ele>
      </trkpt>
      <trkpt lat="47.45433" lon="-122.37327">
        <ele>55.3</ele>
      </trkpt>
      <trkpt lat="47.45427" lon="-122.37339">
        <ele>55.4</ele>
      </trkpt>
      <trkpt lat="47.45416" lon="-122.37357">
        <ele>54.1</ele>
      </trkpt>
      <trkpt lat="47.45391" lon="-122.37399">
        <ele>48.8</ele>
      </trkpt>
      <trkpt lat="47.45381" lon="-122.37413">
        <ele>45.7</ele>
      </trkpt>
      <trkpt lat="47.45373" lon="-122.37422">
        <ele>44.4</ele>
      </trkpt>
      <trkpt lat="47.45353" lon="-122.37438">
        <ele>44.8</ele>
      </trkpt>
      <trkpt lat="47.45329" lon="-122.37457">
        <ele>45.2</ele>
      </trkpt>
      <trkpt lat="47.45325" lon="-122.3746">
        <ele>45.1</ele>
      </trkpt>
      <trkpt lat="47.45319" lon="-122.37466">
        <ele>44.5</ele>
      </trkpt>
      <trkpt lat="47.45315" lon="-122.3747">
        <ele>44.1</ele>
      </trkpt>
      <trkpt lat="47.4531" lon="-122.37477">
        <ele>43.3</ele>
      </trkpt>
      <trkpt lat="47.45301" lon="-122.37494">
        <ele>40.8</ele>
      </trkpt>
      <trkpt lat="47.45291" lon="-122.37513">
        <ele>37.2</ele>
      </trkpt>
      <trkpt lat="47.45275" lon="-122.37546">
        <ele>30.8</ele>
      </trkpt>
      <trkpt lat="47.45266" lon="-122.37563">
        <ele>28.2</ele>
      </trkpt>
      <trkpt lat="47.45244" lon="-122.37609">
        <ele>24.2</ele>
      </trkpt>
      <trkpt lat="47.45221" lon="-122.37658">
        <ele>22.4</ele>
      </trkpt>
      <trkpt lat="47.45185" lon="-122.37741">
        <ele>18.5</ele>
      </trkpt>
      <trkpt lat="47.45173" lon="-122.37767">
        <ele>16.6</ele>
      </trkpt>
      <trkpt lat="47.45168" lon="-122.37776">
        <ele>15.9</ele>
      </trkpt>
      <trkpt lat="47.45162" lon="-122.37786">
        <ele>14.9</ele>
      </trkpt>
      <trkpt lat="47.45161" lon="-122.37788">
        <ele>14.7</ele>
      </trkpt>
      <trkpt lat="47.451479" lon="-122.37804">
        <ele>12.4</ele>
      </trkpt>
      <trkpt lat="47.451" lon="-122.37823">
        <ele>8.6</ele>
      </trkpt>
      <trkpt lat="47.45047" lon="-122.37866">
        <ele>7.1</ele>
      </trkpt>
      <trkpt lat="47.45036" lon="-122.37873">
        <ele>6.4</ele>
      </trkpt>
      <trkpt lat="47.45029" lon="-122.37877">
        <ele>5.9</ele>
      </trkpt>
      <trkpt lat="47.45023" lon="-122.37878">
        <ele>5.5</ele>
      </trkpt>
      <trkpt lat="47.4502" lon="-122.37877">
        <ele>5.3</ele>
      </trkpt>
      <trkpt lat="47.450159" lon="-122.37874">
        <ele>5.1</ele>
      </trkpt>
      <trkpt lat="47.450159" lon="-122.37874">
        <ele>5.1</ele>
      </trkpt>
      <trkpt lat="47.450159" lon="-122.37874">
        <ele>5.1</ele>
      </trkpt>
      <trkpt lat="47.45012" lon="-122.37869">
        <ele>4.9</ele>
      </trkpt>
      <trkpt lat="47.4501" lon="-122.37863">
        <ele>5.1</ele>
      </trkpt>
      <trkpt lat="47.45009" lon="-122.37859">
        <ele>5.2</ele>
      </trkpt>
      <trkpt lat="47.45008" lon="-122.37845">
        <ele>5.9</ele>
      </trkpt>
      <trkpt lat="47.450069" lon="-122.37831">
        <ele>6.5</ele>
      </trkpt>
      <trkpt lat="47.45004" lon="-122.37806">
        <ele>7.0</ele>
      </trkpt>
      <trkpt lat="47.44977" lon="-122.37576">
        <ele>12.4</ele>
      </trkpt>
      <trkpt lat="47.44965" lon="-122.37478">
        <ele>14.5</ele>
      </trkpt>
      <trkpt lat="47.4495" lon="-122.37392">
        <ele>14.5</ele>
      </trkpt>
      <trkpt lat="47.44928" lon="-122.37258">
        <ele>13.0</ele>
      </trkpt>
      <trkpt lat="47.44917" lon="-122.37201">
        <ele>14.0</ele>
      </trkpt>
      <trkpt lat="47.44906" lon="-122.37154">
        <ele>14.1</ele>
      </trkpt>
      <trkpt lat="47.44901" lon="-122.37123">
        <ele>15.7</ele>
      </trkpt>
      <trkpt lat="47.44893" lon="-122.37054">
        <ele>19.8</ele>
      </trkpt>
      <trkpt lat="47.44887" lon="-122.37003">
        <ele>18.4</ele>
      </trkpt>
      <trkpt lat="47.44883" lon="-122.36965">
        <ele>17.5</ele>
      </trkpt>
      <trkpt lat="47.44883" lon="-122.36945">
        <ele>19.1</ele>
      </trkpt>
      <trkpt lat="47.44883" lon="-122.36941">
        <ele>19.4</ele>
      </trkpt>
      <trkpt lat="47.44883" lon="-122.36938">
        <ele>19.6</ele>
      </trkpt>
      <trkpt lat="47.448839" lon="-122.36934">
        <ele>20.3</ele>
      </trkpt>
      <trkpt lat="47.448839" lon="-122.3693">
        <ele>20.4</ele>
      </trkpt>
      <trkpt lat="47.44885" lon="-122.36926">
        <ele>20.8</ele>
      </trkpt>
      <trkpt lat="47.44885" lon="-122.36923">
        <ele>20.8</ele>
      </trkpt>
      <trkpt lat="47.44888" lon="-122.36914">
        <ele>21.6</ele>
      </trkpt>
      <trkpt lat="47.4489" lon="-122.36906">
        <ele>22.0</ele>
      </trkpt>
      <trkpt lat="47.44891" lon="-122.369">
        <ele>22.1</ele>
      </trkpt>
      <trkpt lat="47.44892" lon="-122.36897">
        <ele>22.3</ele>
      </trkpt>
      <trkpt lat="47.44893" lon="-122.36891">
        <ele>22.4</ele>
      </trkpt>
      <trkpt lat="47.44894" lon="-122.36888">
        <ele>22.5</ele>
      </trkpt>
      <trkpt lat="47.44894" lon="-122.36884">
        <ele>22.4</ele>
      </trkpt>
      <trkpt lat="47.44895" lon="-122.36881">
        <ele>22.5</ele>
      </trkpt>
      <trkpt lat="47.44895" lon="-122.36879">
        <ele>22.4</ele>
      </trkpt>
      <trkpt lat="47.44895" lon="-122.36874">
        <ele>22.3</ele>
      </trkpt>
      <trkpt lat="47.44895" lon="-122.3687">
        <ele>22.2</ele>
      </trkpt>
      <trkpt lat="47.44895" lon="-122.36864">
        <ele>22.1</ele>
      </trkpt>
      <trkpt lat="47.44894" lon="-122.36858">
        <ele>21.9</ele>
      </trkpt>
      <trkpt lat="47.44894" lon="-122.36853">
        <ele>21.8</ele>
      </trkpt>
      <trkpt lat="47.4489" lon="-122.36835">
        <ele>21.3</ele>
      </trkpt>
      <trkpt lat="47.4489" lon="-122.36832">
        <ele>21.3</ele>
      </trkpt>
      <trkpt lat="47.44888" lon="-122.36826">
        <ele>21.1</ele>
      </trkpt>
      <trkpt lat="47.448839" lon="-122.3681">
        <ele>20.8</ele>
      </trkpt>
      <trkpt lat="47.44882" lon="-122.36804">
        <ele>20.7</ele>
      </trkpt>
      <trkpt lat="47.44879" lon="-122.36793">
        <ele>20.6</ele>
      </trkpt>
      <trkpt lat="47.44876" lon="-122.36783">
        <ele>20.6</ele>
      </trkpt>
      <trkpt lat="47.44872" lon="-122.36772">
        <ele>20.6</ele>
      </trkpt>
      <trkpt lat="47.4487" lon="-122.36763">
        <ele>20.7</ele>
      </trkpt>
      <trkpt lat="47.44863" lon="-122.36737">
        <ele>21.1</ele>
      </trkpt>
      <trkpt lat="47.44859" lon="-122.36726">
        <ele>21.2</ele>
      </trkpt>
      <trkpt lat="47.44854" lon="-122.36709">
        <ele>21.3</ele>
      </trkpt>
      <trkpt lat="47.44846" lon="-122.36679">
        <ele>21.5</ele>
      </trkpt>
      <trkpt lat="47.44843" lon="-122.36671">
        <ele>21.5</ele>
      </trkpt>
      <trkpt lat="47.4484" lon="-122.36658">
        <ele>22.0</ele>
      </trkpt>
      <trkpt lat="47.44831" lon="-122.36628">
        <ele>23.1</ele>
      </trkpt>
      <trkpt lat="47.448279" lon="-122.36616">
        <ele>23.5</ele>
      </trkpt>
      <trkpt lat="47.44825" lon="-122.36605">
        <ele>23.7</ele>
      </trkpt>
      <trkpt lat="47.44822" lon="-122.36594">
        <ele>23.7</ele>
      </trkpt>
      <trkpt lat="47.44808" lon="-122.36547">
        <ele>23.6</ele>
      </trkpt>
      <trkpt lat="47.44803" lon="-122.36531">
        <ele>23.6</ele>
      </trkpt>
      <trkpt lat="47.44796" lon="-122.36506">
        <ele>24.6</ele>
      </trkpt>
      <trkpt lat="47.44792" lon="-122.36489">
        <ele>27.1</ele>
      </trkpt>
      <trkpt lat="47.4479" lon="-122.36485">
        <ele>27.5</ele>
      </trkpt>
      <trkpt lat="47.44788" lon="-122.36476">
        <ele>28.3</ele>
      </trkpt>
      <trkpt lat="47.44783" lon="-122.36458">
        <ele>29.2</ele>
      </trkpt>
      <trkpt lat="47.4477" lon="-122.3642">
        <ele>30.1</ele>
      </trkpt>
      <trkpt lat="47.44762" lon="-122.364">
        <ele>31.9</ele>
      </trkpt>
      <trkpt lat="47.44732" lon="-122.36332">
        <ele>29.6</ele>
      </trkpt>
      <trkpt lat="47.44727" lon="-122.36318">
        <ele>29.0</ele>
      </trkpt>
      <trkpt lat="47.44722" lon="-122.36302">
        <ele>28.6</ele>
      </trkpt>
      <trkpt lat="47.44717" lon="-122.36283">
        <ele>28.3</ele>
      </trkpt>
      <trkpt lat="47.44713" lon="-122.36265">
        <ele>28.8</ele>
      </trkpt>
      <trkpt lat="47.4471" lon="-122.36252">
        <ele>29.3</ele>
      </trkpt>
      <trkpt lat="47.447069" lon="-122.36238">
        <ele>30.3</ele>
      </trkpt>
      <trkpt lat="47.44705" lon="-122.36225">
        <ele>31.8</ele>
      </trkpt>
      <trkpt lat="47.44704" lon="-122.36219">
        <ele>32.6</ele>
      </trkpt>
      <trkpt lat="47.447" lon="-122.36203">
        <ele>34.9</ele>
      </trkpt>
      <trkpt lat="47.44697" lon="-122.3619">
        <ele>36.6</ele>
      </trkpt>
      <trkpt lat="47.44693" lon="-122.36177">
        <ele>37.3</ele>
      </trkpt>
      <trkpt lat="47.4469" lon="-122.36156">
        <ele>37.7</ele>
      </trkpt>
      <trkpt lat="47.4469" lon="-122.36144">
        <ele>38.5</ele>
      </trkpt>
      <trkpt lat="47.4469" lon="-122.36123">
        <ele>39.6</ele>
      </trkpt>
      <trkpt lat="47.4469" lon="-122.36106">
        <ele>39.9</ele>
      </trkpt>
      <trkpt lat="47.44691" lon="-122.36075">
        <ele>41.4</ele>
      </trkpt>
      <trkpt lat="47.44689" lon="-122.36058">
        <ele>42.6</ele>
      </trkpt>
      <trkpt lat="47.44688" lon="-122.36055">
        <ele>42.8</ele>
      </trkpt>
      <trkpt lat="47.44688" lon="-122.36051">
        <ele>43.4</ele>
      </trkpt>
      <trkpt lat="47.44685" lon="-122.36039">
        <ele>44.4</ele>
      </trkpt>
      <trkpt lat="47.44682" lon="-122.36029">
        <ele>45.3</ele>
      </trkpt>
      <trkpt lat="47.4468" lon="-122.3602">
        <ele>46.3</ele>
      </trkpt>
      <trkpt lat="47.44673" lon="-122.35999">
        <ele>48.3</ele>
      </trkpt>
      <trkpt lat="47.44668" lon="-122.35987">
        <ele>49.0</ele>
      </trkpt>
      <trkpt lat="47.44666" lon="-122.3598">
        <ele>49.8</ele>
      </trkpt>
      <trkpt lat="47.44663" lon="-122.35974">
        <ele>50.0</ele>
      </trkpt>
      <trkpt lat="47.44661" lon="-122.35967">
        <ele>51.0</ele>
      </trkpt>
      <trkpt lat="47.44657" lon="-122.35959">
        <ele>51.4</ele>
      </trkpt>
      <trkpt lat="47.44654" lon="-122.35954">
        <ele>51.7</ele>
      </trkpt>
      <trkpt lat="47.44651" lon="-122.3595">
        <ele>51.9</ele>
      </trkpt>
      <trkpt lat="47.44648" lon="-122.35945">
        <ele>52.2</ele>
      </trkpt>
      <trkpt lat="47.44645" lon="-122.35943">
        <ele>52.2</ele>
      </trkpt>
      <trkpt lat="47.44642" lon="-122.3594">
        <ele>52.6</ele>
      </trkpt>
      <trkpt lat="47.44641" lon="-122.35939">
        <ele>52.7</ele>
      </trkpt>
      <trkpt lat="47.44638" lon="-122.35937">
        <ele>52.5</ele>
      </trkpt>
      <trkpt lat="47.44635" lon="-122.35936">
        <ele>52.3</ele>
      </trkpt>
      <trkpt lat="47.44633" lon="-122.35934">
        <ele>52.8</ele>
      </trkpt>
      <trkpt lat="47.44628" lon="-122.35933">
        <ele>52.4</ele>
      </trkpt>
      <trkpt lat="47.44624" lon="-122.35932">
        <ele>52.4</ele>
      </trkpt>
      <trkpt lat="47.4462" lon="-122.35932">
        <ele>52.0</ele>
      </trkpt>
      <trkpt lat="47.44616" lon="-122.35932">
        <ele>51.8</ele>
      </trkpt>
      <trkpt lat="47.44612" lon="-122.35932">
        <ele>51.6</ele>
      </trkpt>
      <trkpt lat="47.44609" lon="-122.35933">
        <ele>51.4</ele>
      </trkpt>
      <trkpt lat="47.44603" lon="-122.35934">
        <ele>51.5</ele>
      </trkpt>
      <trkpt lat="47.44596" lon="-122.35936">
        <ele>51.7</ele>
      </trkpt>
      <trkpt lat="47.44587" lon="-122.35938">
        <ele>51.7</ele>
      </trkpt>
      <trkpt lat="47.445839" lon="-122.35939">
        <ele>51.5</ele>
      </trkpt>
      <trkpt lat="47.44578" lon="-122.3594">
        <ele>51.2</ele>
      </trkpt>
      <trkpt lat="47.445749" lon="-122.35939">
        <ele>51.4</ele>
      </trkpt>
      <trkpt lat="47.44571" lon="-122.35939">
        <ele>51.2</ele>
      </trkpt>
      <trkpt lat="47.44569" lon="-122.35938">
        <ele>51.2</ele>
      </trkpt>
      <trkpt lat="47.445659" lon="-122.35936">
        <ele>51.1</ele>
      </trkpt>
      <trkpt lat="47.44565" lon="-122.35935">
        <ele>51.1</ele>
      </trkpt>
      <trkpt lat="47.44564" lon="-122.35934">
        <ele>51.0</ele>
      </trkpt>
      <trkpt lat="47.44562" lon="-122.35931">
        <ele>50.7</ele>
      </trkpt>
      <trkpt lat="47.44561" lon="-122.35929">
        <ele>50.6</ele>
      </trkpt>
      <trkpt lat="47.44561" lon="-122.35929">
        <ele>50.6</ele>
      </trkpt>
      <trkpt lat="47.44561" lon="-122.35929">
        <ele>50.6</ele>
      </trkpt>
      <trkpt lat="47.4456" lon="-122.35926">
        <ele>50.5</ele>
      </trkpt>
      <trkpt lat="47.44559" lon="-122.35923">
        <ele>50.3</ele>
      </trkpt>
      <trkpt lat="47.44558" lon="-122.35921">
        <ele>50.1</ele>
      </trkpt>
      <trkpt lat="47.44558" lon="-122.3592">
        <ele>50.1</ele>
      </trkpt>
      <trkpt lat="47.44558" lon="-122.35918">
        <ele>50.1</ele>
      </trkpt>
      <trkpt lat="47.44558" lon="-122.35917">
        <ele>50.1</ele>
      </trkpt>
      <trkpt lat="47.44558" lon="-122.35916">
        <ele>50.1</ele>
      </trkpt>
      <trkpt lat="47.44558" lon="-122.35914">
        <ele>50.0</ele>
      </trkpt>
      <trkpt lat="47.44558" lon="-122.35911">
        <ele>49.8</ele>
      </trkpt>
      <trkpt lat="47.44558" lon="-122.35909">
        <ele>49.8</ele>
      </trkpt>
      <trkpt lat="47.44559" lon="-122.35907">
        <ele>49.8</ele>
      </trkpt>
      <trkpt lat="47.44559" lon="-122.35905">
        <ele>49.7</ele>
      </trkpt>
      <trkpt lat="47.4456" lon="-122.35902">
        <ele>49.6</ele>
      </trkpt>
      <trkpt lat="47.44562" lon="-122.35899">
        <ele>49.8</ele>
      </trkpt>
      <trkpt lat="47.44564" lon="-122.35895">
        <ele>49.8</ele>
      </trkpt>
      <trkpt lat="47.4457" lon="-122.35885">
        <ele>50.1</ele>
      </trkpt>
      <trkpt lat="47.44571" lon="-122.35883">
        <ele>50.1</ele>
      </trkpt>
      <trkpt lat="47.44582" lon="-122.35867">
        <ele>50.5</ele>
      </trkpt>
      <trkpt lat="47.446219" lon="-122.35813">
        <ele>53.0</ele>
      </trkpt>
      <trkpt lat="47.44635" lon="-122.35794">
        <ele>54.8</ele>
      </trkpt>
      <trkpt lat="47.44649" lon="-122.35775">
        <ele>55.2</ele>
      </trkpt>
      <trkpt lat="47.44657" lon="-122.35764">
        <ele>55.3</ele>
      </trkpt>
      <trkpt lat="47.44676" lon="-122.35739">
        <ele>55.7</ele>
      </trkpt>
      <trkpt lat="47.44682" lon="-122.35731">
        <ele>55.7</ele>
      </trkpt>
      <trkpt lat="47.44718" lon="-122.35683">
        <ele>56.3</ele>
      </trkpt>
      <trkpt lat="47.44735" lon="-122.35659">
        <ele>56.2</ele>
      </trkpt>
      <trkpt lat="47.44748" lon="-122.35641">
        <ele>56.8</ele>
      </trkpt>
      <trkpt lat="47.44751" lon="-122.35636">
        <ele>57.0</ele>
      </trkpt>
      <trkpt lat="47.44755" lon="-122.35629">
        <ele>57.4</ele>
      </trkpt>
      <trkpt lat="47.44759" lon="-122.35624">
        <ele>57.9</ele>
      </trkpt>
      <trkpt lat="47.4476" lon="-122.3562">
        <ele>57.9</ele>
      </trkpt>
      <trkpt lat="47.44764" lon="-122.35613">
        <ele>58.3</ele>
      </trkpt>
      <trkpt lat="47.44766" lon="-122.35609">
        <ele>58.5</ele>
      </trkpt>
      <trkpt lat="47.44769" lon="-122.35602">
        <ele>58.8</ele>
      </trkpt>
      <trkpt lat="47.44773" lon="-122.35593">
        <ele>59.0</ele>
      </trkpt>
      <trkpt lat="47.44779" lon="-122.35577">
        <ele>58.9</ele>
      </trkpt>
      <trkpt lat="47.4478" lon="-122.35574">
        <ele>58.8</ele>
      </trkpt>
      <trkpt lat="47.44783" lon="-122.35565">
        <ele>58.7</ele>
      </trkpt>
      <trkpt lat="47.44785" lon="-122.35561">
        <ele>58.8</ele>
      </trkpt>
      <trkpt lat="47.44785" lon="-122.3556">
        <ele>58.7</ele>
      </trkpt>
      <trkpt lat="47.44799" lon="-122.35521">
        <ele>59.0</ele>
      </trkpt>
      <trkpt lat="47.44826" lon="-122.35436">
        <ele>60.1</ele>
      </trkpt>
      <trkpt lat="47.44829" lon="-122.35429">
        <ele>59.8</ele>
      </trkpt>
      <trkpt lat="47.44829" lon="-122.35429">
        <ele>59.8</ele>
      </trkpt>
      <trkpt lat="47.44842" lon="-122.35393">
        <ele>58.5</ele>
      </trkpt>
      <trkpt lat="47.44848" lon="-122.35377">
        <ele>58.7</ele>
      </trkpt>
      <trkpt lat="47.44851" lon="-122.35367">
        <ele>58.9</ele>
      </trkpt>
      <trkpt lat="47.44855" lon="-122.35354">
        <ele>59.2</ele>
      </trkpt>
      <trkpt lat="47.44859" lon="-122.35342">
        <ele>59.4</ele>
      </trkpt>
      <trkpt lat="47.44859" lon="-122.35342">
        <ele>59.4</ele>
      </trkpt>
      <trkpt lat="47.44859" lon="-122.35342">
        <ele>59.4</ele>
      </trkpt>
      <trkpt lat="47.4485" lon="-122.35333">
        <ele>57.1</ele>
      </trkpt>
      <trkpt lat="47.44847" lon="-122.35326">
        <ele>56.3</ele>
      </trkpt>
      <trkpt lat="47.44844" lon="-122.3532">
        <ele>55.4</ele>
      </trkpt>
      <trkpt lat="47.44842" lon="-122.35313">
        <ele>54.5</ele>
      </trkpt>
      <trkpt lat="47.44841" lon="-122.35306">
        <ele>53.7</ele>
      </trkpt>
      <trkpt lat="47.4484" lon="-122.35297">
        <ele>52.6</ele>
      </trkpt>
      <trkpt lat="47.4484" lon="-122.35285">
        <ele>51.5</ele>
      </trkpt>
      <trkpt lat="47.44845" lon="-122.35254">
        <ele>50.2</ele>
      </trkpt>
      <trkpt lat="47.44848" lon="-122.35241">
        <ele>50.1</ele>
      </trkpt>
      <trkpt lat="47.44849" lon="-122.35233">
        <ele>49.9</ele>
      </trkpt>
      <trkpt lat="47.4485" lon="-122.35227">
        <ele>49.8</ele>
      </trkpt>
      <trkpt lat="47.4485" lon="-122.35219">
        <ele>49.2</ele>
      </trkpt>
      <trkpt lat="47.4485" lon="-122.3521">
        <ele>48.6</ele>
      </trkpt>
      <trkpt lat="47.4485" lon="-122.35201">
        <ele>47.7</ele>
      </trkpt>
      <trkpt lat="47.44849" lon="-122.35193">
        <ele>46.1</ele>
      </trkpt>
      <trkpt lat="47.44847" lon="-122.35185">
        <ele>43.0</ele>
      </trkpt>
      <trkpt lat="47.44844" lon="-122.3518">
        <ele>40.0</ele>
      </trkpt>
      <trkpt lat="47.44842" lon="-122.35173">
        <ele>38.3</ele>
      </trkpt>
      <trkpt lat="47.44842" lon="-122.35173">
        <ele>38.3</ele>
      </trkpt>
      <trkpt lat="47.44842" lon="-122.35173">
        <ele>38.3</ele>
      </trkpt>
      <trkpt lat="47.44839" lon="-122.35169">
        <ele>37.9</ele>
      </trkpt>
      <trkpt lat="47.44837" lon="-122.35166">
        <ele>37.6</ele>
      </trkpt>
      <trkpt lat="47.44834" lon="-122.35161">
        <ele>37.1</ele>
      </trkpt>
      <trkpt lat="47.44832" lon="-122.35159">
        <ele>36.8</ele>
      </trkpt>
      <trkpt lat="47.4483" lon="-122.35157">
        <ele>36.5</ele>
      </trkpt>
      <trkpt lat="47.44822" lon="-122.35152">
        <ele>35.6</ele>
      </trkpt>
      <trkpt lat="47.448189" lon="-122.35152">
        <ele>35.4</ele>
      </trkpt>
      <trkpt lat="47.44812" lon="-122.35151">
        <ele>34.8</ele>
      </trkpt>
      <trkpt lat="47.448099" lon="-122.3515">
        <ele>34.6</ele>
      </trkpt>
      <trkpt lat="47.44807" lon="-122.3515">
        <ele>34.4</ele>
      </trkpt>
      <trkpt lat="47.44803" lon="-122.35151">
        <ele>34.1</ele>
      </trkpt>
      <trkpt lat="47.448009" lon="-122.35151">
        <ele>34.0</ele>
      </trkpt>
      <trkpt lat="47.44759" lon="-122.35156">
        <ele>31.4</ele>
      </trkpt>
      <trkpt lat="47.447539" lon="-122.35158">
        <ele>31.0</ele>
      </trkpt>
      <trkpt lat="47.4475" lon="-122.3516">
        <ele>30.6</ele>
      </trkpt>
      <trkpt lat="47.44743" lon="-122.35168">
        <ele>30.1</ele>
      </trkpt>
      <trkpt lat="47.4474" lon="-122.35172">
        <ele>29.8</ele>
      </trkpt>
      <trkpt lat="47.44733" lon="-122.35193">
        <ele>29.4</ele>
      </trkpt>
      <trkpt lat="47.4473" lon="-122.35199">
        <ele>29.0</ele>
      </trkpt>
      <trkpt lat="47.44727" lon="-122.35206">
        <ele>28.5</ele>
      </trkpt>
      <trkpt lat="47.44721" lon="-122.35208">
        <ele>27.3</ele>
      </trkpt>
      <trkpt lat="47.44717" lon="-122.35208">
        <ele>26.4</ele>
      </trkpt>
      <trkpt lat="47.44694" lon="-122.35206">
        <ele>22.5</ele>
      </trkpt>
      <trkpt lat="47.44688" lon="-122.35208">
        <ele>21.6</ele>
      </trkpt>
      <trkpt lat="47.44683" lon="-122.3521">
        <ele>20.8</ele>
      </trkpt>
      <trkpt lat="47.446779" lon="-122.35214">
        <ele>20.0</ele>
      </trkpt>
      <trkpt lat="47.44643" lon="-122.35263">
        <ele>16.6</ele>
      </trkpt>
      <trkpt lat="47.44638" lon="-122.35268">
        <ele>16.0</ele>
      </trkpt>
      <trkpt lat="47.44635" lon="-122.35271">
        <ele>15.7</ele>
      </trkpt>
      <trkpt lat="47.44629" lon="-122.35273">
        <ele>14.9</ele>
      </trkpt>
      <trkpt lat="47.44625" lon="-122.35275">
        <ele>14.5</ele>
      </trkpt>
      <trkpt lat="47.44621" lon="-122.35275">
        <ele>14.0</ele>
      </trkpt>
      <trkpt lat="47.44619" lon="-122.35275">
        <ele>13.8</ele>
      </trkpt>
      <trkpt lat="47.44617" lon="-122.35275">
        <ele>13.5</ele>
      </trkpt>
      <trkpt lat="47.44614" lon="-122.35274">
        <ele>13.1</ele>
      </trkpt>
      <trkpt lat="47.44612" lon="-122.35273">
        <ele>12.8</ele>
      </trkpt>
      <trkpt lat="47.4461" lon="-122.35272">
        <ele>12.5</ele>
      </trkpt>
      <trkpt lat="47.44608" lon="-122.35271">
        <ele>12.2</ele>
      </trkpt>
      <trkpt lat="47.44607" lon="-122.35269">
        <ele>12.0</ele>
      </trkpt>
      <trkpt lat="47.44604" lon="-122.35267">
        <ele>11.5</ele>
      </trkpt>
      <trkpt lat="47.44598" lon="-122.35261">
        <ele>10.5</ele>
      </trkpt>
      <trkpt lat="47.44581" lon="-122.35241">
        <ele>8.1</ele>
      </trkpt>
      <trkpt lat="47.4458" lon="-122.3524">
        <ele>8.0</ele>
      </trkpt>
      <trkpt lat="47.44556" lon="-122.35213">
        <ele>7.1</ele>
      </trkpt>
      <trkpt lat="47.44556" lon="-122.35212">
        <ele>7.2</ele>
      </trkpt>
      <trkpt lat="47.44555" lon="-122.35211">
        <ele>7.2</ele>
      </trkpt>
      <trkpt lat="47.44554" lon="-122.3521">
        <ele>7.2</ele>
      </trkpt>
      <trkpt lat="47.44552" lon="-122.35208">
        <ele>7.3</ele>
      </trkpt>
      <trkpt lat="47.44551" lon="-122.35207">
        <ele>7.3</ele>
      </trkpt>
      <trkpt lat="47.44549" lon="-122.35206">
        <ele>7.4</ele>
      </trkpt>
      <trkpt lat="47.44547" lon="-122.35204">
        <ele>7.4</ele>
      </trkpt>
      <trkpt lat="47.44546" lon="-122.35204">
        <ele>7.4</ele>
      </trkpt>
      <trkpt lat="47.44545" lon="-122.35204">
        <ele>7.5</ele>
      </trkpt>
      <trkpt lat="47.44542" lon="-122.35203">
        <ele>7.5</ele>
      </trkpt>
      <trkpt lat="47.44538" lon="-122.35202">
        <ele>7.6</ele>
      </trkpt>
      <trkpt lat="47.44538" lon="-122.35202">
        <ele>7.6</ele>
      </trkpt>
      <trkpt lat="47.44538" lon="-122.35202">
        <ele>7.6</ele>
      </trkpt>
      <trkpt lat="47.44533" lon="-122.35202">
        <ele>7.7</ele>
      </trkpt>
      <trkpt lat="47.44529" lon="-122.35204">
        <ele>7.8</ele>
      </trkpt>
      <trkpt lat="47.44525" lon="-122.35205">
        <ele>7.8</ele>
      </trkpt>
      <trkpt lat="47.44521" lon="-122.35206">
        <ele>7.8</ele>
      </trkpt>
      <trkpt lat="47.44517" lon="-122.35207">
        <ele>7.7</ele>
      </trkpt>
      <trkpt lat="47.44514" lon="-122.35206">
        <ele>7.8</ele>
      </trkpt>
      <trkpt lat="47.44512" lon="-122.35206">
        <ele>7.8</ele>
      </trkpt>
      <trkpt lat="47.44509" lon="-122.35205">
        <ele>7.8</ele>
      </trkpt>
      <trkpt lat="47.44506" lon="-122.35204">
        <ele>7.8</ele>
      </trkpt>
      <trkpt lat="47.44502" lon="-122.35202">
        <ele>7.8</ele>
      </trkpt>
      <trkpt lat="47.44499" lon="-122.35198">
        <ele>7.8</ele>
      </trkpt>
      <trkpt lat="47.44496" lon="-122.35195">
        <ele>7.7</ele>
      </trkpt>
      <trkpt lat="47.44493" lon="-122.3519">
        <ele>7.7</ele>
      </trkpt>
      <trkpt lat="47.444899" lon="-122.35185">
        <ele>7.7</ele>
      </trkpt>
      <trkpt lat="47.44488" lon="-122.35177">
        <ele>7.7</ele>
      </trkpt>
      <trkpt lat="47.44484" lon="-122.35166">
        <ele>7.8</ele>
      </trkpt>
      <trkpt lat="47.44478" lon="-122.35147">
        <ele>7.9</ele>
      </trkpt>
      <trkpt lat="47.44473" lon="-122.35135">
        <ele>7.8</ele>
      </trkpt>
      <trkpt lat="47.44469" lon="-122.35129">
        <ele>7.7</ele>
      </trkpt>
      <trkpt lat="47.44464" lon="-122.35124">
        <ele>7.5</ele>
      </trkpt>
      <trkpt lat="47.44464" lon="-122.35124">
        <ele>7.5</ele>
      </trkpt>
      <trkpt lat="47.44464" lon="-122.35124">
        <ele>7.5</ele>
      </trkpt>
      <trkpt lat="47.4446" lon="-122.35121">
        <ele>7.4</ele>
      </trkpt>
      <trkpt lat="47.44456" lon="-122.35119">
        <ele>7.3</ele>
      </trkpt>
      <trkpt lat="47.44452" lon="-122.35117">
        <ele>7.2</ele>
      </trkpt>
      <trkpt lat="47.44413" lon="-122.35114">
        <ele>7.3</ele>
      </trkpt>
      <trkpt lat="47.44376" lon="-122.35114">
        <ele>8.0</ele>
      </trkpt>
      <trkpt lat="47.44367" lon="-122.35113">
        <ele>8.2</ele>
      </trkpt>
      <trkpt lat="47.44347" lon="-122.35112">
        <ele>9.2</ele>
      </trkpt>
      <trkpt lat="47.44347" lon="-122.35112">
        <ele>9.2</ele>
      </trkpt>
      <trkpt lat="47.44347" lon="-122.35112">
        <ele>9.2</ele>
      </trkpt>
      <trkpt lat="47.44345" lon="-122.35044">
        <ele>12.5</ele>
      </trkpt>
      <trkpt lat="47.44348" lon="-122.34924">
        <ele>20.8</ele>
      </trkpt>
      <trkpt lat="47.44347" lon="-122.34912">
        <ele>21.8</ele>
      </trkpt>
      <trkpt lat="47.44347" lon="-122.34891">
        <ele>23.5</ele>
      </trkpt>
      <trkpt lat="47.44344" lon="-122.34879">
        <ele>24.3</ele>
      </trkpt>
      <trkpt lat="47.443399" lon="-122.34863">
        <ele>25.1</ele>
      </trkpt>
      <trkpt lat="47.44335" lon="-122.34843">
        <ele>26.1</ele>
      </trkpt>
      <trkpt lat="47.44335" lon="-122.34843">
        <ele>26.1</ele>
      </trkpt>
      <trkpt lat="47.44335" lon="-122.34843">
        <ele>26.1</ele>
      </trkpt>
      <trkpt lat="47.44329" lon="-122.34844">
        <ele>26.2</ele>
      </trkpt>
      <trkpt lat="47.4432" lon="-122.34847">
        <ele>26.3</ele>
      </trkpt>
      <trkpt lat="47.443129" lon="-122.34851">
        <ele>26.2</ele>
      </trkpt>
      <trkpt lat="47.44304" lon="-122.34857">
        <ele>26.2</ele>
      </trkpt>
      <trkpt lat="47.44298" lon="-122.34862">
        <ele>26.1</ele>
      </trkpt>
      <trkpt lat="47.44291" lon="-122.34869">
        <ele>26.1</ele>
      </trkpt>
      <trkpt lat="47.44287" lon="-122.34874">
        <ele>26.0</ele>
      </trkpt>
      <trkpt lat="47.442749" lon="-122.34888">
        <ele>26.0</ele>
      </trkpt>
      <trkpt lat="47.44272" lon="-122.34891">
        <ele>26.1</ele>
      </trkpt>
      <trkpt lat="47.44254" lon="-122.3491">
        <ele>26.3</ele>
      </trkpt>
      <trkpt lat="47.44223" lon="-122.34935">
        <ele>26.1</ele>
      </trkpt>
      <trkpt lat="47.44212" lon="-122.34942">
        <ele>26.2</ele>
      </trkpt>
      <trkpt lat="47.44194" lon="-122.34953">
        <ele>27.0</ele>
      </trkpt>
      <trkpt lat="47.44173" lon="-122.34963">
        <ele>27.8</ele>
      </trkpt>
      <trkpt lat="47.44165" lon="-122.34966">
        <ele>27.9</ele>
      </trkpt>
      <trkpt lat="47.44147" lon="-122.34973">
        <ele>27.9</ele>
      </trkpt>
      <trkpt lat="47.44117" lon="-122.34981">
        <ele>27.7</ele>
      </trkpt>
      <trkpt lat="47.44092" lon="-122.34983">
        <ele>27.4</ele>
      </trkpt>
      <trkpt lat="47.44072" lon="-122.34983">
        <ele>27.4</ele>
      </trkpt>
      <trkpt lat="47.44054" lon="-122.34981">
        <ele>27.5</ele>
      </trkpt>
      <trkpt lat="47.44035" lon="-122.34977">
        <ele>27.5</ele>
      </trkpt>
      <trkpt lat="47.43988" lon="-122.34964">
        <ele>27.3</ele>
      </trkpt>
      <trkpt lat="47.4384" lon="-122.34917">
        <ele>26.8</ele>
      </trkpt>
      <trkpt lat="47.43722" lon="-122.3488">
        <ele>30.3</ele>
      </trkpt>
      <trkpt lat="47.43648" lon="-122.34858">
        <ele>31.4</ele>
      </trkpt>
      <trkpt lat="47.4353" lon="-122.3482">
        <ele>38.2</ele>
      </trkpt>
      <trkpt lat="47.43502" lon="-122.3481">
        <ele>39.8</ele>
      </trkpt>
      <trkpt lat="47.43476" lon="-122.34802">
        <ele>40.7</ele>
      </trkpt>
      <trkpt lat="47.4343" lon="-122.3479">
        <ele>42.4</ele>
      </trkpt>
      <trkpt lat="47.43401" lon="-122.34784">
        <ele>43.3</ele>
      </trkpt>
      <trkpt lat="47.4335" lon="-122.34776">
        <ele>44.4</ele>
      </trkpt>
      <trkpt lat="47.43272" lon="-122.3477">
        <ele>45.5</ele>
      </trkpt>
      <trkpt lat="47.43235" lon="-122.34768">
        <ele>45.5</ele>
      </trkpt>
      <trkpt lat="47.43229" lon="-122.34768">
        <ele>45.5</ele>
      </trkpt>
      <trkpt lat="47.43222" lon="-122.34767">
        <ele>45.5</ele>
      </trkpt>
      <trkpt lat="47.432139" lon="-122.34765">
        <ele>45.6</ele>
      </trkpt>
      <trkpt lat="47.43207" lon="-122.34763">
        <ele>45.7</ele>
      </trkpt>
      <trkpt lat="47.432" lon="-122.3476">
        <ele>45.8</ele>
      </trkpt>
      <trkpt lat="47.43193" lon="-122.34758">
        <ele>45.9</ele>
      </trkpt>
      <trkpt lat="47.43181" lon="-122.34753">
        <ele>46.0</ele>
      </trkpt>
      <trkpt lat="47.43171" lon="-122.34748">
        <ele>46.1</ele>
      </trkpt>
      <trkpt lat="47.43159" lon="-122.34741">
        <ele>46.4</ele>
      </trkpt>
      <trkpt lat="47.43147" lon="-122.34734">
        <ele>46.6</ele>
      </trkpt>
      <trkpt lat="47.43131" lon="-122.34723">
        <ele>46.9</ele>
      </trkpt>
      <trkpt lat="47.43101" lon="-122.34691">
        <ele>48.1</ele>
      </trkpt>
      <trkpt lat="47.43084" lon="-122.34675">
        <ele>48.7</ele>
      </trkpt>
      <trkpt lat="47.43074" lon="-122.34664">
        <ele>49.2</ele>
      </trkpt>
      <trkpt lat="47.43058" lon="-122.34652">
        <ele>50.0</ele>
      </trkpt>
      <trkpt lat="47.43049" lon="-122.34648">
        <ele>50.4</ele>
      </trkpt>
      <trkpt lat="47.43031" lon="-122.34642">
        <ele>51.2</ele>
      </trkpt>
      <trkpt lat="47.43015" lon="-122.3464">
        <ele>51.7</ele>
      </trkpt>
      <trkpt lat="47.42996" lon="-122.3464">
        <ele>52.3</ele>
      </trkpt>
      <trkpt lat="47.42976" lon="-122.34647">
        <ele>53.0</ele>
      </trkpt>
      <trkpt lat="47.42958" lon="-122.34652">
        <ele>53.6</ele>
      </trkpt>
      <trkpt lat="47.42938" lon="-122.34661">
        <ele>54.3</ele>
      </trkpt>
      <trkpt lat="47.42902" lon="-122.34684">
        <ele>55.8</ele>
      </trkpt>
      <trkpt lat="47.4289" lon="-122.34692">
        <ele>56.1</ele>
      </trkpt>
      <trkpt lat="47.42869" lon="-122.34709">
        <ele>57.4</ele>
      </trkpt>
      <trkpt lat="47.42851" lon="-122.34727">
        <ele>58.4</ele>
      </trkpt>
      <trkpt lat="47.42841" lon="-122.34736">
        <ele>58.9</ele>
      </trkpt>
      <trkpt lat="47.42827" lon="-122.34753">
        <ele>59.0</ele>
      </trkpt>
      <trkpt lat="47.42784" lon="-122.34803">
        <ele>59.0</ele>
      </trkpt>
      <trkpt lat="47.42763" lon="-122.34827">
        <ele>59.2</ele>
      </trkpt>
      <trkpt lat="47.42739" lon="-122.34848">
        <ele>59.3</ele>
      </trkpt>
      <trkpt lat="47.42724" lon="-122.34858">
        <ele>59.3</ele>
      </trkpt>
      <trkpt lat="47.42706" lon="-122.34867">
        <ele>59.2</ele>
      </trkpt>
      <trkpt lat="47.42696" lon="-122.34871">
        <ele>59.2</ele>
      </trkpt>
      <trkpt lat="47.42674" lon="-122.34879">
        <ele>58.9</ele>
      </trkpt>
      <trkpt lat="47.42668" lon="-122.34879">
        <ele>59.0</ele>
      </trkpt>
      <trkpt lat="47.42665" lon="-122.34879">
        <ele>59.0</ele>
      </trkpt>
      <trkpt lat="47.42655" lon="-122.34878">
        <ele>59.1</ele>
      </trkpt>
      <trkpt lat="47.4265" lon="-122.34876">
        <ele>59.2</ele>
      </trkpt>
      <trkpt lat="47.42644" lon="-122.34874">
        <ele>59.3</ele>
      </trkpt>
      <trkpt lat="47.42638" lon="-122.34869">
        <ele>59.6</ele>
      </trkpt>
      <trkpt lat="47.42635" lon="-122.34866">
        <ele>59.8</ele>
      </trkpt>
      <trkpt lat="47.42629" lon="-122.34855">
        <ele>60.4</ele>
      </trkpt>
      <trkpt lat="47.42626" lon="-122.34848">
        <ele>60.8</ele>
      </trkpt>
      <trkpt lat="47.42624" lon="-122.3484">
        <ele>61.4</ele>
      </trkpt>
      <trkpt lat="47.42622" lon="-122.34833">
        <ele>61.9</ele>
      </trkpt>
      <trkpt lat="47.42621" lon="-122.34825">
        <ele>62.5</ele>
      </trkpt>
      <trkpt lat="47.42621" lon="-122.3482">
        <ele>62.9</ele>
      </trkpt>
      <trkpt lat="47.426229" lon="-122.34805">
        <ele>64.2</ele>
      </trkpt>
      <trkpt lat="47.42624" lon="-122.34798">
        <ele>64.8</ele>
      </trkpt>
      <trkpt lat="47.42626" lon="-122.34792">
        <ele>65.4</ele>
      </trkpt>
      <trkpt lat="47.42628" lon="-122.34788">
        <ele>65.8</ele>
      </trkpt>
      <trkpt lat="47.4263" lon="-122.34784">
        <ele>66.1</ele>
      </trkpt>
      <trkpt lat="47.426319" lon="-122.34779">
        <ele>66.6</ele>
      </trkpt>
      <trkpt lat="47.42636" lon="-122.34772">
        <ele>67.2</ele>
      </trkpt>
      <trkpt lat="47.42658" lon="-122.34741">
        <ele>70.3</ele>
      </trkpt>
      <trkpt lat="47.42728" lon="-122.34648">
        <ele>77.6</ele>
      </trkpt>
      <trkpt lat="47.42731" lon="-122.34643">
        <ele>77.8</ele>
      </trkpt>
      <trkpt lat="47.42734" lon="-122.34639">
        <ele>78.0</ele>
      </trkpt>
      <trkpt lat="47.42736" lon="-122.34634">
        <ele>78.2</ele>
      </trkpt>
      <trkpt lat="47.42738" lon="-122.34628">
        <ele>78.4</ele>
      </trkpt>
      <trkpt lat="47.42739" lon="-122.34623">
        <ele>78.6</ele>
      </trkpt>
      <trkpt lat="47.4274" lon="-122.34617">
        <ele>78.8</ele>
      </trkpt>
      <trkpt lat="47.42741" lon="-122.34611">
        <ele>79.1</ele>
      </trkpt>
      <trkpt lat="47.42741" lon="-122.34607">
        <ele>79.2</ele>
      </trkpt>
      <trkpt lat="47.42741" lon="-122.34601">
        <ele>79.5</ele>
      </trkpt>
      <trkpt lat="47.42741" lon="-122.34596">
        <ele>79.6</ele>
      </trkpt>
      <trkpt lat="47.42741" lon="-122.34592">
        <ele>79.8</ele>
      </trkpt>
      <trkpt lat="47.4274" lon="-122.34588">
        <ele>80.0</ele>
      </trkpt>
      <trkpt lat="47.4274" lon="-122.34583">
        <ele>80.2</ele>
      </trkpt>
      <trkpt lat="47.4274" lon="-122.34581">
        <ele>80.2</ele>
      </trkpt>
      <trkpt lat="47.42739" lon="-122.34577">
        <ele>80.4</ele>
      </trkpt>
      <trkpt lat="47.42733" lon="-122.3457">
        <ele>80.8</ele>
      </trkpt>
      <trkpt lat="47.427259" lon="-122.34561">
        <ele>81.3</ele>
      </trkpt>
      <trkpt lat="47.42721" lon="-122.34557">
        <ele>81.4</ele>
      </trkpt>
      <trkpt lat="47.42716" lon="-122.34554">
        <ele>81.6</ele>
      </trkpt>
      <trkpt lat="47.42712" lon="-122.34551">
        <ele>81.7</ele>
      </trkpt>
      <trkpt lat="47.42707" lon="-122.3455">
        <ele>81.7</ele>
      </trkpt>
      <trkpt lat="47.42701" lon="-122.34549">
        <ele>81.7</ele>
      </trkpt>
      <trkpt lat="47.42696" lon="-122.34548">
        <ele>81.8</ele>
      </trkpt>
      <trkpt lat="47.42691" lon="-122.34549">
        <ele>81.7</ele>
      </trkpt>
      <trkpt lat="47.42686" lon="-122.34551">
        <ele>81.7</ele>
      </trkpt>
      <trkpt lat="47.42675" lon="-122.34558">
        <ele>81.4</ele>
      </trkpt>
      <trkpt lat="47.42655" lon="-122.3457">
        <ele>81.0</ele>
      </trkpt>
      <trkpt lat="47.42648" lon="-122.34574">
        <ele>80.9</ele>
      </trkpt>
      <trkpt lat="47.42642" lon="-122.34576">
        <ele>80.9</ele>
      </trkpt>
      <trkpt lat="47.42634" lon="-122.34579">
        <ele>80.9</ele>
      </trkpt>
      <trkpt lat="47.42627" lon="-122.34581">
        <ele>80.9</ele>
      </trkpt>
      <trkpt lat="47.42618" lon="-122.34583">
        <ele>81.0</ele>
      </trkpt>
      <trkpt lat="47.4261" lon="-122.34584">
        <ele>81.1</ele>
      </trkpt>
      <trkpt lat="47.42601" lon="-122.34584">
        <ele>81.3</ele>
      </trkpt>
      <trkpt lat="47.42591" lon="-122.34584">
        <ele>81.6</ele>
      </trkpt>
      <trkpt lat="47.425849" lon="-122.34583">
        <ele>82.0</ele>
      </trkpt>
      <trkpt lat="47.42569" lon="-122.34579">
        <ele>83.1</ele>
      </trkpt>
      <trkpt lat="47.4256" lon="-122.34576">
        <ele>84.0</ele>
      </trkpt>
      <trkpt lat="47.42552" lon="-122.34573">
        <ele>84.6</ele>
      </trkpt>
      <trkpt lat="47.42543" lon="-122.34568">
        <ele>85.3</ele>
      </trkpt>
      <trkpt lat="47.42534" lon="-122.34562">
        <ele>85.9</ele>
      </trkpt>
      <trkpt lat="47.42527" lon="-122.34556">
        <ele>86.3</ele>
      </trkpt>
      <trkpt lat="47.425199" lon="-122.34549">
        <ele>86.8</ele>
      </trkpt>
      <trkpt lat="47.42512" lon="-122.3454">
        <ele>87.2</ele>
      </trkpt>
      <trkpt lat="47.42501" lon="-122.34526">
        <ele>87.7</ele>
      </trkpt>
      <trkpt lat="47.42498" lon="-122.34522">
        <ele>87.9</ele>
      </trkpt>
      <trkpt lat="47.42419" lon="-122.34414">
        <ele>92.8</ele>
      </trkpt>
      <trkpt lat="47.42393" lon="-122.3438">
        <ele>93.7</ele>
      </trkpt>
      <trkpt lat="47.423139" lon="-122.34275">
        <ele>95.5</ele>
      </trkpt>
      <trkpt lat="47.422759" lon="-122.34223">
        <ele>96.4</ele>
      </trkpt>
      <trkpt lat="47.42264" lon="-122.34207">
        <ele>96.5</ele>
      </trkpt>
      <trkpt lat="47.42246" lon="-122.34185">
        <ele>96.8</ele>
      </trkpt>
      <trkpt lat="47.42232" lon="-122.34169">
        <ele>96.9</ele>
      </trkpt>
      <trkpt lat="47.42203" lon="-122.3414">
        <ele>97.1</ele>
      </trkpt>
      <trkpt lat="47.421729" lon="-122.34115">
        <ele>97.1</ele>
      </trkpt>
      <trkpt lat="47.42157" lon="-122.34102">
        <ele>97.1</ele>
      </trkpt>
      <trkpt lat="47.42154" lon="-122.34101">
        <ele>97.1</ele>
      </trkpt>
      <trkpt lat="47.42087" lon="-122.34057">
        <ele>97.2</ele>
      </trkpt>
      <trkpt lat="47.42029" lon="-122.34023">
        <ele>97.1</ele>
      </trkpt>
      <trkpt lat="47.4199" lon="-122.34">
        <ele>96.5</ele>
      </trkpt>
      <trkpt lat="47.41959" lon="-122.33978">
        <ele>95.5</ele>
      </trkpt>
      <trkpt lat="47.41927" lon="-122.33959">
        <ele>94.1</ele>
      </trkpt>
      <trkpt lat="47.41907" lon="-122.33947">
        <ele>93.2</ele>
      </trkpt>
      <trkpt lat="47.41888" lon="-122.33939">
        <ele>92.4</ele>
      </trkpt>
      <trkpt lat="47.41877" lon="-122.33936">
        <ele>92.0</ele>
      </trkpt>
      <trkpt lat="47.41856" lon="-122.33931">
        <ele>91.3</ele>
      </trkpt>
      <trkpt lat="47.418259" lon="-122.33928">
        <ele>90.2</ele>
      </trkpt>
      <trkpt lat="47.417879" lon="-122.33931">
        <ele>89.1</ele>
      </trkpt>
      <trkpt lat="47.41778" lon="-122.33933">
        <ele>89.1</ele>
      </trkpt>
      <trkpt lat="47.417589" lon="-122.3394">
        <ele>89.2</ele>
      </trkpt>
      <trkpt lat="47.41742" lon="-122.33947">
        <ele>89.4</ele>
      </trkpt>
      <trkpt lat="47.41662" lon="-122.33991">
        <ele>90.5</ele>
      </trkpt>
      <trkpt lat="47.41653" lon="-122.33995">
        <ele>90.5</ele>
      </trkpt>
      <trkpt lat="47.41643" lon="-122.33998">
        <ele>90.2</ele>
      </trkpt>
      <trkpt lat="47.41632" lon="-122.33999">
        <ele>89.8</ele>
      </trkpt>
      <trkpt lat="47.41623" lon="-122.33999">
        <ele>89.4</ele>
      </trkpt>
      <trkpt lat="47.41586" lon="-122.33991">
        <ele>87.5</ele>
      </trkpt>
      <trkpt lat="47.41575" lon="-122.33986">
        <ele>87.0</ele>
      </trkpt>
      <trkpt lat="47.41569" lon="-122.33984">
        <ele>86.8</ele>
      </trkpt>
      <trkpt lat="47.4156" lon="-122.33979">
        <ele>86.3</ele>
      </trkpt>
      <trkpt lat="47.4155" lon="-122.33972">
        <ele>86.0</ele>
      </trkpt>
      <trkpt lat="47.41539" lon="-122.33962">
        <ele>85.7</ele>
      </trkpt>
      <trkpt lat="47.41532" lon="-122.33955">
        <ele>85.5</ele>
      </trkpt>
      <trkpt lat="47.41368" lon="-122.3373">
        <ele>78.6</ele>
      </trkpt>
      <trkpt lat="47.41322" lon="-122.33667">
        <ele>78.0</ele>
      </trkpt>
      <trkpt lat="47.41296" lon="-122.33632">
        <ele>78.3</ele>
      </trkpt>
      <trkpt lat="47.4128" lon="-122.3361">
        <ele>78.3</ele>
      </trkpt>
      <trkpt lat="47.41277" lon="-122.33605">
        <ele>78.3</ele>
      </trkpt>
      <trkpt lat="47.41273" lon="-122.33599">
        <ele>78.3</ele>
      </trkpt>
      <trkpt lat="47.41271" lon="-122.33594">
        <ele>78.4</ele>
      </trkpt>
      <trkpt lat="47.41269" lon="-122.33589">
        <ele>78.4</ele>
      </trkpt>
      <trkpt lat="47.41268" lon="-122.33584">
        <ele>78.6</ele>
      </trkpt>
      <trkpt lat="47.41268" lon="-122.33584">
        <ele>78.6</ele>
      </trkpt>
      <trkpt lat="47.41268" lon="-122.33584">
        <ele>78.6</ele>
      </trkpt>
      <trkpt lat="47.41266" lon="-122.33573">
        <ele>78.8</ele>
      </trkpt>
      <trkpt lat="47.41266" lon="-122.33566">
        <ele>79.1</ele>
      </trkpt>
      <trkpt lat="47.41266" lon="-122.33555">
        <ele>79.5</ele>
      </trkpt>
      <trkpt lat="47.41268" lon="-122.33522">
        <ele>81.1</ele>
      </trkpt>
      <trkpt lat="47.41273" lon="-122.33467">
        <ele>85.1</ele>
      </trkpt>
      <trkpt lat="47.41273" lon="-122.33467">
        <ele>85.1</ele>
      </trkpt>
      <trkpt lat="47.41273" lon="-122.33467">
        <ele>85.1</ele>
      </trkpt>
      <trkpt lat="47.412149" lon="-122.33457">
        <ele>81.9</ele>
      </trkpt>
      <trkpt lat="47.41158" lon="-122.33446">
        <ele>78.6</ele>
      </trkpt>
      <trkpt lat="47.41142" lon="-122.33441">
        <ele>77.9</ele>
      </trkpt>
      <trkpt lat="47.4113" lon="-122.33435">
        <ele>77.7</ele>
      </trkpt>
      <trkpt lat="47.411119" lon="-122.33422">
        <ele>77.6</ele>
      </trkpt>
      <trkpt lat="47.41098" lon="-122.33406">
        <ele>77.6</ele>
      </trkpt>
      <trkpt lat="47.41092" lon="-122.33397">
        <ele>77.7</ele>
      </trkpt>
      <trkpt lat="47.41063" lon="-122.33357">
        <ele>77.4</ele>
      </trkpt>
      <trkpt lat="47.410559" lon="-122.33348">
        <ele>77.1</ele>
      </trkpt>
      <trkpt lat="47.41049" lon="-122.33341">
        <ele>76.7</ele>
      </trkpt>
      <trkpt lat="47.41041" lon="-122.33334">
        <ele>76.2</ele>
      </trkpt>
      <trkpt lat="47.41033" lon="-122.33328">
        <ele>75.8</ele>
      </trkpt>
      <trkpt lat="47.41025" lon="-122.33323">
        <ele>75.2</ele>
      </trkpt>
      <trkpt lat="47.41016" lon="-122.33319">
        <ele>74.5</ele>
      </trkpt>
      <trkpt lat="47.41001" lon="-122.33314">
        <ele>73.2</ele>
      </trkpt>
      <trkpt lat="47.40992" lon="-122.33312">
        <ele>72.5</ele>
      </trkpt>
      <trkpt lat="47.40965" lon="-122.33306">
        <ele>70.4</ele>
      </trkpt>
      <trkpt lat="47.40949" lon="-122.33304">
        <ele>69.5</ele>
      </trkpt>
      <trkpt lat="47.40922" lon="-122.33298">
        <ele>67.7</ele>
      </trkpt>
      <trkpt lat="47.4089" lon="-122.3329">
        <ele>60.3</ele>
      </trkpt>
      <trkpt lat="47.40882" lon="-122.33289">
        <ele>59.2</ele>
      </trkpt>
      <trkpt lat="47.40875" lon="-122.33286">
        <ele>58.4</ele>
      </trkpt>
      <trkpt lat="47.40867" lon="-122.33282">
        <ele>57.7</ele>
      </trkpt>
      <trkpt lat="47.40862" lon="-122.3328">
        <ele>57.2</ele>
      </trkpt>
      <trkpt lat="47.40857" lon="-122.33275">
        <ele>57.0</ele>
      </trkpt>
      <trkpt lat="47.40854" lon="-122.33274">
        <ele>56.8</ele>
      </trkpt>
      <trkpt lat="47.40852" lon="-122.33273">
        <ele>56.7</ele>
      </trkpt>
      <trkpt lat="47.40848" lon="-122.33269">
        <ele>56.5</ele>
      </trkpt>
      <trkpt lat="47.40842" lon="-122.33265">
        <ele>56.0</ele>
      </trkpt>
      <trkpt lat="47.40836" lon="-122.33258">
        <ele>55.5</ele>
      </trkpt>
      <trkpt lat="47.40833" lon="-122.33254">
        <ele>55.3</ele>
      </trkpt>
      <trkpt lat="47.40828" lon="-122.33249">
        <ele>54.7</ele>
      </trkpt>
      <trkpt lat="47.40826" lon="-122.33245">
        <ele>54.5</ele>
      </trkpt>
      <trkpt lat="47.40826" lon="-122.33245">
        <ele>54.5</ele>
      </trkpt>
      <trkpt lat="47.40826" lon="-122.33245">
        <ele>54.5</ele>
      </trkpt>
      <trkpt lat="47.40822" lon="-122.33237">
        <ele>53.7</ele>
      </trkpt>
      <trkpt lat="47.40814" lon="-122.3322">
        <ele>51.4</ele>
      </trkpt>
      <trkpt lat="47.4081" lon="-122.33211">
        <ele>50.0</ele>
      </trkpt>
      <trkpt lat="47.40807" lon="-122.332">
        <ele>48.9</ele>
      </trkpt>
      <trkpt lat="47.40804" lon="-122.33191">
        <ele>48.1</ele>
      </trkpt>
      <trkpt lat="47.40802" lon="-122.33181">
        <ele>47.6</ele>
      </trkpt>
      <trkpt lat="47.40798" lon="-122.3316">
        <ele>46.8</ele>
      </trkpt>
      <trkpt lat="47.40797" lon="-122.33139">
        <ele>46.3</ele>
      </trkpt>
      <trkpt lat="47.40798" lon="-122.33121">
        <ele>46.0</ele>
      </trkpt>
      <trkpt lat="47.40801" lon="-122.33097">
        <ele>45.8</ele>
      </trkpt>
      <trkpt lat="47.40805" lon="-122.33077">
        <ele>45.7</ele>
      </trkpt>
      <trkpt lat="47.40829" lon="-122.32977">
        <ele>43.7</ele>
      </trkpt>
      <trkpt lat="47.40837" lon="-122.32946">
        <ele>43.1</ele>
      </trkpt>
      <trkpt lat="47.40843" lon="-122.32917">
        <ele>42.3</ele>
      </trkpt>
      <trkpt lat="47.40854" lon="-122.32794">
        <ele>38.8</ele>
      </trkpt>
      <trkpt lat="47.40856" lon="-122.32778">
        <ele>38.5</ele>
      </trkpt>
      <trkpt lat="47.40857" lon="-122.32766">
        <ele>38.1</ele>
      </trkpt>
      <trkpt lat="47.40858" lon="-122.32761">
        <ele>37.9</ele>
      </trkpt>
      <trkpt lat="47.40858" lon="-122.32756">
        <ele>37.7</ele>
      </trkpt>
      <trkpt lat="47.408589" lon="-122.3275">
        <ele>37.5</ele>
      </trkpt>
      <trkpt lat="47.408589" lon="-122.32744">
        <ele>37.2</ele>
      </trkpt>
      <trkpt lat="47.4086" lon="-122.32739">
        <ele>37.1</ele>
      </trkpt>
      <trkpt lat="47.4086" lon="-122.32735">
        <ele>36.8</ele>
      </trkpt>
      <trkpt lat="47.408589" lon="-122.32732">
        <ele>36.6</ele>
      </trkpt>
      <trkpt lat="47.408589" lon="-122.3272">
        <ele>35.8</ele>
      </trkpt>
      <trkpt lat="47.40858" lon="-122.32713">
        <ele>35.2</ele>
      </trkpt>
      <trkpt lat="47.40858" lon="-122.32707">
        <ele>34.7</ele>
      </trkpt>
      <trkpt lat="47.40857" lon="-122.32702">
        <ele>34.3</ele>
      </trkpt>
      <trkpt lat="47.40857" lon="-122.32698">
        <ele>34.0</ele>
      </trkpt>
      <trkpt lat="47.40856" lon="-122.32693">
        <ele>33.7</ele>
      </trkpt>
      <trkpt lat="47.40845" lon="-122.32655">
        <ele>28.9</ele>
      </trkpt>
      <trkpt lat="47.40836" lon="-122.32633">
        <ele>23.1</ele>
      </trkpt>
      <trkpt lat="47.408299" lon="-122.32619">
        <ele>18.5</ele>
      </trkpt>
      <trkpt lat="47.408299" lon="-122.32619">
        <ele>18.5</ele>
      </trkpt>
      <trkpt lat="47.408299" lon="-122.32619">
        <ele>18.5</ele>
      </trkpt>
      <trkpt lat="47.40824" lon="-122.32611">
        <ele>16.9</ele>
      </trkpt>
      <trkpt lat="47.408209" lon="-122.32606">
        <ele>17.0</ele>
      </trkpt>
      <trkpt lat="47.40811" lon="-122.32593">
        <ele>18.5</ele>
      </trkpt>
      <trkpt lat="47.4081" lon="-122.32591">
        <ele>18.8</ele>
      </trkpt>
      <trkpt lat="47.40797" lon="-122.32574">
        <ele>22.3</ele>
      </trkpt>
      <trkpt lat="47.40784" lon="-122.32556">
        <ele>24.8</ele>
      </trkpt>
      <trkpt lat="47.40766" lon="-122.32533">
        <ele>30.5</ele>
      </trkpt>
      <trkpt lat="47.40757" lon="-122.32522">
        <ele>31.6</ele>
      </trkpt>
      <trkpt lat="47.4075" lon="-122.32513">
        <ele>32.2</ele>
      </trkpt>
      <trkpt lat="47.4075" lon="-122.32513">
        <ele>32.2</ele>
      </trkpt>
      <trkpt lat="47.4075" lon="-122.32513">
        <ele>32.2</ele>
      </trkpt>
      <trkpt lat="47.40764" lon="-122.32494">
        <ele>33.0</ele>
      </trkpt>
      <trkpt lat="47.40767" lon="-122.32492">
        <ele>33.1</ele>
      </trkpt>
      <trkpt lat="47.40769" lon="-122.3249">
        <ele>33.2</ele>
      </trkpt>
      <trkpt lat="47.407739" lon="-122.32488">
        <ele>33.2</ele>
      </trkpt>
      <trkpt lat="47.40811" lon="-122.32487">
        <ele>32.5</ele>
      </trkpt>
      <trkpt lat="47.40819" lon="-122.32486">
        <ele>32.3</ele>
      </trkpt>
      <trkpt lat="47.40824" lon="-122.32485">
        <ele>32.2</ele>
      </trkpt>
      <trkpt lat="47.40828" lon="-122.32484">
        <ele>32.0</ele>
      </trkpt>
      <trkpt lat="47.40831" lon="-122.32482">
        <ele>32.0</ele>
      </trkpt>
      <trkpt lat="47.40834" lon="-122.3248">
        <ele>32.0</ele>
      </trkpt>
      <trkpt lat="47.40837" lon="-122.32477">
        <ele>32.1</ele>
      </trkpt>
      <trkpt lat="47.40839" lon="-122.32474">
        <ele>32.1</ele>
      </trkpt>
      <trkpt lat="47.40841" lon="-122.32471">
        <ele>32.2</ele>
      </trkpt>
      <trkpt lat="47.40841" lon="-122.32471">
        <ele>32.2</ele>
      </trkpt>
      <trkpt lat="47.40841" lon="-122.32471">
        <ele>32.2</ele>
      </trkpt>
      <trkpt lat="47.40842" lon="-122.32468">
        <ele>32.3</ele>
      </trkpt>
      <trkpt lat="47.40843" lon="-122.32464">
        <ele>32.5</ele>
      </trkpt>
      <trkpt lat="47.40845" lon="-122.32459">
        <ele>32.6</ele>
      </trkpt>
      <trkpt lat="47.40846" lon="-122.32455">
        <ele>32.8</ele>
      </trkpt>
      <trkpt lat="47.40847" lon="-122.3245">
        <ele>33.0</ele>
      </trkpt>
      <trkpt lat="47.40847" lon="-122.32445">
        <ele>33.2</ele>
      </trkpt>
      <trkpt lat="47.40848" lon="-122.32442">
        <ele>33.4</ele>
      </trkpt>
      <trkpt lat="47.40848" lon="-122.32438">
        <ele>33.6</ele>
      </trkpt>
      <trkpt lat="47.40848" lon="-122.32431">
        <ele>33.9</ele>
      </trkpt>
      <trkpt lat="47.40847" lon="-122.32358">
        <ele>37.8</ele>
      </trkpt>
      <trkpt lat="47.40845" lon="-122.3225">
        <ele>40.7</ele>
      </trkpt>
      <trkpt lat="47.40842" lon="-122.3199">
        <ele>42.5</ele>
      </trkpt>
      <trkpt lat="47.4084" lon="-122.31847">
        <ele>43.1</ele>
      </trkpt>
      <trkpt lat="47.4084" lon="-122.31824">
        <ele>43.5</ele>
      </trkpt>
      <trkpt lat="47.40839" lon="-122.31778">
        <ele>44.1</ele>
      </trkpt>
      <trkpt lat="47.40838" lon="-122.31747">
        <ele>44.5</ele>
      </trkpt>
      <trkpt lat="47.40838" lon="-122.31728">
        <ele>44.9</ele>
      </trkpt>
      <trkpt lat="47.40837" lon="-122.31603">
        <ele>47.0</ele>
      </trkpt>
      <trkpt lat="47.40836" lon="-122.31528">
        <ele>50.4</ele>
      </trkpt>
      <trkpt lat="47.40836" lon="-122.31483">
        <ele>53.3</ele>
      </trkpt>
      <trkpt lat="47.40833" lon="-122.31315">
        <ele>68.4</ele>
      </trkpt>
      <trkpt lat="47.40831" lon="-122.31066">
        <ele>84.1</ele>
      </trkpt>
      <trkpt lat="47.40831" lon="-122.31046">
        <ele>85.0</ele>
      </trkpt>
      <trkpt lat="47.40831" lon="-122.30892">
        <ele>89.2</ele>
      </trkpt>
      <trkpt lat="47.408299" lon="-122.30777">
        <ele>92.9</ele>
      </trkpt>
      <trkpt lat="47.40829" lon="-122.30658">
        <ele>96.4</ele>
      </trkpt>
      <trkpt lat="47.40828" lon="-122.30535">
        <ele>99.7</ele>
      </trkpt>
      <trkpt lat="47.40826" lon="-122.30249">
        <ele>109.3</ele>
      </trkpt>
      <trkpt lat="47.40825" lon="-122.30028">
        <ele>115.3</ele>
      </trkpt>
      <trkpt lat="47.40824" lon="-122.299279">
        <ele>117.8</ele>
      </trkpt>
      <trkpt lat="47.40824" lon="-122.29915">
        <ele>118.0</ele>
      </trkpt>
      <trkpt lat="47.40823" lon="-122.29832">
        <ele>121.0</ele>
      </trkpt>
      <trkpt lat="47.40823" lon="-122.29812">
        <ele>121.8</ele>
      </trkpt>
      <trkpt lat="47.40822" lon="-122.29719">
        <ele>128.8</ele>
      </trkpt>
      <trkpt lat="47.40822" lon="-122.29655">
        <ele>135.7</ele>
      </trkpt>
      <trkpt lat="47.408209" lon="-122.29602">
        <ele>139.3</ele>
      </trkpt>
      <trkpt lat="47.408209" lon="-122.29516">
        <ele>140.4</ele>
      </trkpt>
      <trkpt lat="47.4082" lon="-122.29482">
        <ele>140.6</ele>
      </trkpt>
      <trkpt lat="47.40819" lon="-122.29418">
        <ele>141.3</ele>
      </trkpt>
      <trkpt lat="47.40819" lon="-122.29374">
        <ele>141.8</ele>
      </trkpt>
      <trkpt lat="47.40819" lon="-122.29366">
        <ele>141.9</ele>
      </trkpt>
      <trkpt lat="47.40819" lon="-122.29231">
        <ele>144.2</ele>
      </trkpt>
      <trkpt lat="47.40819" lon="-122.29219">
        <ele>144.5</ele>
      </trkpt>
      <trkpt lat="47.40818" lon="-122.29195">
        <ele>144.9</ele>
      </trkpt>
      <trkpt lat="47.40818" lon="-122.29178">
        <ele>145.2</ele>
      </trkpt>
      <trkpt lat="47.40818" lon="-122.29159">
        <ele>145.4</ele>
      </trkpt>
      <trkpt lat="47.40818" lon="-122.29068">
        <ele>146.5</ele>
      </trkpt>
      <trkpt lat="47.408209" lon="-122.28989">
        <ele>147.0</ele>
      </trkpt>
      <trkpt lat="47.4082" lon="-122.28929">
        <ele>147.4</ele>
      </trkpt>
      <trkpt lat="47.4082" lon="-122.28911">
        <ele>146.5</ele>
      </trkpt>
      <trkpt lat="47.40822" lon="-122.28901">
        <ele>144.7</ele>
      </trkpt>
      <trkpt lat="47.40825" lon="-122.28893">
        <ele>142.5</ele>
      </trkpt>
      <trkpt lat="47.40825" lon="-122.28893">
        <ele>142.5</ele>
      </trkpt>
      <trkpt lat="47.40825" lon="-122.28893">
        <ele>142.5</ele>
      </trkpt>
      <trkpt lat="47.40832" lon="-122.28884">
        <ele>140.0</ele>
      </trkpt>
      <trkpt lat="47.40837" lon="-122.28879">
        <ele>138.4</ele>
      </trkpt>
      <trkpt lat="47.40842" lon="-122.28876">
        <ele>137.4</ele>
      </trkpt>
      <trkpt lat="47.40901" lon="-122.28858">
        <ele>134.8</ele>
      </trkpt>
      <trkpt lat="47.40929" lon="-122.28849">
        <ele>136.0</ele>
      </trkpt>
      <trkpt lat="47.40946" lon="-122.28842">
        <ele>136.1</ele>
      </trkpt>
      <trkpt lat="47.409619" lon="-122.28835">
        <ele>136.1</ele>
      </trkpt>
      <trkpt lat="47.41027" lon="-122.28801">
        <ele>132.8</ele>
      </trkpt>
      <trkpt lat="47.410739" lon="-122.28777">
        <ele>125.8</ele>
      </trkpt>
      <trkpt lat="47.41128" lon="-122.28753">
        <ele>119.2</ele>
      </trkpt>
      <trkpt lat="47.41136" lon="-122.28749">
        <ele>118.6</ele>
      </trkpt>
      <trkpt lat="47.411409" lon="-122.28744">
        <ele>117.8</ele>
      </trkpt>
      <trkpt lat="47.411409" lon="-122.28744">
        <ele>117.8</ele>
      </trkpt>
      <trkpt lat="47.411409" lon="-122.28744">
        <ele>117.8</ele>
      </trkpt>
      <trkpt lat="47.41145" lon="-122.28737">
        <ele>116.7</ele>
      </trkpt>
      <trkpt lat="47.41147" lon="-122.28732">
        <ele>115.9</ele>
      </trkpt>
      <trkpt lat="47.41149" lon="-122.28727">
        <ele>114.7</ele>
      </trkpt>
      <trkpt lat="47.411499" lon="-122.28718">
        <ele>112.1</ele>
      </trkpt>
      <trkpt lat="47.411499" lon="-122.28709">
        <ele>108.6</ele>
      </trkpt>
      <trkpt lat="47.41148" lon="-122.28702">
        <ele>105.7</ele>
      </trkpt>
      <trkpt lat="47.41146" lon="-122.28695">
        <ele>102.6</ele>
      </trkpt>
      <trkpt lat="47.41142" lon="-122.28689">
        <ele>100.5</ele>
      </trkpt>
      <trkpt lat="47.41136" lon="-122.28684">
        <ele>99.0</ele>
      </trkpt>
      <trkpt lat="47.41129" lon="-122.28679">
        <ele>97.9</ele>
      </trkpt>
      <trkpt lat="47.41123" lon="-122.28677">
        <ele>97.4</ele>
      </trkpt>
      <trkpt lat="47.41073" lon="-122.28659">
        <ele>91.5</ele>
      </trkpt>
      <trkpt lat="47.41043" lon="-122.28645">
        <ele>84.7</ele>
      </trkpt>
      <trkpt lat="47.40995" lon="-122.28625">
        <ele>74.2</ele>
      </trkpt>
      <trkpt lat="47.40983" lon="-122.2862">
        <ele>74.3</ele>
      </trkpt>
      <trkpt lat="47.4098" lon="-122.28618">
        <ele>74.5</ele>
      </trkpt>
      <trkpt lat="47.40965" lon="-122.28609">
        <ele>76.5</ele>
      </trkpt>
      <trkpt lat="47.40883" lon="-122.28557">
        <ele>74.5</ele>
      </trkpt>
      <trkpt lat="47.40864" lon="-122.28544">
        <ele>70.9</ele>
      </trkpt>
      <trkpt lat="47.40836" lon="-122.28529">
        <ele>68.7</ele>
      </trkpt>
      <trkpt lat="47.40793" lon="-122.28501">
        <ele>61.5</ele>
      </trkpt>
      <trkpt lat="47.40769" lon="-122.28486">
        <ele>57.8</ele>
      </trkpt>
      <trkpt lat="47.40766" lon="-122.28483">
        <ele>56.9</ele>
      </trkpt>
      <trkpt lat="47.40751" lon="-122.28472">
        <ele>54.3</ele>
      </trkpt>
      <trkpt lat="47.40739" lon="-122.28459">
        <ele>52.5</ele>
      </trkpt>
      <trkpt lat="47.40734" lon="-122.28452">
        <ele>51.6</ele>
      </trkpt>
      <trkpt lat="47.40729" lon="-122.28442">
        <ele>50.4</ele>
      </trkpt>
      <trkpt lat="47.40726" lon="-122.28436">
        <ele>49.7</ele>
      </trkpt>
      <trkpt lat="47.4072" lon="-122.28418">
        <ele>47.5</ele>
      </trkpt>
      <trkpt lat="47.40717" lon="-122.28408">
        <ele>46.2</ele>
      </trkpt>
      <trkpt lat="47.40716" lon="-122.28397">
        <ele>44.7</ele>
      </trkpt>
      <trkpt lat="47.40714" lon="-122.28385">
        <ele>43.0</ele>
      </trkpt>
      <trkpt lat="47.40714" lon="-122.28385">
        <ele>43.0</ele>
      </trkpt>
      <trkpt lat="47.40714" lon="-122.28385">
        <ele>43.0</ele>
      </trkpt>
      <trkpt lat="47.40714" lon="-122.28372">
        <ele>41.2</ele>
      </trkpt>
      <trkpt lat="47.40715" lon="-122.2835">
        <ele>38.3</ele>
      </trkpt>
      <trkpt lat="47.40716" lon="-122.28341">
        <ele>37.4</ele>
      </trkpt>
      <trkpt lat="47.40719" lon="-122.28327">
        <ele>35.9</ele>
      </trkpt>
      <trkpt lat="47.40725" lon="-122.28311">
        <ele>34.1</ele>
      </trkpt>
      <trkpt lat="47.4073" lon="-122.28301">
        <ele>32.9</ele>
      </trkpt>
      <trkpt lat="47.40739" lon="-122.28287">
        <ele>31.1</ele>
      </trkpt>
      <trkpt lat="47.4075" lon="-122.28273">
        <ele>29.5</ele>
      </trkpt>
      <trkpt lat="47.40814" lon="-122.28199">
        <ele>19.7</ele>
      </trkpt>
      <trkpt lat="47.408209" lon="-122.28189">
        <ele>18.2</ele>
      </trkpt>
      <trkpt lat="47.40825" lon="-122.28182">
        <ele>17.3</ele>
      </trkpt>
      <trkpt lat="47.40827" lon="-122.28175">
        <ele>16.7</ele>
      </trkpt>
      <trkpt lat="47.40832" lon="-122.28163">
        <ele>16.1</ele>
      </trkpt>
      <trkpt lat="47.40833" lon="-122.28127">
        <ele>15.7</ele>
      </trkpt>
      <trkpt lat="47.40833" lon="-122.28127">
        <ele>15.7</ele>
      </trkpt>
      <trkpt lat="47.40833" lon="-122.28127">
        <ele>15.7</ele>
      </trkpt>
      <trkpt lat="47.40832" lon="-122.28123">
        <ele>15.7</ele>
      </trkpt>
      <trkpt lat="47.40832" lon="-122.28122">
        <ele>15.7</ele>
      </trkpt>
      <trkpt lat="47.40831" lon="-122.2812">
        <ele>15.6</ele>
      </trkpt>
      <trkpt lat="47.40831" lon="-122.28117">
        <ele>15.6</ele>
      </trkpt>
      <trkpt lat="47.40831" lon="-122.28116">
        <ele>15.6</ele>
      </trkpt>
      <trkpt lat="47.40832" lon="-122.28114">
        <ele>15.5</ele>
      </trkpt>
      <trkpt lat="47.40832" lon="-122.28112">
        <ele>15.5</ele>
      </trkpt>
      <trkpt lat="47.40833" lon="-122.2811">
        <ele>15.4</ele>
      </trkpt>
      <trkpt lat="47.40835" lon="-122.28106">
        <ele>15.4</ele>
      </trkpt>
      <trkpt lat="47.40831" lon="-122.28082">
        <ele>15.2</ele>
      </trkpt>
      <trkpt lat="47.40831" lon="-122.28068">
        <ele>15.2</ele>
      </trkpt>
      <trkpt lat="47.40831" lon="-122.28067">
        <ele>15.2</ele>
      </trkpt>
      <trkpt lat="47.40829" lon="-122.28056">
        <ele>15.2</ele>
      </trkpt>
      <trkpt lat="47.40828" lon="-122.28044">
        <ele>15.3</ele>
      </trkpt>
      <trkpt lat="47.40829" lon="-122.28028">
        <ele>15.5</ele>
      </trkpt>
      <trkpt lat="47.40834" lon="-122.2795">
        <ele>15.3</ele>
      </trkpt>
      <trkpt lat="47.40835" lon="-122.27921">
        <ele>15.1</ele>
      </trkpt>
      <trkpt lat="47.4084" lon="-122.27716">
        <ele>12.9</ele>
      </trkpt>
      <trkpt lat="47.4084" lon="-122.27619">
        <ele>12.3</ele>
      </trkpt>
      <trkpt lat="47.40843" lon="-122.27541">
        <ele>11.8</ele>
      </trkpt>
      <trkpt lat="47.40843" lon="-122.27522">
        <ele>11.6</ele>
      </trkpt>
      <trkpt lat="47.40846" lon="-122.27502">
        <ele>11.6</ele>
      </trkpt>
      <trkpt lat="47.40849" lon="-122.2748">
        <ele>11.5</ele>
      </trkpt>
      <trkpt lat="47.40858" lon="-122.27437">
        <ele>11.3</ele>
      </trkpt>
      <trkpt lat="47.40864" lon="-122.27414">
        <ele>11.2</ele>
      </trkpt>
      <trkpt lat="47.408679" lon="-122.274">
        <ele>11.2</ele>
      </trkpt>
      <trkpt lat="47.40881" lon="-122.2736">
        <ele>11.0</ele>
      </trkpt>
      <trkpt lat="47.40881" lon="-122.2736">
        <ele>11.0</ele>
      </trkpt>
      <trkpt lat="47.40881" lon="-122.2736">
        <ele>11.0</ele>
      </trkpt>
      <trkpt lat="47.40865" lon="-122.27341">
        <ele>11.0</ele>
      </trkpt>
      <trkpt lat="47.408589" lon="-122.27333">
        <ele>10.9</ele>
      </trkpt>
      <trkpt lat="47.40854" lon="-122.27324">
        <ele>10.9</ele>
      </trkpt>
      <trkpt lat="47.40851" lon="-122.27318">
        <ele>10.8</ele>
      </trkpt>
      <trkpt lat="47.40848" lon="-122.27308">
        <ele>10.8</ele>
      </trkpt>
      <trkpt lat="47.40846" lon="-122.27292">
        <ele>10.7</ele>
      </trkpt>
      <trkpt lat="47.40846" lon="-122.27083">
        <ele>9.5</ele>
      </trkpt>
      <trkpt lat="47.40845" lon="-122.27068">
        <ele>9.4</ele>
      </trkpt>
      <trkpt lat="47.40844" lon="-122.27058">
        <ele>9.3</ele>
      </trkpt>
      <trkpt lat="47.40843" lon="-122.27055">
        <ele>9.2</ele>
      </trkpt>
      <trkpt lat="47.4084" lon="-122.27041">
        <ele>9.1</ele>
      </trkpt>
      <trkpt lat="47.40835" lon="-122.27025">
        <ele>8.9</ele>
      </trkpt>
      <trkpt lat="47.40825" lon="-122.27003">
        <ele>8.2</ele>
      </trkpt>
      <trkpt lat="47.40825" lon="-122.27003">
        <ele>8.2</ele>
      </trkpt>
      <trkpt lat="47.40825" lon="-122.27003">
        <ele>8.2</ele>
      </trkpt>
      <trkpt lat="47.40879" lon="-122.2695">
        <ele>8.3</ele>
      </trkpt>
      <trkpt lat="47.409059" lon="-122.26923">
        <ele>8.5</ele>
      </trkpt>
      <trkpt lat="47.40912" lon="-122.26917">
        <ele>8.6</ele>
      </trkpt>
      <trkpt lat="47.40913" lon="-122.26916">
        <ele>8.6</ele>
      </trkpt>
      <trkpt lat="47.40916" lon="-122.26913">
        <ele>8.6</ele>
      </trkpt>
      <trkpt lat="47.40917" lon="-122.26912">
        <ele>8.6</ele>
      </trkpt>
      <trkpt lat="47.40921" lon="-122.26905">
        <ele>8.6</ele>
      </trkpt>
      <trkpt lat="47.409239" lon="-122.26901">
        <ele>8.6</ele>
      </trkpt>
      <trkpt lat="47.40933" lon="-122.26884">
        <ele>8.6</ele>
      </trkpt>
      <trkpt lat="47.41063" lon="-122.26659">
        <ele>8.3</ele>
      </trkpt>
      <trkpt lat="47.410739" lon="-122.26642">
        <ele>8.2</ele>
      </trkpt>
      <trkpt lat="47.4109" lon="-122.2662">
        <ele>8.4</ele>
      </trkpt>
      <trkpt lat="47.41108" lon="-122.26596">
        <ele>8.2</ele>
      </trkpt>
      <trkpt lat="47.4112" lon="-122.26584">
        <ele>8.1</ele>
      </trkpt>
      <trkpt lat="47.41134" lon="-122.26571">
        <ele>8.0</ele>
      </trkpt>
      <trkpt lat="47.41136" lon="-122.26568">
        <ele>7.9</ele>
      </trkpt>
      <trkpt lat="47.41151" lon="-122.26558">
        <ele>7.8</ele>
      </trkpt>
      <trkpt lat="47.41165" lon="-122.26551">
        <ele>7.7</ele>
      </trkpt>
      <trkpt lat="47.41171" lon="-122.26549">
        <ele>7.7</ele>
      </trkpt>
      <trkpt lat="47.41171" lon="-122.26548">
        <ele>7.6</ele>
      </trkpt>
      <trkpt lat="47.4118" lon="-122.26545">
        <ele>7.6</ele>
      </trkpt>
      <trkpt lat="47.411879" lon="-122.26543">
        <ele>7.6</ele>
      </trkpt>
      <trkpt lat="47.41193" lon="-122.26544">
        <ele>7.8</ele>
      </trkpt>
      <trkpt lat="47.411969" lon="-122.26546">
        <ele>8.0</ele>
      </trkpt>
      <trkpt lat="47.41202" lon="-122.26549">
        <ele>8.3</ele>
      </trkpt>
      <trkpt lat="47.412059" lon="-122.26553">
        <ele>8.5</ele>
      </trkpt>
      <trkpt lat="47.41216" lon="-122.26561">
        <ele>8.8</ele>
      </trkpt>
      <trkpt lat="47.41222" lon="-122.26562">
        <ele>8.8</ele>
      </trkpt>
      <trkpt lat="47.41227" lon="-122.2656">
        <ele>8.8</ele>
      </trkpt>
      <trkpt lat="47.4123" lon="-122.26558">
        <ele>8.8</ele>
      </trkpt>
      <trkpt lat="47.41234" lon="-122.26553">
        <ele>8.8</ele>
      </trkpt>
      <trkpt lat="47.41239" lon="-122.26544">
        <ele>8.5</ele>
      </trkpt>
      <trkpt lat="47.41239" lon="-122.26544">
        <ele>8.5</ele>
      </trkpt>
      <trkpt lat="47.41239" lon="-122.26544">
        <ele>8.5</ele>
      </trkpt>
      <trkpt lat="47.41239" lon="-122.26514">
        <ele>6.5</ele>
      </trkpt>
      <trkpt lat="47.41239" lon="-122.26513">
        <ele>6.5</ele>
      </trkpt>
      <trkpt lat="47.41238" lon="-122.265">
        <ele>6.5</ele>
      </trkpt>
      <trkpt lat="47.41239" lon="-122.2648">
        <ele>6.5</ele>
      </trkpt>
      <trkpt lat="47.41238" lon="-122.26459">
        <ele>6.6</ele>
      </trkpt>
      <trkpt lat="47.41239" lon="-122.2645">
        <ele>6.6</ele>
      </trkpt>
      <trkpt lat="47.41239" lon="-122.26432">
        <ele>6.6</ele>
      </trkpt>
      <trkpt lat="47.41237" lon="-122.26383">
        <ele>6.9</ele>
      </trkpt>
      <trkpt lat="47.41237" lon="-122.26383">
        <ele>6.9</ele>
      </trkpt>
      <trkpt lat="47.41237" lon="-122.26383">
        <ele>6.9</ele>
      </trkpt>
      <trkpt lat="47.41251" lon="-122.26385">
        <ele>6.9</ele>
      </trkpt>
      <trkpt lat="47.4126" lon="-122.26388">
        <ele>6.9</ele>
      </trkpt>
      <trkpt lat="47.41282" lon="-122.26386">
        <ele>6.9</ele>
      </trkpt>
      <trkpt lat="47.41334" lon="-122.26378">
        <ele>7.0</ele>
      </trkpt>
      <trkpt lat="47.41342" lon="-122.2638">
        <ele>7.0</ele>
      </trkpt>
      <trkpt lat="47.41351" lon="-122.26382">
        <ele>7.0</ele>
      </trkpt>
      <trkpt lat="47.41407" lon="-122.26397">
        <ele>8.0</ele>
      </trkpt>
      <trkpt lat="47.414409" lon="-122.2641">
        <ele>8.6</ele>
      </trkpt>
      <trkpt lat="47.41485" lon="-122.26426">
        <ele>8.7</ele>
      </trkpt>
      <trkpt lat="47.41537" lon="-122.26453">
        <ele>8.7</ele>
      </trkpt>
      <trkpt lat="47.41571" lon="-122.26484">
        <ele>9.0</ele>
      </trkpt>
      <trkpt lat="47.41605" lon="-122.26529">
        <ele>9.6</ele>
      </trkpt>
      <trkpt lat="47.41634" lon="-122.26591">
        <ele>9.9</ele>
      </trkpt>
      <trkpt lat="47.416559" lon="-122.2665">
        <ele>10.4</ele>
      </trkpt>
      <trkpt lat="47.41669" lon="-122.26714">
        <ele>11.4</ele>
      </trkpt>
      <trkpt lat="47.41684" lon="-122.26737">
        <ele>11.6</ele>
      </trkpt>
      <trkpt lat="47.41708" lon="-122.26739">
        <ele>11.3</ele>
      </trkpt>
      <trkpt lat="47.41739" lon="-122.26734">
        <ele>11.2</ele>
      </trkpt>
      <trkpt lat="47.418259" lon="-122.26689">
        <ele>9.7</ele>
      </trkpt>
      <trkpt lat="47.41887" lon="-122.26659">
        <ele>10.0</ele>
      </trkpt>
      <trkpt lat="47.41918" lon="-122.26649">
        <ele>10.0</ele>
      </trkpt>
      <trkpt lat="47.41968" lon="-122.2661">
        <ele>10.1</ele>
      </trkpt>
      <trkpt lat="47.42016" lon="-122.26557">
        <ele>9.5</ele>
      </trkpt>
      <trkpt lat="47.42102" lon="-122.26472">
        <ele>8.7</ele>
      </trkpt>
      <trkpt lat="47.42116" lon="-122.2646">
        <ele>8.5</ele>
      </trkpt>
      <trkpt lat="47.42116" lon="-122.2646">
        <ele>8.5</ele>
      </trkpt>
      <trkpt lat="47.42116" lon="-122.2646">
        <ele>8.5</ele>
      </trkpt>
      <trkpt lat="47.42114" lon="-122.26449">
        <ele>8.6</ele>
      </trkpt>
      <trkpt lat="47.42113" lon="-122.26443">
        <ele>8.6</ele>
      </trkpt>
      <trkpt lat="47.42113" lon="-122.26437">
        <ele>8.6</ele>
      </trkpt>
      <trkpt lat="47.42114" lon="-122.26406">
        <ele>8.7</ele>
      </trkpt>
      <trkpt lat="47.42114" lon="-122.26389">
        <ele>8.7</ele>
      </trkpt>
      <trkpt lat="47.42115" lon="-122.26328">
        <ele>8.7</ele>
      </trkpt>
      <trkpt lat="47.42115" lon="-122.26261">
        <ele>8.7</ele>
      </trkpt>
      <trkpt lat="47.42114" lon="-122.26234">
        <ele>8.7</ele>
      </trkpt>
      <trkpt lat="47.42114" lon="-122.26193">
        <ele>8.7</ele>
      </trkpt>
      <trkpt lat="47.42115" lon="-122.26174">
        <ele>8.7</ele>
      </trkpt>
      <trkpt lat="47.42115" lon="-122.2617">
        <ele>8.7</ele>
      </trkpt>
      <trkpt lat="47.42115" lon="-122.26166">
        <ele>8.7</ele>
      </trkpt>
      <trkpt lat="47.42115" lon="-122.26162">
        <ele>8.7</ele>
      </trkpt>
      <trkpt lat="47.42112" lon="-122.26155">
        <ele>8.7</ele>
      </trkpt>
      <trkpt lat="47.42108" lon="-122.26142">
        <ele>8.7</ele>
      </trkpt>
      <trkpt lat="47.42107" lon="-122.26137">
        <ele>8.7</ele>
      </trkpt>
      <trkpt lat="47.42107" lon="-122.26133">
        <ele>8.7</ele>
      </trkpt>
      <trkpt lat="47.42107" lon="-122.26119">
        <ele>8.7</ele>
      </trkpt>
      <trkpt lat="47.42107" lon="-122.26119">
        <ele>8.7</ele>
      </trkpt>
      <trkpt lat="47.42107" lon="-122.26119">
        <ele>8.7</ele>
      </trkpt>
      <trkpt lat="47.4212" lon="-122.26119">
        <ele>8.7</ele>
      </trkpt>
      <trkpt lat="47.4214" lon="-122.26115">
        <ele>8.6</ele>
      </trkpt>
      <trkpt lat="47.42161" lon="-122.26109">
        <ele>8.5</ele>
      </trkpt>
      <trkpt lat="47.42179" lon="-122.261">
        <ele>8.5</ele>
      </trkpt>
      <trkpt lat="47.42209" lon="-122.26075">
        <ele>8.2</ele>
      </trkpt>
      <trkpt lat="47.42228" lon="-122.26051">
        <ele>8.1</ele>
      </trkpt>
      <trkpt lat="47.42246" lon="-122.26027">
        <ele>7.8</ele>
      </trkpt>
      <trkpt lat="47.42265" lon="-122.25989">
        <ele>7.6</ele>
      </trkpt>
      <trkpt lat="47.42274" lon="-122.25956">
        <ele>7.5</ele>
      </trkpt>
      <trkpt lat="47.4229" lon="-122.25905">
        <ele>7.3</ele>
      </trkpt>
      <trkpt lat="47.42299" lon="-122.25875">
        <ele>7.3</ele>
      </trkpt>
      <trkpt lat="47.42306" lon="-122.25844">
        <ele>7.3</ele>
      </trkpt>
      <trkpt lat="47.42318" lon="-122.25742">
        <ele>7.4</ele>
      </trkpt>
      <trkpt lat="47.42322" lon="-122.25708">
        <ele>7.5</ele>
      </trkpt>
      <trkpt lat="47.42322" lon="-122.25708">
        <ele>7.5</ele>
      </trkpt>
      <trkpt lat="47.42322" lon="-122.25708">
        <ele>7.5</ele>
      </trkpt>
      <trkpt lat="47.42669" lon="-122.25709">
        <ele>6.7</ele>
      </trkpt>
      <trkpt lat="47.42669" lon="-122.25709">
        <ele>6.7</ele>
      </trkpt>
      <trkpt lat="47.42669" lon="-122.25709">
        <ele>6.7</ele>
      </trkpt>
      <trkpt lat="47.42668" lon="-122.25608">
        <ele>6.7</ele>
      </trkpt>
      <trkpt lat="47.42667" lon="-122.25473">
        <ele>6.9</ele>
      </trkpt>
      <trkpt lat="47.42669" lon="-122.25146">
        <ele>7.3</ele>
      </trkpt>
      <trkpt lat="47.426699" lon="-122.24937">
        <ele>7.5</ele>
      </trkpt>
      <trkpt lat="47.42667" lon="-122.24653">
        <ele>7.8</ele>
      </trkpt>
      <trkpt lat="47.42669" lon="-122.24553">
        <ele>8.1</ele>
      </trkpt>
      <trkpt lat="47.42668" lon="-122.24471">
        <ele>8.4</ele>
      </trkpt>
      <trkpt lat="47.42669" lon="-122.2443">
        <ele>8.4</ele>
      </trkpt>
      <trkpt lat="47.42669" lon="-122.2443">
        <ele>8.4</ele>
      </trkpt>
      <trkpt lat="47.42669" lon="-122.2443">
        <ele>8.4</ele>
      </trkpt>
      <trkpt lat="47.42662" lon="-122.24429">
        <ele>8.4</ele>
      </trkpt>
      <trkpt lat="47.42658" lon="-122.24426">
        <ele>8.5</ele>
      </trkpt>
      <trkpt lat="47.42654" lon="-122.24419">
        <ele>8.5</ele>
      </trkpt>
      <trkpt lat="47.42649" lon="-122.2437">
        <ele>8.6</ele>
      </trkpt>
      <trkpt lat="47.42639" lon="-122.24257">
        <ele>8.7</ele>
      </trkpt>
      <trkpt lat="47.42638" lon="-122.24253">
        <ele>8.7</ele>
      </trkpt>
      <trkpt lat="47.42636" lon="-122.24225">
        <ele>8.7</ele>
      </trkpt>
      <trkpt lat="47.42636" lon="-122.24218">
        <ele>8.7</ele>
      </trkpt>
      <trkpt lat="47.42636" lon="-122.24218">
        <ele>8.7</ele>
      </trkpt>
      <trkpt lat="47.42636" lon="-122.24218">
        <ele>8.7</ele>
      </trkpt>
      <trkpt lat="47.42659" lon="-122.24218">
        <ele>8.7</ele>
      </trkpt>
      <trkpt lat="47.42672" lon="-122.24218">
        <ele>8.7</ele>
      </trkpt>
      <trkpt lat="47.42673" lon="-122.24218">
        <ele>8.7</ele>
      </trkpt>
      <trkpt lat="47.42699" lon="-122.24218">
        <ele>8.7</ele>
      </trkpt>
      <trkpt lat="47.42746" lon="-122.24218">
        <ele>8.7</ele>
      </trkpt>
      <trkpt lat="47.42947" lon="-122.24219">
        <ele>8.7</ele>
      </trkpt>
      <trkpt lat="47.42994" lon="-122.24218">
        <ele>8.7</ele>
      </trkpt>
      <trkpt lat="47.43018" lon="-122.24216">
        <ele>8.7</ele>
      </trkpt>
      <trkpt lat="47.43022" lon="-122.24217">
        <ele>8.7</ele>
      </trkpt>
      <trkpt lat="47.43023" lon="-122.24217">
        <ele>8.7</ele>
      </trkpt>
      <trkpt lat="47.43032" lon="-122.24217">
        <ele>8.7</ele>
      </trkpt>
      <trkpt lat="47.43041" lon="-122.24219">
        <ele>8.7</ele>
      </trkpt>
      <trkpt lat="47.430549" lon="-122.24219">
        <ele>8.7</ele>
      </trkpt>
      <trkpt lat="47.43117" lon="-122.24216">
        <ele>8.7</ele>
      </trkpt>
      <trkpt lat="47.43372" lon="-122.24205">
        <ele>8.6</ele>
      </trkpt>
      <trkpt lat="47.43595" lon="-122.24195">
        <ele>8.7</ele>
      </trkpt>
      <trkpt lat="47.43601" lon="-122.24196">
        <ele>8.6</ele>
      </trkpt>
      <trkpt lat="47.43885" lon="-122.24181">
        <ele>8.7</ele>
      </trkpt>
      <trkpt lat="47.43888" lon="-122.24181">
        <ele>8.7</ele>
      </trkpt>
      <trkpt lat="47.43892" lon="-122.24184">
        <ele>8.7</ele>
      </trkpt>
      <trkpt lat="47.43897" lon="-122.24182">
        <ele>8.7</ele>
      </trkpt>
      <trkpt lat="47.43904" lon="-122.24182">
        <ele>8.7</ele>
      </trkpt>
      <trkpt lat="47.440399" lon="-122.24176">
        <ele>8.7</ele>
      </trkpt>
      <trkpt lat="47.44106" lon="-122.24176">
        <ele>8.7</ele>
      </trkpt>
      <trkpt lat="47.4412" lon="-122.24176">
        <ele>8.7</ele>
      </trkpt>
      <trkpt lat="47.44133" lon="-122.24176">
        <ele>8.7</ele>
      </trkpt>
      <trkpt lat="47.44202" lon="-122.24177">
        <ele>8.7</ele>
      </trkpt>
      <trkpt lat="47.44258" lon="-122.2418">
        <ele>8.7</ele>
      </trkpt>
      <trkpt lat="47.443399" lon="-122.24186">
        <ele>8.7</ele>
      </trkpt>
      <trkpt lat="47.44392" lon="-122.24191">
        <ele>8.7</ele>
      </trkpt>
      <trkpt lat="47.44446" lon="-122.24194">
        <ele>8.7</ele>
      </trkpt>
      <trkpt lat="47.446219" lon="-122.24203">
        <ele>8.6</ele>
      </trkpt>
      <trkpt lat="47.44698" lon="-122.24211">
        <ele>8.6</ele>
      </trkpt>
      <trkpt lat="47.44723" lon="-122.24212">
        <ele>8.6</ele>
      </trkpt>
      <trkpt lat="47.44771" lon="-122.24214">
        <ele>8.6</ele>
      </trkpt>
      <trkpt lat="47.44925" lon="-122.24229">
        <ele>8.5</ele>
      </trkpt>
      <trkpt lat="47.45099" lon="-122.24241">
        <ele>8.6</ele>
      </trkpt>
      <trkpt lat="47.45159" lon="-122.24245">
        <ele>8.6</ele>
      </trkpt>
      <trkpt lat="47.45221" lon="-122.24251">
        <ele>8.6</ele>
      </trkpt>
      <trkpt lat="47.452419" lon="-122.24253">
        <ele>8.5</ele>
      </trkpt>
      <trkpt lat="47.45314" lon="-122.24256">
        <ele>8.3</ele>
      </trkpt>
      <trkpt lat="47.45476" lon="-122.24261">
        <ele>7.6</ele>
      </trkpt>
      <trkpt lat="47.45512" lon="-122.24262">
        <ele>7.8</ele>
      </trkpt>
      <trkpt lat="47.4561" lon="-122.24271">
        <ele>8.6</ele>
      </trkpt>
      <trkpt lat="47.45624" lon="-122.24275">
        <ele>8.7</ele>
      </trkpt>
      <trkpt lat="47.4565" lon="-122.24284">
        <ele>8.7</ele>
      </trkpt>
      <trkpt lat="47.456919" lon="-122.24286">
        <ele>8.7</ele>
      </trkpt>
      <trkpt lat="47.45696" lon="-122.24286">
        <ele>8.7</ele>
      </trkpt>
      <trkpt lat="47.45855" lon="-122.24294">
        <ele>8.7</ele>
      </trkpt>
      <trkpt lat="47.45888" lon="-122.24297">
        <ele>8.7</ele>
      </trkpt>
      <trkpt lat="47.45922" lon="-122.243">
        <ele>8.7</ele>
      </trkpt>
      <trkpt lat="47.45968" lon="-122.24301">
        <ele>8.7</ele>
      </trkpt>
      <trkpt lat="47.45982" lon="-122.24302">
        <ele>8.7</ele>
      </trkpt>
      <trkpt lat="47.46013" lon="-122.24303">
        <ele>8.7</ele>
      </trkpt>
      <trkpt lat="47.46057" lon="-122.24305">
        <ele>8.7</ele>
      </trkpt>
      <trkpt lat="47.46058" lon="-122.24305">
        <ele>8.7</ele>
      </trkpt>
      <trkpt lat="47.46106" lon="-122.24311">
        <ele>8.1</ele>
      </trkpt>
      <trkpt lat="47.46106" lon="-122.24311">
        <ele>8.1</ele>
      </trkpt>
      <trkpt lat="47.46106" lon="-122.24311">
        <ele>8.1</ele>
      </trkpt>
      <trkpt lat="47.46107" lon="-122.24299">
        <ele>8.1</ele>
      </trkpt>
      <trkpt lat="47.46108" lon="-122.24269">
        <ele>8.4</ele>
      </trkpt>
      <trkpt lat="47.46111" lon="-122.24223">
        <ele>8.7</ele>
      </trkpt>
      <trkpt lat="47.46112" lon="-122.24202">
        <ele>8.7</ele>
      </trkpt>
      <trkpt lat="47.46114" lon="-122.24172">
        <ele>8.7</ele>
      </trkpt>
      <trkpt lat="47.46115" lon="-122.24164">
        <ele>8.7</ele>
      </trkpt>
      <trkpt lat="47.4612" lon="-122.24055">
        <ele>8.7</ele>
      </trkpt>
      <trkpt lat="47.4612" lon="-122.24042">
        <ele>8.7</ele>
      </trkpt>
      <trkpt lat="47.46122" lon="-122.23978">
        <ele>8.7</ele>
      </trkpt>
      <trkpt lat="47.46122" lon="-122.23969">
        <ele>8.7</ele>
      </trkpt>
      <trkpt lat="47.46123" lon="-122.23967">
        <ele>8.7</ele>
      </trkpt>
      <trkpt lat="47.461239" lon="-122.23966">
        <ele>8.7</ele>
      </trkpt>
      <trkpt lat="47.46125" lon="-122.23965">
        <ele>8.7</ele>
      </trkpt>
      <trkpt lat="47.46126" lon="-122.23964">
        <ele>8.7</ele>
      </trkpt>
      <trkpt lat="47.46127" lon="-122.23964">
        <ele>8.7</ele>
      </trkpt>
      <trkpt lat="47.46128" lon="-122.23964">
        <ele>8.7</ele>
      </trkpt>
      <trkpt lat="47.46128" lon="-122.23964">
        <ele>8.7</ele>
      </trkpt>
      <trkpt lat="47.46128" lon="-122.23964">
        <ele>8.7</ele>
      </trkpt>
      <trkpt lat="47.46131" lon="-122.23969">
        <ele>8.7</ele>
      </trkpt>
      <trkpt lat="47.4614" lon="-122.23969">
        <ele>8.7</ele>
      </trkpt>
      <trkpt lat="47.46193" lon="-122.23968">
        <ele>8.7</ele>
      </trkpt>
      <trkpt lat="47.46269" lon="-122.23968">
        <ele>8.7</ele>
      </trkpt>
      <trkpt lat="47.46269" lon="-122.23968">
        <ele>8.7</ele>
      </trkpt>
      <trkpt lat="47.46381" lon="-122.23967">
        <ele>8.7</ele>
      </trkpt>
      <trkpt lat="47.464149" lon="-122.23967">
        <ele>8.7</ele>
      </trkpt>
      <trkpt lat="47.46425" lon="-122.23966">
        <ele>8.7</ele>
      </trkpt>
      <trkpt lat="47.46435" lon="-122.23965">
        <ele>8.7</ele>
      </trkpt>
      <trkpt lat="47.464419" lon="-122.23962">
        <ele>8.7</ele>
      </trkpt>
      <trkpt lat="47.46448" lon="-122.23958">
        <ele>8.7</ele>
      </trkpt>
      <trkpt lat="47.46483" lon="-122.23921">
        <ele>8.7</ele>
      </trkpt>
      <trkpt lat="47.46483" lon="-122.23921">
        <ele>8.7</ele>
      </trkpt>
      <trkpt lat="47.46483" lon="-122.23921">
        <ele>8.7</ele>
      </trkpt>
      <trkpt lat="47.46487" lon="-122.23926">
        <ele>8.7</ele>
      </trkpt>
      <trkpt lat="47.46504" lon="-122.23942">
        <ele>8.7</ele>
      </trkpt>
      <trkpt lat="47.46515" lon="-122.23953">
        <ele>8.7</ele>
      </trkpt>
      <trkpt lat="47.46515" lon="-122.23953">
        <ele>8.7</ele>
      </trkpt>
      <trkpt lat="47.46515" lon="-122.23953">
        <ele>8.7</ele>
      </trkpt>
      <trkpt lat="47.46529" lon="-122.23928">
        <ele>8.7</ele>
      </trkpt>
      <trkpt lat="47.46533" lon="-122.23917">
        <ele>8.7</ele>
      </trkpt>
      <trkpt lat="47.46547" lon="-122.23882">
        <ele>8.7</ele>
      </trkpt>
      <trkpt lat="47.46561" lon="-122.23837">
        <ele>8.7</ele>
      </trkpt>
      <trkpt lat="47.46569" lon="-122.23802">
        <ele>8.7</ele>
      </trkpt>
      <trkpt lat="47.46572" lon="-122.23778">
        <ele>8.7</ele>
      </trkpt>
      <trkpt lat="47.46573" lon="-122.23773">
        <ele>8.7</ele>
      </trkpt>
      <trkpt lat="47.46573" lon="-122.23773">
        <ele>8.7</ele>
      </trkpt>
      <trkpt lat="47.46577" lon="-122.23715">
        <ele>8.7</ele>
      </trkpt>
      <trkpt lat="47.46578" lon="-122.23683">
        <ele>8.7</ele>
      </trkpt>
      <trkpt lat="47.46579" lon="-122.23638">
        <ele>8.7</ele>
      </trkpt>
      <trkpt lat="47.46582" lon="-122.23457">
        <ele>8.7</ele>
      </trkpt>
      <trkpt lat="47.46589" lon="-122.23327">
        <ele>8.7</ele>
      </trkpt>
      <trkpt lat="47.465896" lon="-122.23311">
        <ele>8.7</ele>
      </trkpt>
      <trkpt lat="47.4659" lon="-122.23311">
        <ele>8.7</ele>
      </trkpt>
      <trkpt lat="47.46591" lon="-122.23292">
        <ele>8.7</ele>
      </trkpt>
      <trkpt lat="47.465919" lon="-122.23237">
        <ele>8.7</ele>
      </trkpt>
      <trkpt lat="47.465919" lon="-122.23223">
        <ele>8.7</ele>
      </trkpt>
      <trkpt lat="47.465919" lon="-122.23223">
        <ele>8.7</ele>
      </trkpt>
      <trkpt lat="47.466119" lon="-122.23229">
        <ele>8.7</ele>
      </trkpt>
      <trkpt lat="47.46626" lon="-122.23235">
        <ele>8.7</ele>
      </trkpt>
      <trkpt lat="47.46641" lon="-122.23243">
        <ele>8.7</ele>
      </trkpt>
      <trkpt lat="47.466589" lon="-122.23255">
        <ele>8.7</ele>
      </trkpt>
      <trkpt lat="47.46672" lon="-122.23267">
        <ele>8.7</ele>
      </trkpt>
      <trkpt lat="47.46736" lon="-122.23323">
        <ele>8.7</ele>
      </trkpt>
      <trkpt lat="47.46783" lon="-122.2336">
        <ele>8.7</ele>
      </trkpt>
      <trkpt lat="47.46837" lon="-122.23389">
        <ele>8.7</ele>
      </trkpt>
      <trkpt lat="47.46864" lon="-122.23396">
        <ele>8.7</ele>
      </trkpt>
      <trkpt lat="47.46894" lon="-122.23413">
        <ele>8.7</ele>
      </trkpt>
      <trkpt lat="47.46925" lon="-122.23426">
        <ele>8.7</ele>
      </trkpt>
      <trkpt lat="47.46929" lon="-122.23428">
        <ele>8.7</ele>
      </trkpt>
      <trkpt lat="47.46958" lon="-122.23443">
        <ele>8.7</ele>
      </trkpt>
      <trkpt lat="47.46967" lon="-122.23447">
        <ele>8.7</ele>
      </trkpt>
      <trkpt lat="47.46991" lon="-122.23456">
        <ele>8.7</ele>
      </trkpt>
      <trkpt lat="47.47044" lon="-122.23474">
        <ele>8.7</ele>
      </trkpt>
      <trkpt lat="47.47103" lon="-122.23493">
        <ele>8.7</ele>
      </trkpt>
      <trkpt lat="47.471469" lon="-122.23508">
        <ele>8.7</ele>
      </trkpt>
      <trkpt lat="47.47167" lon="-122.23514">
        <ele>8.7</ele>
      </trkpt>
      <trkpt lat="47.47185" lon="-122.2352">
        <ele>8.7</ele>
      </trkpt>
      <trkpt lat="47.472029" lon="-122.23526">
        <ele>8.7</ele>
      </trkpt>
      <trkpt lat="47.47213" lon="-122.2353">
        <ele>8.7</ele>
      </trkpt>
      <trkpt lat="47.47219" lon="-122.23532">
        <ele>8.7</ele>
      </trkpt>
      <trkpt lat="47.47224" lon="-122.23535">
        <ele>8.7</ele>
      </trkpt>
      <trkpt lat="47.4723" lon="-122.23539">
        <ele>8.7</ele>
      </trkpt>
      <trkpt lat="47.47244" lon="-122.23551">
        <ele>8.7</ele>
      </trkpt>
      <trkpt lat="47.47245" lon="-122.23552">
        <ele>8.7</ele>
      </trkpt>
      <trkpt lat="47.472589" lon="-122.23566">
        <ele>8.7</ele>
      </trkpt>
      <trkpt lat="47.47272" lon="-122.23581">
        <ele>8.7</ele>
      </trkpt>
      <trkpt lat="47.47272" lon="-122.23581">
        <ele>8.7</ele>
      </trkpt>
      <trkpt lat="47.47283" lon="-122.23564">
        <ele>8.7</ele>
      </trkpt>
      <trkpt lat="47.47296" lon="-122.23541">
        <ele>8.7</ele>
      </trkpt>
      <trkpt lat="47.47342" lon="-122.2347">
        <ele>8.7</ele>
      </trkpt>
      <trkpt lat="47.473529" lon="-122.23452">
        <ele>8.7</ele>
      </trkpt>
      <trkpt lat="47.47355" lon="-122.23454">
        <ele>8.7</ele>
      </trkpt>
      <trkpt lat="47.47364" lon="-122.23432">
        <ele>8.7</ele>
      </trkpt>
      <trkpt lat="47.47372" lon="-122.23411">
        <ele>8.7</ele>
      </trkpt>
      <trkpt lat="47.47374" lon="-122.23403">
        <ele>8.7</ele>
      </trkpt>
      <trkpt lat="47.47376" lon="-122.23392">
        <ele>8.7</ele>
      </trkpt>
      <trkpt lat="47.47379" lon="-122.23376">
        <ele>8.7</ele>
      </trkpt>
      <trkpt lat="47.4738" lon="-122.23357">
        <ele>8.7</ele>
      </trkpt>
      <trkpt lat="47.47379" lon="-122.23306">
        <ele>8.7</ele>
      </trkpt>
      <trkpt lat="47.47378" lon="-122.233062">
        <ele>8.7</ele>
      </trkpt>
      <trkpt lat="47.47378" lon="-122.233062">
        <ele>8.7</ele>
      </trkpt>
      <trkpt lat="47.473775" lon="-122.231576">
        <ele>8.7</ele>
      </trkpt>
      <trkpt lat="47.473769" lon="-122.23009">
        <ele>8.7</ele>
      </trkpt>
      <trkpt lat="47.473763" lon="-122.228604">
        <ele>8.7</ele>
      </trkpt>
      <trkpt lat="47.473757" lon="-122.227118">
        <ele>8.7</ele>
      </trkpt>
      <trkpt lat="47.473752" lon="-122.225632">
        <ele>8.7</ele>
      </trkpt>
      <trkpt lat="47.473746" lon="-122.224146">
        <ele>8.7</ele>
      </trkpt>
      <trkpt lat="47.47374" lon="-122.22266">
        <ele>8.7</ele>
      </trkpt>
      <trkpt lat="47.47374" lon="-122.2223">
        <ele>8.7</ele>
      </trkpt>
      <trkpt lat="47.47374" lon="-122.222">
        <ele>8.7</ele>
      </trkpt>
      <trkpt lat="47.47374" lon="-122.22196">
        <ele>8.7</ele>
      </trkpt>
      <trkpt lat="47.47374" lon="-122.22167">
        <ele>8.7</ele>
      </trkpt>
      <trkpt lat="47.47374" lon="-122.22163">
        <ele>8.7</ele>
      </trkpt>
      <trkpt lat="47.47374" lon="-122.22135">
        <ele>8.7</ele>
      </trkpt>
      <trkpt lat="47.47375" lon="-122.22025">
        <ele>8.7</ele>
      </trkpt>
      <trkpt lat="47.47375" lon="-122.22024">
        <ele>8.7</ele>
      </trkpt>
      <trkpt lat="47.47375" lon="-122.2198">
        <ele>8.7</ele>
      </trkpt>
      <trkpt lat="47.47375" lon="-122.21973">
        <ele>8.7</ele>
      </trkpt>
      <trkpt lat="47.47375" lon="-122.21962">
        <ele>8.7</ele>
      </trkpt>
      <trkpt lat="47.47375" lon="-122.21907">
        <ele>8.7</ele>
      </trkpt>
      <trkpt lat="47.47375" lon="-122.21904">
        <ele>8.7</ele>
      </trkpt>
      <trkpt lat="47.47375" lon="-122.21865">
        <ele>8.7</ele>
      </trkpt>
      <trkpt lat="47.47376" lon="-122.21789">
        <ele>8.7</ele>
      </trkpt>
      <trkpt lat="47.47377" lon="-122.21683">
        <ele>8.7</ele>
      </trkpt>
      <trkpt lat="47.47377" lon="-122.21669">
        <ele>8.7</ele>
      </trkpt>
      <trkpt lat="47.47378" lon="-122.21622">
        <ele>8.7</ele>
      </trkpt>
      <trkpt lat="47.47378" lon="-122.216">
        <ele>8.7</ele>
      </trkpt>
      <trkpt lat="47.47377" lon="-122.21555">
        <ele>8.7</ele>
      </trkpt>
      <trkpt lat="47.47378" lon="-122.21537">
        <ele>8.7</ele>
      </trkpt>
      <trkpt lat="47.47379" lon="-122.21449">
        <ele>8.7</ele>
      </trkpt>
      <trkpt lat="47.47379" lon="-122.21418">
        <ele>8.7</ele>
      </trkpt>
      <trkpt lat="47.47379" lon="-122.21332">
        <ele>8.7</ele>
      </trkpt>
      <trkpt lat="47.4738" lon="-122.21312">
        <ele>8.7</ele>
      </trkpt>
      <trkpt lat="47.4738" lon="-122.21269">
        <ele>8.7</ele>
      </trkpt>
      <trkpt lat="47.4738" lon="-122.21267">
        <ele>8.7</ele>
      </trkpt>
      <trkpt lat="47.4738" lon="-122.21233">
        <ele>8.7</ele>
      </trkpt>
      <trkpt lat="47.4738" lon="-122.21153">
        <ele>8.7</ele>
      </trkpt>
      <trkpt lat="47.47381" lon="-122.21077">
        <ele>8.7</ele>
      </trkpt>
      <trkpt lat="47.47382" lon="-122.21013">
        <ele>8.7</ele>
      </trkpt>
      <trkpt lat="47.47382" lon="-122.21009">
        <ele>8.7</ele>
      </trkpt>
      <trkpt lat="47.47382" lon="-122.20948">
        <ele>8.7</ele>
      </trkpt>
      <trkpt lat="47.47383" lon="-122.20908">
        <ele>8.7</ele>
      </trkpt>
      <trkpt lat="47.47383" lon="-122.20908">
        <ele>8.7</ele>
      </trkpt>
      <trkpt lat="47.47383" lon="-122.20908">
        <ele>8.7</ele>
      </trkpt>
      <trkpt lat="47.47407" lon="-122.20887">
        <ele>8.7</ele>
      </trkpt>
      <trkpt lat="47.47423" lon="-122.20875">
        <ele>8.7</ele>
      </trkpt>
      <trkpt lat="47.47457" lon="-122.20856">
        <ele>8.7</ele>
      </trkpt>
      <trkpt lat="47.47468" lon="-122.20849">
        <ele>8.7</ele>
      </trkpt>
      <trkpt lat="47.47488" lon="-122.20833">
        <ele>8.7</ele>
      </trkpt>
      <trkpt lat="47.47488" lon="-122.20833">
        <ele>8.7</ele>
      </trkpt>
      <trkpt lat="47.47488" lon="-122.20833">
        <ele>8.7</ele>
      </trkpt>
      <trkpt lat="47.47495" lon="-122.20819">
        <ele>8.7</ele>
      </trkpt>
      <trkpt lat="47.4751" lon="-122.20801">
        <ele>8.7</ele>
      </trkpt>
      <trkpt lat="47.4752" lon="-122.20793">
        <ele>8.7</ele>
      </trkpt>
      <trkpt lat="47.47531" lon="-122.20788">
        <ele>8.7</ele>
      </trkpt>
      <trkpt lat="47.47533" lon="-122.20787">
        <ele>8.7</ele>
      </trkpt>
      <trkpt lat="47.47538" lon="-122.20786">
        <ele>8.7</ele>
      </trkpt>
      <trkpt lat="47.47663" lon="-122.20785">
        <ele>8.7</ele>
      </trkpt>
      <trkpt lat="47.47679" lon="-122.20785">
        <ele>8.7</ele>
      </trkpt>
      <trkpt lat="47.47698" lon="-122.20785">
        <ele>8.7</ele>
      </trkpt>
      <trkpt lat="47.47715" lon="-122.20785">
        <ele>8.7</ele>
      </trkpt>
      <trkpt lat="47.47733" lon="-122.20785">
        <ele>8.7</ele>
      </trkpt>
      <trkpt lat="47.47749" lon="-122.20785">
        <ele>8.7</ele>
      </trkpt>
      <trkpt lat="47.47752" lon="-122.20784">
        <ele>8.7</ele>
      </trkpt>
      <trkpt lat="47.4777" lon="-122.20784">
        <ele>8.7</ele>
      </trkpt>
      <trkpt lat="47.47793" lon="-122.20784">
        <ele>8.7</ele>
      </trkpt>
      <trkpt lat="47.47816" lon="-122.20785">
        <ele>8.7</ele>
      </trkpt>
      <trkpt lat="47.47823" lon="-122.20785">
        <ele>8.7</ele>
      </trkpt>
      <trkpt lat="47.478319" lon="-122.2079">
        <ele>8.7</ele>
      </trkpt>
      <trkpt lat="47.4784" lon="-122.2079">
        <ele>8.7</ele>
      </trkpt>
      <trkpt lat="47.47855" lon="-122.20789">
        <ele>8.7</ele>
      </trkpt>
      <trkpt lat="47.47908" lon="-122.20789">
        <ele>8.7</ele>
      </trkpt>
      <trkpt lat="47.47927" lon="-122.20791">
        <ele>8.7</ele>
      </trkpt>
      <trkpt lat="47.47942" lon="-122.20791">
        <ele>8.7</ele>
      </trkpt>
      <trkpt lat="47.47969" lon="-122.20792">
        <ele>8.7</ele>
      </trkpt>
      <trkpt lat="47.48064" lon="-122.20792">
        <ele>8.9</ele>
      </trkpt>
      <trkpt lat="47.481229" lon="-122.2079">
        <ele>8.9</ele>
      </trkpt>
      <trkpt lat="47.481229" lon="-122.2079">
        <ele>8.9</ele>
      </trkpt>
      <trkpt lat="47.481229" lon="-122.2079">
        <ele>8.9</ele>
      </trkpt>
      <trkpt lat="47.481229" lon="-122.20798">
        <ele>8.9</ele>
      </trkpt>
      <trkpt lat="47.48124" lon="-122.20807">
        <ele>8.9</ele>
      </trkpt>
      <trkpt lat="47.48124" lon="-122.20807">
        <ele>8.9</ele>
      </trkpt>
      <trkpt lat="47.48124" lon="-122.20807">
        <ele>8.9</ele>
      </trkpt>
      <trkpt lat="47.4814" lon="-122.20813">
        <ele>8.9</ele>
      </trkpt>
      <trkpt lat="47.481409" lon="-122.20813">
        <ele>8.9</ele>
      </trkpt>
      <trkpt lat="47.48144" lon="-122.20813">
        <ele>8.9</ele>
      </trkpt>
      <trkpt lat="47.4816" lon="-122.20817">
        <ele>8.9</ele>
      </trkpt>
      <trkpt lat="47.48168" lon="-122.2082">
        <ele>8.9</ele>
      </trkpt>
      <trkpt lat="47.4821" lon="-122.20836">
        <ele>8.8</ele>
      </trkpt>
      <trkpt lat="47.48228" lon="-122.20844">
        <ele>8.7</ele>
      </trkpt>
      <trkpt lat="47.48246" lon="-122.20851">
        <ele>8.8</ele>
      </trkpt>
      <trkpt lat="47.482529" lon="-122.20854">
        <ele>8.7</ele>
      </trkpt>
      <trkpt lat="47.48269" lon="-122.20857">
        <ele>8.7</ele>
      </trkpt>
      <trkpt lat="47.48284" lon="-122.20859">
        <ele>8.7</ele>
      </trkpt>
      <trkpt lat="47.483669" lon="-122.20869">
        <ele>8.7</ele>
      </trkpt>
      <trkpt lat="47.483669" lon="-122.20869">
        <ele>8.7</ele>
      </trkpt>
      <trkpt lat="47.483669" lon="-122.20869">
        <ele>8.7</ele>
      </trkpt>
      <trkpt lat="47.48371" lon="-122.20871">
        <ele>8.7</ele>
      </trkpt>
      <trkpt lat="47.48373" lon="-122.20875">
        <ele>8.7</ele>
      </trkpt>
      <trkpt lat="47.48374" lon="-122.2088">
        <ele>8.7</ele>
      </trkpt>
      <trkpt lat="47.48375" lon="-122.20921">
        <ele>8.7</ele>
      </trkpt>
      <trkpt lat="47.48377" lon="-122.21064">
        <ele>8.8</ele>
      </trkpt>
      <trkpt lat="47.48378" lon="-122.21115">
        <ele>8.8</ele>
      </trkpt>
      <trkpt lat="47.4838" lon="-122.2125">
        <ele>8.8</ele>
      </trkpt>
      <trkpt lat="47.48381" lon="-122.21271">
        <ele>8.8</ele>
      </trkpt>
      <trkpt lat="47.48381" lon="-122.21271">
        <ele>8.8</ele>
      </trkpt>
      <trkpt lat="47.48381" lon="-122.21271">
        <ele>8.8</ele>
      </trkpt>
      <trkpt lat="47.48412" lon="-122.2127">
        <ele>8.8</ele>
      </trkpt>
      <trkpt lat="47.48417" lon="-122.2127">
        <ele>8.8</ele>
      </trkpt>
      <trkpt lat="47.48451" lon="-122.21269">
        <ele>8.8</ele>
      </trkpt>
      <trkpt lat="47.48459" lon="-122.21269">
        <ele>8.8</ele>
      </trkpt>
      <trkpt lat="47.48469" lon="-122.21268">
        <ele>8.8</ele>
      </trkpt>
      <trkpt lat="47.48486" lon="-122.21268">
        <ele>8.8</ele>
      </trkpt>
      <trkpt lat="47.48499" lon="-122.21267">
        <ele>8.8</ele>
      </trkpt>
      <trkpt lat="47.48499" lon="-122.21267">
        <ele>8.8</ele>
      </trkpt>
      <trkpt lat="47.48499" lon="-122.21267">
        <ele>8.8</ele>
      </trkpt>
      <trkpt lat="47.4854" lon="-122.21266">
        <ele>8.7</ele>
      </trkpt>
      <trkpt lat="47.4854" lon="-122.21266">
        <ele>8.7</ele>
      </trkpt>
      <trkpt lat="47.4854" lon="-122.21266">
        <ele>8.7</ele>
      </trkpt>
      <trkpt lat="47.48541" lon="-122.21332">
        <ele>8.7</ele>
      </trkpt>
      <trkpt lat="47.4854" lon="-122.2134">
        <ele>8.7</ele>
      </trkpt>
      <trkpt lat="47.485349" lon="-122.21356">
        <ele>8.7</ele>
      </trkpt>
      <trkpt lat="47.48531" lon="-122.21367">
        <ele>8.7</ele>
      </trkpt>
      <trkpt lat="47.48529" lon="-122.21375">
        <ele>8.7</ele>
      </trkpt>
      <trkpt lat="47.48529" lon="-122.21382">
        <ele>8.7</ele>
      </trkpt>
      <trkpt lat="47.48522" lon="-122.21473">
        <ele>8.4</ele>
      </trkpt>
      <trkpt lat="47.48521" lon="-122.21483">
        <ele>8.4</ele>
      </trkpt>
      <trkpt lat="47.48521" lon="-122.21488">
        <ele>8.4</ele>
      </trkpt>
      <trkpt lat="47.48521" lon="-122.21494">
        <ele>8.3</ele>
      </trkpt>
      <trkpt lat="47.48521" lon="-122.21499">
        <ele>8.3</ele>
      </trkpt>
      <trkpt lat="47.48522" lon="-122.21503">
        <ele>8.3</ele>
      </trkpt>
      <trkpt lat="47.48523" lon="-122.21507">
        <ele>8.3</ele>
      </trkpt>
      <trkpt lat="47.48524" lon="-122.21512">
        <ele>8.3</ele>
      </trkpt>
      <trkpt lat="47.48531" lon="-122.21531">
        <ele>8.3</ele>
      </trkpt>
      <trkpt lat="47.48532" lon="-122.21537">
        <ele>8.3</ele>
      </trkpt>
      <trkpt lat="47.48533" lon="-122.21542">
        <ele>8.3</ele>
      </trkpt>
      <trkpt lat="47.48534" lon="-122.21551">
        <ele>8.3</ele>
      </trkpt>
      <trkpt lat="47.48534" lon="-122.21551">
        <ele>8.3</ele>
      </trkpt>
      <trkpt lat="47.48534" lon="-122.21551">
        <ele>8.3</ele>
      </trkpt>
      <trkpt lat="47.48534" lon="-122.21557">
        <ele>8.3</ele>
      </trkpt>
      <trkpt lat="47.48534" lon="-122.21562">
        <ele>8.3</ele>
      </trkpt>
      <trkpt lat="47.48534" lon="-122.21611">
        <ele>8.5</ele>
      </trkpt>
      <trkpt lat="47.485349" lon="-122.21639">
        <ele>8.5</ele>
      </trkpt>
      <trkpt lat="47.485349" lon="-122.21642">
        <ele>8.5</ele>
      </trkpt>
      <trkpt lat="47.485349" lon="-122.21647">
        <ele>8.5</ele>
      </trkpt>
      <trkpt lat="47.48536" lon="-122.21652">
        <ele>8.5</ele>
      </trkpt>
      <trkpt lat="47.48537" lon="-122.21657">
        <ele>8.5</ele>
      </trkpt>
      <trkpt lat="47.48539" lon="-122.21664">
        <ele>8.5</ele>
      </trkpt>
      <trkpt lat="47.4854" lon="-122.21667">
        <ele>8.5</ele>
      </trkpt>
      <trkpt lat="47.48542" lon="-122.21671">
        <ele>8.5</ele>
      </trkpt>
      <trkpt lat="47.48546" lon="-122.21678">
        <ele>8.5</ele>
      </trkpt>
      <trkpt lat="47.4855" lon="-122.21683">
        <ele>8.5</ele>
      </trkpt>
      <trkpt lat="47.48554" lon="-122.21687">
        <ele>8.5</ele>
      </trkpt>
      <trkpt lat="47.48558" lon="-122.2169">
        <ele>8.5</ele>
      </trkpt>
      <trkpt lat="47.48563" lon="-122.21693">
        <ele>8.5</ele>
      </trkpt>
      <trkpt lat="47.48569" lon="-122.21695">
        <ele>8.5</ele>
      </trkpt>
      <trkpt lat="47.48578" lon="-122.21696">
        <ele>8.5</ele>
      </trkpt>
      <trkpt lat="47.48622" lon="-122.21703">
        <ele>8.5</ele>
      </trkpt>
      <trkpt lat="47.4868" lon="-122.21712">
        <ele>8.5</ele>
      </trkpt>
      <trkpt lat="47.48735" lon="-122.21719">
        <ele>8.5</ele>
      </trkpt>
      <trkpt lat="47.48771" lon="-122.21725">
        <ele>8.5</ele>
      </trkpt>
      <trkpt lat="47.4879" lon="-122.21728">
        <ele>8.6</ele>
      </trkpt>
      <trkpt lat="47.48804" lon="-122.2173">
        <ele>8.5</ele>
      </trkpt>
      <trkpt lat="47.489" lon="-122.21745">
        <ele>8.6</ele>
      </trkpt>
      <trkpt lat="47.48917" lon="-122.21745">
        <ele>8.6</ele>
      </trkpt>
      <trkpt lat="47.48936" lon="-122.21744">
        <ele>8.6</ele>
      </trkpt>
      <trkpt lat="47.48977" lon="-122.2174">
        <ele>8.5</ele>
      </trkpt>
      <trkpt lat="47.490139" lon="-122.21738">
        <ele>8.6</ele>
      </trkpt>
      <trkpt lat="47.49042" lon="-122.21739">
        <ele>8.5</ele>
      </trkpt>
      <trkpt lat="47.49064" lon="-122.21743">
        <ele>8.6</ele>
      </trkpt>
      <trkpt lat="47.49181" lon="-122.21779">
        <ele>8.5</ele>
      </trkpt>
      <trkpt lat="47.492199" lon="-122.21798">
        <ele>8.5</ele>
      </trkpt>
      <trkpt lat="47.49232" lon="-122.21805">
        <ele>8.5</ele>
      </trkpt>
      <trkpt lat="47.49262" lon="-122.21822">
        <ele>8.5</ele>
      </trkpt>
      <trkpt lat="47.49287" lon="-122.21831">
        <ele>8.8</ele>
      </trkpt>
      <trkpt lat="47.49301" lon="-122.21835">
        <ele>8.7</ele>
      </trkpt>
      <trkpt lat="47.49326" lon="-122.21843">
        <ele>8.6</ele>
      </trkpt>
      <trkpt lat="47.49396" lon="-122.2186">
        <ele>8.5</ele>
      </trkpt>
      <trkpt lat="47.494549" lon="-122.21871">
        <ele>8.5</ele>
      </trkpt>
      <trkpt lat="47.494729" lon="-122.21875">
        <ele>8.4</ele>
      </trkpt>
      <trkpt lat="47.49498" lon="-122.2188">
        <ele>8.5</ele>
      </trkpt>
      <trkpt lat="47.49505" lon="-122.21881">
        <ele>8.5</ele>
      </trkpt>
      <trkpt lat="47.495109" lon="-122.21883">
        <ele>8.5</ele>
      </trkpt>
      <trkpt lat="47.49532" lon="-122.21889">
        <ele>8.5</ele>
      </trkpt>
      <trkpt lat="47.49554" lon="-122.21899">
        <ele>8.6</ele>
      </trkpt>
      <trkpt lat="47.49591" lon="-122.21917">
        <ele>8.6</ele>
      </trkpt>
      <trkpt lat="47.49612" lon="-122.21927">
        <ele>8.5</ele>
      </trkpt>
      <trkpt lat="47.4964" lon="-122.21941">
        <ele>8.4</ele>
      </trkpt>
      <trkpt lat="47.49651" lon="-122.21944">
        <ele>8.4</ele>
      </trkpt>
      <trkpt lat="47.49672" lon="-122.21948">
        <ele>8.5</ele>
      </trkpt>
      <trkpt lat="47.49721" lon="-122.21952">
        <ele>8.5</ele>
      </trkpt>
      <trkpt lat="47.497459" lon="-122.21956">
        <ele>8.5</ele>
      </trkpt>
      <trkpt lat="47.49772" lon="-122.2196">
        <ele>8.4</ele>
      </trkpt>
      <trkpt lat="47.4978" lon="-122.21958">
        <ele>8.3</ele>
      </trkpt>
      <trkpt lat="47.4978" lon="-122.21958">
        <ele>8.3</ele>
      </trkpt>
      <trkpt lat="47.4978" lon="-122.21958">
        <ele>8.3</ele>
      </trkpt>
      <trkpt lat="47.49775" lon="-122.22014">
        <ele>10.3</ele>
      </trkpt>
      <trkpt lat="47.49775" lon="-122.22014">
        <ele>10.3</ele>
      </trkpt>
      <trkpt lat="47.49775" lon="-122.22014">
        <ele>10.3</ele>
      </trkpt>
      <trkpt lat="47.49806" lon="-122.22023">
        <ele>10.2</ele>
      </trkpt>
      <trkpt lat="47.49837" lon="-122.22033">
        <ele>10.6</ele>
      </trkpt>
      <trkpt lat="47.49868" lon="-122.22043">
        <ele>10.4</ele>
      </trkpt>
      <trkpt lat="47.49877" lon="-122.22047">
        <ele>10.4</ele>
      </trkpt>
      <trkpt lat="47.49898" lon="-122.22054">
        <ele>10.5</ele>
      </trkpt>
      <trkpt lat="47.49917" lon="-122.22061">
        <ele>11.2</ele>
      </trkpt>
      <trkpt lat="47.4996" lon="-122.22081">
        <ele>13.6</ele>
      </trkpt>
      <trkpt lat="47.499989" lon="-122.221">
        <ele>14.1</ele>
      </trkpt>
      <trkpt lat="47.50002" lon="-122.22102">
        <ele>14.2</ele>
      </trkpt>
      <trkpt lat="47.50039" lon="-122.22121">
        <ele>14.4</ele>
      </trkpt>
      <trkpt lat="47.5006" lon="-122.22137">
        <ele>14.0</ele>
      </trkpt>
      <trkpt lat="47.50078" lon="-122.22154">
        <ele>13.7</ele>
      </trkpt>
      <trkpt lat="47.50095" lon="-122.22172">
        <ele>13.4</ele>
      </trkpt>
      <trkpt lat="47.50114" lon="-122.22197">
        <ele>12.7</ele>
      </trkpt>
      <trkpt lat="47.50132" lon="-122.22223">
        <ele>11.5</ele>
      </trkpt>
      <trkpt lat="47.50157" lon="-122.22259">
        <ele>10.8</ele>
      </trkpt>
      <trkpt lat="47.50164" lon="-122.2227">
        <ele>10.8</ele>
      </trkpt>
      <trkpt lat="47.50173" lon="-122.22284">
        <ele>10.8</ele>
      </trkpt>
      <trkpt lat="47.50189" lon="-122.22306">
        <ele>10.5</ele>
      </trkpt>
      <trkpt lat="47.50197" lon="-122.22318">
        <ele>10.4</ele>
      </trkpt>
      <trkpt lat="47.50211" lon="-122.22339">
        <ele>10.3</ele>
      </trkpt>
      <trkpt lat="47.50262" lon="-122.22418">
        <ele>10.1</ele>
      </trkpt>
      <trkpt lat="47.50294" lon="-122.22467">
        <ele>10.8</ele>
      </trkpt>
      <trkpt lat="47.50309" lon="-122.22491">
        <ele>11.0</ele>
      </trkpt>
      <trkpt lat="47.50324" lon="-122.22514">
        <ele>9.3</ele>
      </trkpt>
      <trkpt lat="47.50342" lon="-122.22546">
        <ele>9.2</ele>
      </trkpt>
      <trkpt lat="47.50356" lon="-122.22573">
        <ele>9.6</ele>
      </trkpt>
      <trkpt lat="47.5037" lon="-122.22599">
        <ele>9.8</ele>
      </trkpt>
      <trkpt lat="47.50386" lon="-122.22634">
        <ele>10.3</ele>
      </trkpt>
      <trkpt lat="47.50402" lon="-122.22668">
        <ele>10.6</ele>
      </trkpt>
      <trkpt lat="47.50426" lon="-122.22717">
        <ele>10.8</ele>
      </trkpt>
      <trkpt lat="47.50436" lon="-122.2274">
        <ele>10.8</ele>
      </trkpt>
      <trkpt lat="47.5048" lon="-122.22828">
        <ele>9.5</ele>
      </trkpt>
      <trkpt lat="47.5051" lon="-122.22887">
        <ele>9.7</ele>
      </trkpt>
      <trkpt lat="47.50812" lon="-122.23441">
        <ele>9.9</ele>
      </trkpt>
      <trkpt lat="47.50837" lon="-122.23487">
        <ele>9.9</ele>
      </trkpt>
      <trkpt lat="47.508629" lon="-122.23534">
        <ele>10.8</ele>
      </trkpt>
      <trkpt lat="47.50926" lon="-122.23649">
        <ele>10.3</ele>
      </trkpt>
      <trkpt lat="47.50965" lon="-122.23725">
        <ele>11.3</ele>
      </trkpt>
      <trkpt lat="47.51024" lon="-122.23833">
        <ele>11.8</ele>
      </trkpt>
      <trkpt lat="47.5103" lon="-122.23844">
        <ele>11.9</ele>
      </trkpt>
      <trkpt lat="47.51034" lon="-122.23852">
        <ele>11.9</ele>
      </trkpt>
      <trkpt lat="47.51039" lon="-122.23863">
        <ele>11.9</ele>
      </trkpt>
      <trkpt lat="47.5104" lon="-122.23867">
        <ele>11.9</ele>
      </trkpt>
      <trkpt lat="47.51043" lon="-122.23872">
        <ele>11.7</ele>
      </trkpt>
      <trkpt lat="47.51047" lon="-122.23885">
        <ele>12.0</ele>
      </trkpt>
      <trkpt lat="47.5105" lon="-122.23893">
        <ele>11.8</ele>
      </trkpt>
      <trkpt lat="47.51052" lon="-122.23901">
        <ele>12.1</ele>
      </trkpt>
      <trkpt lat="47.51055" lon="-122.23909">
        <ele>12.3</ele>
      </trkpt>
      <trkpt lat="47.51057" lon="-122.23919">
        <ele>12.3</ele>
      </trkpt>
      <trkpt lat="47.51059" lon="-122.23927">
        <ele>12.3</ele>
      </trkpt>
      <trkpt lat="47.51061" lon="-122.23934">
        <ele>12.4</ele>
      </trkpt>
      <trkpt lat="47.51063" lon="-122.23946">
        <ele>12.7</ele>
      </trkpt>
      <trkpt lat="47.51072" lon="-122.2398">
        <ele>12.7</ele>
      </trkpt>
      <trkpt lat="47.51086" lon="-122.24038">
        <ele>11.8</ele>
      </trkpt>
      <trkpt lat="47.51088" lon="-122.24047">
        <ele>11.6</ele>
      </trkpt>
      <trkpt lat="47.51091" lon="-122.24062">
        <ele>11.6</ele>
      </trkpt>
      <trkpt lat="47.51094" lon="-122.24073">
        <ele>11.3</ele>
      </trkpt>
      <trkpt lat="47.51096" lon="-122.24081">
        <ele>10.9</ele>
      </trkpt>
      <trkpt lat="47.51097" lon="-122.24086">
        <ele>10.7</ele>
      </trkpt>
      <trkpt lat="47.51098" lon="-122.24091">
        <ele>10.6</ele>
      </trkpt>
      <trkpt lat="47.51098" lon="-122.24097">
        <ele>10.7</ele>
      </trkpt>
      <trkpt lat="47.51099" lon="-122.24108">
        <ele>10.5</ele>
      </trkpt>
      <trkpt lat="47.511" lon="-122.24123">
        <ele>10.3</ele>
      </trkpt>
      <trkpt lat="47.511" lon="-122.2415">
        <ele>11.5</ele>
      </trkpt>
      <trkpt lat="47.51102" lon="-122.24377">
        <ele>18.2</ele>
      </trkpt>
      <trkpt lat="47.51104" lon="-122.24659">
        <ele>11.4</ele>
      </trkpt>
      <trkpt lat="47.51104" lon="-122.24681">
        <ele>11.4</ele>
      </trkpt>
      <trkpt lat="47.51104" lon="-122.2469">
        <ele>11.5</ele>
      </trkpt>
      <trkpt lat="47.51104" lon="-122.247">
        <ele>11.6</ele>
      </trkpt>
      <trkpt lat="47.51105" lon="-122.24708">
        <ele>11.6</ele>
      </trkpt>
      <trkpt lat="47.51106" lon="-122.24717">
        <ele>11.7</ele>
      </trkpt>
      <trkpt lat="47.511069" lon="-122.24726">
        <ele>11.6</ele>
      </trkpt>
      <trkpt lat="47.5111" lon="-122.24738">
        <ele>11.5</ele>
      </trkpt>
      <trkpt lat="47.51112" lon="-122.24748">
        <ele>11.4</ele>
      </trkpt>
      <trkpt lat="47.511159" lon="-122.24758">
        <ele>11.3</ele>
      </trkpt>
      <trkpt lat="47.5112" lon="-122.24771">
        <ele>11.4</ele>
      </trkpt>
      <trkpt lat="47.51124" lon="-122.24781">
        <ele>11.3</ele>
      </trkpt>
      <trkpt lat="47.51131" lon="-122.24794">
        <ele>11.3</ele>
      </trkpt>
      <trkpt lat="47.51133" lon="-122.24799">
        <ele>11.3</ele>
      </trkpt>
      <trkpt lat="47.51136" lon="-122.24804">
        <ele>11.3</ele>
      </trkpt>
      <trkpt lat="47.5114" lon="-122.24811">
        <ele>11.3</ele>
      </trkpt>
      <trkpt lat="47.51144" lon="-122.24815">
        <ele>11.3</ele>
      </trkpt>
      <trkpt lat="47.51157" lon="-122.24835">
        <ele>11.4</ele>
      </trkpt>
      <trkpt lat="47.5117" lon="-122.24851">
        <ele>11.2</ele>
      </trkpt>
      <trkpt lat="47.51187" lon="-122.24871">
        <ele>11.1</ele>
      </trkpt>
      <trkpt lat="47.51218" lon="-122.24912">
        <ele>10.7</ele>
      </trkpt>
      <trkpt lat="47.51261" lon="-122.24969">
        <ele>8.5</ele>
      </trkpt>
      <trkpt lat="47.51296" lon="-122.25014">
        <ele>9.3</ele>
      </trkpt>
      <trkpt lat="47.51324" lon="-122.2505">
        <ele>9.2</ele>
      </trkpt>
      <trkpt lat="47.51338" lon="-122.25069">
        <ele>9.8</ele>
      </trkpt>
      <trkpt lat="47.51354" lon="-122.2509">
        <ele>9.0</ele>
      </trkpt>
      <trkpt lat="47.51367" lon="-122.25106">
        <ele>8.3</ele>
      </trkpt>
      <trkpt lat="47.51382" lon="-122.25125">
        <ele>8.6</ele>
      </trkpt>
      <trkpt lat="47.51385" lon="-122.2513">
        <ele>8.6</ele>
      </trkpt>
      <trkpt lat="47.51389" lon="-122.25135">
        <ele>8.7</ele>
      </trkpt>
      <trkpt lat="47.5139" lon="-122.25137">
        <ele>8.6</ele>
      </trkpt>
      <trkpt lat="47.51417" lon="-122.25171">
        <ele>8.9</ele>
      </trkpt>
      <trkpt lat="47.51446" lon="-122.25208">
        <ele>9.4</ele>
      </trkpt>
      <trkpt lat="47.51468" lon="-122.25238">
        <ele>10.0</ele>
      </trkpt>
      <trkpt lat="47.51495" lon="-122.25272">
        <ele>10.5</ele>
      </trkpt>
      <trkpt lat="47.5153" lon="-122.25318">
        <ele>10.7</ele>
      </trkpt>
      <trkpt lat="47.51535" lon="-122.25325">
        <ele>10.7</ele>
      </trkpt>
      <trkpt lat="47.51542" lon="-122.25335">
        <ele>10.7</ele>
      </trkpt>
      <trkpt lat="47.51546" lon="-122.25339">
        <ele>10.4</ele>
      </trkpt>
      <trkpt lat="47.5155" lon="-122.25345">
        <ele>10.5</ele>
      </trkpt>
      <trkpt lat="47.51556" lon="-122.25352">
        <ele>10.3</ele>
      </trkpt>
      <trkpt lat="47.5156" lon="-122.25358">
        <ele>10.3</ele>
      </trkpt>
      <trkpt lat="47.51588" lon="-122.25393">
        <ele>10.4</ele>
      </trkpt>
      <trkpt lat="47.51592" lon="-122.25398">
        <ele>10.5</ele>
      </trkpt>
      <trkpt lat="47.51596" lon="-122.25403">
        <ele>10.6</ele>
      </trkpt>
      <trkpt lat="47.51602" lon="-122.25411">
        <ele>10.9</ele>
      </trkpt>
      <trkpt lat="47.516039" lon="-122.25413">
        <ele>10.9</ele>
      </trkpt>
      <trkpt lat="47.5161" lon="-122.25418">
        <ele>11.0</ele>
      </trkpt>
      <trkpt lat="47.51612" lon="-122.2542">
        <ele>11.1</ele>
      </trkpt>
      <trkpt lat="47.516129" lon="-122.25422">
        <ele>11.3</ele>
      </trkpt>
      <trkpt lat="47.51616" lon="-122.25423">
        <ele>11.1</ele>
      </trkpt>
      <trkpt lat="47.51618" lon="-122.25425">
        <ele>11.2</ele>
      </trkpt>
      <trkpt lat="47.51621" lon="-122.25428">
        <ele>11.4</ele>
      </trkpt>
      <trkpt lat="47.51624" lon="-122.25429">
        <ele>11.1</ele>
      </trkpt>
      <trkpt lat="47.51631" lon="-122.25434">
        <ele>11.6</ele>
      </trkpt>
      <trkpt lat="47.51636" lon="-122.25436">
        <ele>11.6</ele>
      </trkpt>
      <trkpt lat="47.5164" lon="-122.25439">
        <ele>11.7</ele>
      </trkpt>
      <trkpt lat="47.51644" lon="-122.25441">
        <ele>11.4</ele>
      </trkpt>
      <trkpt lat="47.51648" lon="-122.25443">
        <ele>11.3</ele>
      </trkpt>
      <trkpt lat="47.51674" lon="-122.25456">
        <ele>11.5</ele>
      </trkpt>
      <trkpt lat="47.5169" lon="-122.25465">
        <ele>12.1</ele>
      </trkpt>
      <trkpt lat="47.51713" lon="-122.25476">
        <ele>12.0</ele>
      </trkpt>
      <trkpt lat="47.51733" lon="-122.25486">
        <ele>11.4</ele>
      </trkpt>
      <trkpt lat="47.51741" lon="-122.2549">
        <ele>10.9</ele>
      </trkpt>
      <trkpt lat="47.517449" lon="-122.25493">
        <ele>10.7</ele>
      </trkpt>
      <trkpt lat="47.51748" lon="-122.25495">
        <ele>10.6</ele>
      </trkpt>
      <trkpt lat="47.51753" lon="-122.25498">
        <ele>10.2</ele>
      </trkpt>
      <trkpt lat="47.51761" lon="-122.25505">
        <ele>9.9</ele>
      </trkpt>
      <trkpt lat="47.51765" lon="-122.25508">
        <ele>9.7</ele>
      </trkpt>
      <trkpt lat="47.51767" lon="-122.25512">
        <ele>10.1</ele>
      </trkpt>
      <trkpt lat="47.51771" lon="-122.25516">
        <ele>10.1</ele>
      </trkpt>
      <trkpt lat="47.51774" lon="-122.2552">
        <ele>10.2</ele>
      </trkpt>
      <trkpt lat="47.5183" lon="-122.256">
        <ele>11.0</ele>
      </trkpt>
      <trkpt lat="47.51852" lon="-122.2563">
        <ele>10.9</ele>
      </trkpt>
      <trkpt lat="47.51875" lon="-122.25662">
        <ele>10.4</ele>
      </trkpt>
      <trkpt lat="47.51894" lon="-122.25689">
        <ele>10.7</ele>
      </trkpt>
      <trkpt lat="47.51918" lon="-122.25722">
        <ele>10.2</ele>
      </trkpt>
      <trkpt lat="47.51932" lon="-122.25743">
        <ele>9.4</ele>
      </trkpt>
      <trkpt lat="47.51945" lon="-122.25764">
        <ele>8.4</ele>
      </trkpt>
      <trkpt lat="47.51955" lon="-122.25785">
        <ele>8.4</ele>
      </trkpt>
      <trkpt lat="47.51987" lon="-122.25864">
        <ele>9.5</ele>
      </trkpt>
      <trkpt lat="47.52006" lon="-122.25912">
        <ele>9.5</ele>
      </trkpt>
      <trkpt lat="47.52011" lon="-122.25927">
        <ele>9.5</ele>
      </trkpt>
      <trkpt lat="47.52017" lon="-122.25946">
        <ele>9.4</ele>
      </trkpt>
      <trkpt lat="47.52021" lon="-122.2596">
        <ele>9.6</ele>
      </trkpt>
      <trkpt lat="47.52025" lon="-122.25984">
        <ele>10.2</ele>
      </trkpt>
      <trkpt lat="47.52028" lon="-122.26003">
        <ele>10.5</ele>
      </trkpt>
      <trkpt lat="47.5203" lon="-122.2602">
        <ele>11.2</ele>
      </trkpt>
      <trkpt lat="47.52031" lon="-122.26044">
        <ele>12.0</ele>
      </trkpt>
      <trkpt lat="47.52032" lon="-122.26058">
        <ele>11.9</ele>
      </trkpt>
      <trkpt lat="47.52032" lon="-122.26072">
        <ele>11.4</ele>
      </trkpt>
      <trkpt lat="47.52032" lon="-122.26079">
        <ele>11.0</ele>
      </trkpt>
      <trkpt lat="47.52032" lon="-122.2609">
        <ele>10.6</ele>
      </trkpt>
      <trkpt lat="47.52031" lon="-122.26103">
        <ele>10.5</ele>
      </trkpt>
      <trkpt lat="47.52031" lon="-122.26112">
        <ele>10.5</ele>
      </trkpt>
      <trkpt lat="47.5203" lon="-122.26122">
        <ele>10.6</ele>
      </trkpt>
      <trkpt lat="47.52028" lon="-122.26147">
        <ele>11.0</ele>
      </trkpt>
      <trkpt lat="47.52028" lon="-122.26148">
        <ele>11.0</ele>
      </trkpt>
      <trkpt lat="47.52026" lon="-122.26159">
        <ele>11.1</ele>
      </trkpt>
      <trkpt lat="47.5202" lon="-122.26213">
        <ele>11.3</ele>
      </trkpt>
      <trkpt lat="47.52019" lon="-122.26221">
        <ele>10.9</ele>
      </trkpt>
      <trkpt lat="47.52015" lon="-122.26249">
        <ele>9.6</ele>
      </trkpt>
      <trkpt lat="47.52014" lon="-122.26261">
        <ele>9.5</ele>
      </trkpt>
      <trkpt lat="47.52014" lon="-122.26261">
        <ele>9.5</ele>
      </trkpt>
      <trkpt lat="47.52014" lon="-122.26261">
        <ele>9.5</ele>
      </trkpt>
      <trkpt lat="47.52022" lon="-122.26265">
        <ele>9.1</ele>
      </trkpt>
      <trkpt lat="47.52026" lon="-122.26266">
        <ele>8.9</ele>
      </trkpt>
      <trkpt lat="47.52029" lon="-122.26268">
        <ele>8.6</ele>
      </trkpt>
      <trkpt lat="47.52033" lon="-122.2627">
        <ele>8.2</ele>
      </trkpt>
      <trkpt lat="47.520359" lon="-122.26273">
        <ele>8.0</ele>
      </trkpt>
      <trkpt lat="47.5204" lon="-122.26277">
        <ele>7.7</ele>
      </trkpt>
      <trkpt lat="47.52043" lon="-122.26287">
        <ele>7.7</ele>
      </trkpt>
      <trkpt lat="47.52059" lon="-122.2631">
        <ele>7.3</ele>
      </trkpt>
      <trkpt lat="47.52079" lon="-122.26336">
        <ele>7.2</ele>
      </trkpt>
      <trkpt lat="47.52119" lon="-122.26387">
        <ele>7.0</ele>
      </trkpt>
      <trkpt lat="47.52125" lon="-122.26394">
        <ele>7.1</ele>
      </trkpt>
      <trkpt lat="47.52137" lon="-122.26407">
        <ele>7.1</ele>
      </trkpt>
      <trkpt lat="47.52143" lon="-122.26413">
        <ele>7.1</ele>
      </trkpt>
      <trkpt lat="47.52154" lon="-122.26421">
        <ele>7.1</ele>
      </trkpt>
      <trkpt lat="47.52162" lon="-122.26426">
        <ele>7.1</ele>
      </trkpt>
      <trkpt lat="47.52171" lon="-122.26432">
        <ele>7.1</ele>
      </trkpt>
      <trkpt lat="47.52178" lon="-122.26436">
        <ele>7.1</ele>
      </trkpt>
      <trkpt lat="47.52183" lon="-122.26438">
        <ele>7.1</ele>
      </trkpt>
      <trkpt lat="47.52188" lon="-122.2644">
        <ele>7.1</ele>
      </trkpt>
      <trkpt lat="47.521949" lon="-122.26443">
        <ele>7.1</ele>
      </trkpt>
      <trkpt lat="47.52203" lon="-122.26446">
        <ele>7.0</ele>
      </trkpt>
      <trkpt lat="47.52213" lon="-122.26448">
        <ele>6.9</ele>
      </trkpt>
      <trkpt lat="47.52221" lon="-122.26449">
        <ele>6.9</ele>
      </trkpt>
      <trkpt lat="47.52237" lon="-122.2645">
        <ele>6.7</ele>
      </trkpt>
      <trkpt lat="47.5225" lon="-122.26451">
        <ele>6.5</ele>
      </trkpt>
      <trkpt lat="47.52256" lon="-122.26452">
        <ele>6.5</ele>
      </trkpt>
      <trkpt lat="47.52273" lon="-122.26453">
        <ele>6.4</ele>
      </trkpt>
      <trkpt lat="47.52305" lon="-122.26455">
        <ele>6.5</ele>
      </trkpt>
      <trkpt lat="47.52329" lon="-122.26458">
        <ele>7.0</ele>
      </trkpt>
      <trkpt lat="47.5245" lon="-122.26465">
        <ele>9.7</ele>
      </trkpt>
      <trkpt lat="47.52467" lon="-122.26467">
        <ele>10.0</ele>
      </trkpt>
      <trkpt lat="47.52505" lon="-122.2647">
        <ele>10.6</ele>
      </trkpt>
      <trkpt lat="47.52548" lon="-122.26474">
        <ele>12.4</ele>
      </trkpt>
      <trkpt lat="47.52552" lon="-122.26474">
        <ele>12.7</ele>
      </trkpt>
      <trkpt lat="47.52567" lon="-122.26475">
        <ele>14.0</ele>
      </trkpt>
      <trkpt lat="47.52582" lon="-122.26478">
        <ele>15.1</ele>
      </trkpt>
      <trkpt lat="47.52609" lon="-122.26481">
        <ele>15.6</ele>
      </trkpt>
      <trkpt lat="47.526359" lon="-122.26485">
        <ele>15.6</ele>
      </trkpt>
      <trkpt lat="47.52653" lon="-122.26488">
        <ele>15.7</ele>
      </trkpt>
      <trkpt lat="47.52659" lon="-122.26489">
        <ele>15.8</ele>
      </trkpt>
      <trkpt lat="47.52666" lon="-122.26491">
        <ele>15.9</ele>
      </trkpt>
      <trkpt lat="47.52677" lon="-122.26494">
        <ele>16.2</ele>
      </trkpt>
      <trkpt lat="47.52689" lon="-122.26502">
        <ele>16.5</ele>
      </trkpt>
      <trkpt lat="47.52771" lon="-122.26609">
        <ele>18.1</ele>
      </trkpt>
      <trkpt lat="47.52776" lon="-122.26616">
        <ele>17.9</ele>
      </trkpt>
      <trkpt lat="47.5278" lon="-122.26621">
        <ele>17.8</ele>
      </trkpt>
      <trkpt lat="47.52785" lon="-122.26625">
        <ele>17.7</ele>
      </trkpt>
      <trkpt lat="47.52788" lon="-122.26627">
        <ele>17.6</ele>
      </trkpt>
      <trkpt lat="47.52792" lon="-122.2663">
        <ele>17.5</ele>
      </trkpt>
      <trkpt lat="47.52795" lon="-122.26631">
        <ele>17.4</ele>
      </trkpt>
      <trkpt lat="47.52799" lon="-122.26633">
        <ele>17.3</ele>
      </trkpt>
      <trkpt lat="47.52801" lon="-122.26634">
        <ele>17.2</ele>
      </trkpt>
      <trkpt lat="47.52803" lon="-122.26634">
        <ele>17.2</ele>
      </trkpt>
      <trkpt lat="47.52806" lon="-122.26635">
        <ele>17.2</ele>
      </trkpt>
      <trkpt lat="47.52809" lon="-122.26635">
        <ele>17.3</ele>
      </trkpt>
      <trkpt lat="47.52814" lon="-122.26636">
        <ele>17.4</ele>
      </trkpt>
      <trkpt lat="47.528239" lon="-122.26636">
        <ele>17.7</ele>
      </trkpt>
      <trkpt lat="47.52829" lon="-122.26636">
        <ele>18.0</ele>
      </trkpt>
      <trkpt lat="47.52844" lon="-122.26636">
        <ele>18.7</ele>
      </trkpt>
      <trkpt lat="47.52848" lon="-122.26635">
        <ele>18.8</ele>
      </trkpt>
      <trkpt lat="47.5285" lon="-122.26634">
        <ele>19.0</ele>
      </trkpt>
      <trkpt lat="47.52856" lon="-122.26633">
        <ele>19.2</ele>
      </trkpt>
      <trkpt lat="47.52891" lon="-122.26633">
        <ele>20.4</ele>
      </trkpt>
      <trkpt lat="47.52942" lon="-122.26634">
        <ele>22.5</ele>
      </trkpt>
      <trkpt lat="47.52952" lon="-122.26633">
        <ele>23.0</ele>
      </trkpt>
      <trkpt lat="47.52981" lon="-122.26633">
        <ele>24.4</ele>
      </trkpt>
      <trkpt lat="47.53056" lon="-122.26633">
        <ele>26.0</ele>
      </trkpt>
      <trkpt lat="47.53094" lon="-122.26633">
        <ele>27.1</ele>
      </trkpt>
      <trkpt lat="47.53105" lon="-122.26633">
        <ele>27.3</ele>
      </trkpt>
      <trkpt lat="47.53114" lon="-122.26633">
        <ele>27.4</ele>
      </trkpt>
      <trkpt lat="47.53119" lon="-122.26633">
        <ele>27.5</ele>
      </trkpt>
      <trkpt lat="47.531239" lon="-122.26634">
        <ele>27.6</ele>
      </trkpt>
      <trkpt lat="47.53128" lon="-122.26634">
        <ele>27.6</ele>
      </trkpt>
      <trkpt lat="47.5314" lon="-122.26635">
        <ele>27.8</ele>
      </trkpt>
      <trkpt lat="47.53149" lon="-122.26637">
        <ele>28.1</ele>
      </trkpt>
      <trkpt lat="47.53158" lon="-122.26638">
        <ele>28.4</ele>
      </trkpt>
      <trkpt lat="47.53166" lon="-122.2664">
        <ele>28.7</ele>
      </trkpt>
      <trkpt lat="47.53299" lon="-122.26673">
        <ele>31.1</ele>
      </trkpt>
      <trkpt lat="47.53349" lon="-122.26686">
        <ele>31.7</ele>
      </trkpt>
      <trkpt lat="47.53393" lon="-122.26697">
        <ele>33.0</ele>
      </trkpt>
      <trkpt lat="47.53417" lon="-122.26703">
        <ele>34.1</ele>
      </trkpt>
      <trkpt lat="47.53447" lon="-122.2671">
        <ele>34.9</ele>
      </trkpt>
      <trkpt lat="47.53455" lon="-122.26712">
        <ele>35.1</ele>
      </trkpt>
      <trkpt lat="47.53466" lon="-122.26715">
        <ele>35.2</ele>
      </trkpt>
      <trkpt lat="47.53477" lon="-122.26718">
        <ele>35.3</ele>
      </trkpt>
      <trkpt lat="47.53498" lon="-122.26722">
        <ele>35.3</ele>
      </trkpt>
      <trkpt lat="47.53519" lon="-122.26726">
        <ele>35.4</ele>
      </trkpt>
      <trkpt lat="47.535469" lon="-122.26728">
        <ele>35.8</ele>
      </trkpt>
      <trkpt lat="47.53698" lon="-122.26728">
        <ele>33.7</ele>
      </trkpt>
      <trkpt lat="47.53775" lon="-122.26726">
        <ele>36.4</ele>
      </trkpt>
      <trkpt lat="47.53781" lon="-122.26727">
        <ele>36.7</ele>
      </trkpt>
      <trkpt lat="47.537909" lon="-122.26726">
        <ele>37.3</ele>
      </trkpt>
      <trkpt lat="47.53794" lon="-122.26726">
        <ele>37.6</ele>
      </trkpt>
      <trkpt lat="47.53826" lon="-122.26727">
        <ele>39.4</ele>
      </trkpt>
      <trkpt lat="47.538559" lon="-122.26726">
        <ele>41.0</ele>
      </trkpt>
      <trkpt lat="47.53889" lon="-122.26722">
        <ele>43.3</ele>
      </trkpt>
      <trkpt lat="47.53933" lon="-122.26709">
        <ele>45.3</ele>
      </trkpt>
      <trkpt lat="47.53981" lon="-122.26687">
        <ele>50.1</ele>
      </trkpt>
      <trkpt lat="47.54001" lon="-122.26673">
        <ele>51.6</ele>
      </trkpt>
      <trkpt lat="47.5402" lon="-122.26656">
        <ele>52.3</ele>
      </trkpt>
      <trkpt lat="47.5403" lon="-122.26646">
        <ele>52.5</ele>
      </trkpt>
      <trkpt lat="47.5404" lon="-122.26636">
        <ele>52.9</ele>
      </trkpt>
      <trkpt lat="47.54056" lon="-122.26618">
        <ele>53.6</ele>
      </trkpt>
      <trkpt lat="47.54068" lon="-122.26604">
        <ele>53.9</ele>
      </trkpt>
      <trkpt lat="47.54158" lon="-122.26504">
        <ele>53.4</ele>
      </trkpt>
      <trkpt lat="47.54221" lon="-122.26463">
        <ele>52.9</ele>
      </trkpt>
      <trkpt lat="47.54246" lon="-122.26456">
        <ele>53.2</ele>
      </trkpt>
      <trkpt lat="47.54338" lon="-122.26435">
        <ele>53.4</ele>
      </trkpt>
      <trkpt lat="47.54427" lon="-122.26414">
        <ele>53.8</ele>
      </trkpt>
      <trkpt lat="47.54454" lon="-122.26409">
        <ele>54.1</ele>
      </trkpt>
      <trkpt lat="47.54454" lon="-122.26409">
        <ele>54.1</ele>
      </trkpt>
      <trkpt lat="47.54454" lon="-122.26409">
        <ele>54.1</ele>
      </trkpt>
      <trkpt lat="47.54457" lon="-122.26393">
        <ele>53.0</ele>
      </trkpt>
      <trkpt lat="47.54459" lon="-122.26389">
        <ele>52.7</ele>
      </trkpt>
      <trkpt lat="47.54461" lon="-122.26385">
        <ele>52.5</ele>
      </trkpt>
      <trkpt lat="47.54462" lon="-122.26383">
        <ele>52.4</ele>
      </trkpt>
      <trkpt lat="47.54464" lon="-122.26381">
        <ele>52.3</ele>
      </trkpt>
      <trkpt lat="47.54516" lon="-122.26335">
        <ele>47.6</ele>
      </trkpt>
      <trkpt lat="47.54526" lon="-122.26326">
        <ele>46.1</ele>
      </trkpt>
      <trkpt lat="47.54538" lon="-122.26316">
        <ele>45.2</ele>
      </trkpt>
      <trkpt lat="47.54551" lon="-122.26302">
        <ele>44.2</ele>
      </trkpt>
      <trkpt lat="47.54559" lon="-122.26292">
        <ele>43.5</ele>
      </trkpt>
      <trkpt lat="47.54569" lon="-122.2628">
        <ele>42.4</ele>
      </trkpt>
      <trkpt lat="47.54571" lon="-122.26278">
        <ele>42.1</ele>
      </trkpt>
      <trkpt lat="47.54595" lon="-122.26252">
        <ele>40.7</ele>
      </trkpt>
      <trkpt lat="47.54653" lon="-122.26179">
        <ele>37.1</ele>
      </trkpt>
      <trkpt lat="47.54669" lon="-122.26159">
        <ele>35.3</ele>
      </trkpt>
      <trkpt lat="47.54848" lon="-122.25945">
        <ele>25.1</ele>
      </trkpt>
      <trkpt lat="47.54865" lon="-122.25926">
        <ele>24.3</ele>
      </trkpt>
      <trkpt lat="47.54882" lon="-122.25913">
        <ele>23.5</ele>
      </trkpt>
      <trkpt lat="47.54891" lon="-122.25907">
        <ele>22.8</ele>
      </trkpt>
      <trkpt lat="47.54905" lon="-122.25899">
        <ele>21.4</ele>
      </trkpt>
      <trkpt lat="47.54914" lon="-122.25894">
        <ele>20.7</ele>
      </trkpt>
      <trkpt lat="47.549259" lon="-122.2589">
        <ele>20.5</ele>
      </trkpt>
      <trkpt lat="47.54939" lon="-122.25885">
        <ele>20.2</ele>
      </trkpt>
      <trkpt lat="47.54953" lon="-122.25882">
        <ele>19.9</ele>
      </trkpt>
      <trkpt lat="47.54965" lon="-122.25881">
        <ele>19.8</ele>
      </trkpt>
      <trkpt lat="47.54965" lon="-122.25881">
        <ele>19.8</ele>
      </trkpt>
      <trkpt lat="47.54965" lon="-122.25881">
        <ele>19.8</ele>
      </trkpt>
      <trkpt lat="47.54965" lon="-122.25868">
        <ele>18.7</ele>
      </trkpt>
      <trkpt lat="47.549639" lon="-122.25822">
        <ele>15.8</ele>
      </trkpt>
      <trkpt lat="47.549635" lon="-122.257888">
        <ele>12.1</ele>
      </trkpt>
      <trkpt lat="47.54963" lon="-122.25789">
        <ele>12.1</ele>
      </trkpt>
      <trkpt lat="47.54963" lon="-122.25759">
        <ele>10.1</ele>
      </trkpt>
      <trkpt lat="47.54963" lon="-122.25759">
        <ele>10.1</ele>
      </trkpt>
      <trkpt lat="47.5495" lon="-122.25755">
        <ele>10.1</ele>
      </trkpt>
      <trkpt lat="47.5495" lon="-122.25755">
        <ele>10.1</ele>
      </trkpt>
      <trkpt lat="47.54945" lon="-122.25728">
        <ele>9.0</ele>
      </trkpt>
      <trkpt lat="47.54944" lon="-122.25715">
        <ele>8.5</ele>
      </trkpt>
      <trkpt lat="47.54943" lon="-122.25709">
        <ele>8.3</ele>
      </trkpt>
      <trkpt lat="47.54943" lon="-122.25698">
        <ele>8.0</ele>
      </trkpt>
      <trkpt lat="47.54943" lon="-122.25693">
        <ele>7.9</ele>
      </trkpt>
      <trkpt lat="47.54944" lon="-122.25687">
        <ele>7.9</ele>
      </trkpt>
      <trkpt lat="47.54945" lon="-122.25682">
        <ele>7.8</ele>
      </trkpt>
      <trkpt lat="47.54946" lon="-122.25677">
        <ele>7.9</ele>
      </trkpt>
      <trkpt lat="47.54948" lon="-122.25672">
        <ele>8.0</ele>
      </trkpt>
      <trkpt lat="47.54949" lon="-122.25669">
        <ele>8.1</ele>
      </trkpt>
      <trkpt lat="47.54951" lon="-122.25665">
        <ele>8.3</ele>
      </trkpt>
      <trkpt lat="47.54953" lon="-122.25663">
        <ele>8.4</ele>
      </trkpt>
      <trkpt lat="47.54955" lon="-122.2566">
        <ele>8.7</ele>
      </trkpt>
      <trkpt lat="47.54956" lon="-122.25659">
        <ele>8.7</ele>
      </trkpt>
      <trkpt lat="47.54958" lon="-122.25658">
        <ele>8.9</ele>
      </trkpt>
      <trkpt lat="47.5496" lon="-122.25657">
        <ele>9.0</ele>
      </trkpt>
      <trkpt lat="47.54962" lon="-122.25657">
        <ele>9.1</ele>
      </trkpt>
      <trkpt lat="47.54965" lon="-122.25657">
        <ele>9.2</ele>
      </trkpt>
      <trkpt lat="47.54971" lon="-122.25657">
        <ele>9.3</ele>
      </trkpt>
      <trkpt lat="47.54971" lon="-122.25657">
        <ele>9.3</ele>
      </trkpt>
      <trkpt lat="47.54974" lon="-122.25664">
        <ele>8.9</ele>
      </trkpt>
      <trkpt lat="47.54976" lon="-122.2567">
        <ele>8.6</ele>
      </trkpt>
      <trkpt lat="47.54979" lon="-122.25677">
        <ele>8.3</ele>
      </trkpt>
      <trkpt lat="47.5498" lon="-122.25681">
        <ele>8.2</ele>
      </trkpt>
      <trkpt lat="47.54983" lon="-122.25689">
        <ele>8.0</ele>
      </trkpt>
      <trkpt lat="47.54984" lon="-122.25699">
        <ele>7.9</ele>
      </trkpt>
      <trkpt lat="47.54984" lon="-122.25702">
        <ele>8.0</ele>
      </trkpt>
      <trkpt lat="47.54984" lon="-122.25707">
        <ele>8.0</ele>
      </trkpt>
      <trkpt lat="47.54984" lon="-122.2571">
        <ele>8.0</ele>
      </trkpt>
      <trkpt lat="47.54984" lon="-122.25716">
        <ele>8.1</ele>
      </trkpt>
      <trkpt lat="47.54983" lon="-122.25725">
        <ele>8.3</ele>
      </trkpt>
      <trkpt lat="47.549819" lon="-122.2573">
        <ele>8.3</ele>
      </trkpt>
      <trkpt lat="47.54974" lon="-122.25762">
        <ele>10.0</ele>
      </trkpt>
      <trkpt lat="47.54974" lon="-122.25762">
        <ele>10.0</ele>
      </trkpt>
      <trkpt lat="47.55007" lon="-122.25779">
        <ele>9.8</ele>
      </trkpt>
      <trkpt lat="47.55037" lon="-122.25796">
        <ele>10.0</ele>
      </trkpt>
      <trkpt lat="47.55042" lon="-122.25798">
        <ele>9.8</ele>
      </trkpt>
      <trkpt lat="47.55042" lon="-122.25799">
        <ele>9.9</ele>
      </trkpt>
      <trkpt lat="47.55042" lon="-122.25798">
        <ele>9.8</ele>
      </trkpt>
      <trkpt lat="47.55052" lon="-122.25804">
        <ele>9.7</ele>
      </trkpt>
      <trkpt lat="47.5506" lon="-122.25809">
        <ele>9.5</ele>
      </trkpt>
      <trkpt lat="47.55064" lon="-122.25811">
        <ele>9.3</ele>
      </trkpt>
      <trkpt lat="47.55069" lon="-122.25815">
        <ele>9.0</ele>
      </trkpt>
      <trkpt lat="47.55073" lon="-122.25818">
        <ele>8.7</ele>
      </trkpt>
      <trkpt lat="47.550759" lon="-122.25822">
        <ele>8.5</ele>
      </trkpt>
      <trkpt lat="47.5508" lon="-122.25828">
        <ele>8.3</ele>
      </trkpt>
      <trkpt lat="47.55083" lon="-122.25833">
        <ele>8.0</ele>
      </trkpt>
      <trkpt lat="47.55086" lon="-122.25838">
        <ele>7.7</ele>
      </trkpt>
      <trkpt lat="47.55089" lon="-122.25843">
        <ele>7.5</ele>
      </trkpt>
      <trkpt lat="47.55091" lon="-122.25848">
        <ele>7.4</ele>
      </trkpt>
      <trkpt lat="47.55091" lon="-122.2585">
        <ele>7.4</ele>
      </trkpt>
      <trkpt lat="47.55092" lon="-122.25853">
        <ele>7.4</ele>
      </trkpt>
      <trkpt lat="47.55093" lon="-122.25859">
        <ele>7.4</ele>
      </trkpt>
      <trkpt lat="47.55095" lon="-122.2587">
        <ele>7.4</ele>
      </trkpt>
      <trkpt lat="47.55098" lon="-122.25894">
        <ele>7.6</ele>
      </trkpt>
      <trkpt lat="47.55099" lon="-122.25905">
        <ele>7.7</ele>
      </trkpt>
      <trkpt lat="47.55101" lon="-122.25918">
        <ele>7.7</ele>
      </trkpt>
      <trkpt lat="47.55102" lon="-122.25923">
        <ele>7.7</ele>
      </trkpt>
      <trkpt lat="47.55103" lon="-122.25929">
        <ele>7.8</ele>
      </trkpt>
      <trkpt lat="47.55108" lon="-122.25947">
        <ele>7.6</ele>
      </trkpt>
      <trkpt lat="47.55112" lon="-122.25953">
        <ele>7.4</ele>
      </trkpt>
      <trkpt lat="47.55116" lon="-122.25961">
        <ele>7.2</ele>
      </trkpt>
      <trkpt lat="47.5512" lon="-122.25968">
        <ele>7.2</ele>
      </trkpt>
      <trkpt lat="47.551229" lon="-122.25972">
        <ele>7.2</ele>
      </trkpt>
      <trkpt lat="47.55128" lon="-122.25977">
        <ele>7.3</ele>
      </trkpt>
      <trkpt lat="47.55131" lon="-122.2598">
        <ele>7.3</ele>
      </trkpt>
      <trkpt lat="47.55135" lon="-122.25985">
        <ele>7.6</ele>
      </trkpt>
      <trkpt lat="47.55145" lon="-122.25992">
        <ele>8.0</ele>
      </trkpt>
      <trkpt lat="47.55193" lon="-122.26004">
        <ele>8.3</ele>
      </trkpt>
      <trkpt lat="47.55234" lon="-122.26015">
        <ele>8.2</ele>
      </trkpt>
      <trkpt lat="47.5525" lon="-122.26019">
        <ele>8.0</ele>
      </trkpt>
      <trkpt lat="47.552549" lon="-122.2602">
        <ele>7.9</ele>
      </trkpt>
      <trkpt lat="47.552639" lon="-122.26023">
        <ele>7.9</ele>
      </trkpt>
      <trkpt lat="47.55272" lon="-122.26026">
        <ele>7.9</ele>
      </trkpt>
      <trkpt lat="47.55287" lon="-122.26033">
        <ele>7.9</ele>
      </trkpt>
      <trkpt lat="47.55303" lon="-122.2604">
        <ele>7.7</ele>
      </trkpt>
      <trkpt lat="47.553289" lon="-122.26052">
        <ele>7.4</ele>
      </trkpt>
      <trkpt lat="47.553579" lon="-122.26065">
        <ele>7.4</ele>
      </trkpt>
      <trkpt lat="47.5539" lon="-122.26079">
        <ele>7.6</ele>
      </trkpt>
      <trkpt lat="47.55416" lon="-122.26091">
        <ele>7.8</ele>
      </trkpt>
      <trkpt lat="47.55439" lon="-122.26102">
        <ele>8.1</ele>
      </trkpt>
      <trkpt lat="47.55463" lon="-122.26112">
        <ele>8.1</ele>
      </trkpt>
      <trkpt lat="47.55481" lon="-122.2612">
        <ele>8.1</ele>
      </trkpt>
      <trkpt lat="47.554989" lon="-122.26129">
        <ele>8.0</ele>
      </trkpt>
      <trkpt lat="47.55515" lon="-122.26138">
        <ele>7.9</ele>
      </trkpt>
      <trkpt lat="47.5553" lon="-122.26147">
        <ele>7.8</ele>
      </trkpt>
      <trkpt lat="47.55548" lon="-122.26158">
        <ele>7.6</ele>
      </trkpt>
      <trkpt lat="47.55571" lon="-122.26172">
        <ele>7.4</ele>
      </trkpt>
      <trkpt lat="47.55591" lon="-122.26184">
        <ele>7.2</ele>
      </trkpt>
      <trkpt lat="47.55616" lon="-122.262">
        <ele>7.2</ele>
      </trkpt>
      <trkpt lat="47.5567" lon="-122.26234">
        <ele>9.1</ele>
      </trkpt>
      <trkpt lat="47.55784" lon="-122.26304">
        <ele>12.3</ele>
      </trkpt>
      <trkpt lat="47.55828" lon="-122.26331">
        <ele>11.3</ele>
      </trkpt>
      <trkpt lat="47.55853" lon="-122.26343">
        <ele>9.1</ele>
      </trkpt>
      <trkpt lat="47.55857" lon="-122.26344">
        <ele>8.5</ele>
      </trkpt>
      <trkpt lat="47.55867" lon="-122.26348">
        <ele>7.5</ele>
      </trkpt>
      <trkpt lat="47.55944" lon="-122.26379">
        <ele>6.4</ele>
      </trkpt>
      <trkpt lat="47.5596" lon="-122.26385">
        <ele>6.3</ele>
      </trkpt>
      <trkpt lat="47.55974" lon="-122.26391">
        <ele>6.3</ele>
      </trkpt>
      <trkpt lat="47.56" lon="-122.26402">
        <ele>6.2</ele>
      </trkpt>
      <trkpt lat="47.560139" lon="-122.26408">
        <ele>6.1</ele>
      </trkpt>
      <trkpt lat="47.56031" lon="-122.26418">
        <ele>6.3</ele>
      </trkpt>
      <trkpt lat="47.5605" lon="-122.26429">
        <ele>6.4</ele>
      </trkpt>
      <trkpt lat="47.56064" lon="-122.26437">
        <ele>6.4</ele>
      </trkpt>
      <trkpt lat="47.560989" lon="-122.26456">
        <ele>6.4</ele>
      </trkpt>
      <trkpt lat="47.56105" lon="-122.2646">
        <ele>6.5</ele>
      </trkpt>
      <trkpt lat="47.56105" lon="-122.2646">
        <ele>6.5</ele>
      </trkpt>
      <trkpt lat="47.561079" lon="-122.26462">
        <ele>6.5</ele>
      </trkpt>
      <trkpt lat="47.56112" lon="-122.26465">
        <ele>6.5</ele>
      </trkpt>
      <trkpt lat="47.56115" lon="-122.26467">
        <ele>6.6</ele>
      </trkpt>
      <trkpt lat="47.56117" lon="-122.26471">
        <ele>6.8</ele>
      </trkpt>
      <trkpt lat="47.56119" lon="-122.26474">
        <ele>6.8</ele>
      </trkpt>
      <trkpt lat="47.56122" lon="-122.26478">
        <ele>6.9</ele>
      </trkpt>
      <trkpt lat="47.56124" lon="-122.26482">
        <ele>7.1</ele>
      </trkpt>
      <trkpt lat="47.56126" lon="-122.26488">
        <ele>7.3</ele>
      </trkpt>
      <trkpt lat="47.561279" lon="-122.26492">
        <ele>7.3</ele>
      </trkpt>
      <trkpt lat="47.561279" lon="-122.26495">
        <ele>7.4</ele>
      </trkpt>
      <trkpt lat="47.56129" lon="-122.26497">
        <ele>7.3</ele>
      </trkpt>
      <trkpt lat="47.5613" lon="-122.26502">
        <ele>7.3</ele>
      </trkpt>
      <trkpt lat="47.56132" lon="-122.26516">
        <ele>7.0</ele>
      </trkpt>
      <trkpt lat="47.561369" lon="-122.26551">
        <ele>6.6</ele>
      </trkpt>
      <trkpt lat="47.56148" lon="-122.26637">
        <ele>6.7</ele>
      </trkpt>
      <trkpt lat="47.56153" lon="-122.26673">
        <ele>7.7</ele>
      </trkpt>
      <trkpt lat="47.561549" lon="-122.26684">
        <ele>7.8</ele>
      </trkpt>
      <trkpt lat="47.56157" lon="-122.26694">
        <ele>7.9</ele>
      </trkpt>
      <trkpt lat="47.56161" lon="-122.26706">
        <ele>7.9</ele>
      </trkpt>
      <trkpt lat="47.56164" lon="-122.26715">
        <ele>7.9</ele>
      </trkpt>
      <trkpt lat="47.56172" lon="-122.26731">
        <ele>7.8</ele>
      </trkpt>
      <trkpt lat="47.56176" lon="-122.26738">
        <ele>7.8</ele>
      </trkpt>
      <trkpt lat="47.5618" lon="-122.26744">
        <ele>7.8</ele>
      </trkpt>
      <trkpt lat="47.56185" lon="-122.2675">
        <ele>7.8</ele>
      </trkpt>
      <trkpt lat="47.561929" lon="-122.26758">
        <ele>7.9</ele>
      </trkpt>
      <trkpt lat="47.562" lon="-122.26764">
        <ele>7.9</ele>
      </trkpt>
      <trkpt lat="47.56213" lon="-122.26774">
        <ele>7.9</ele>
      </trkpt>
      <trkpt lat="47.56269" lon="-122.26809">
        <ele>6.6</ele>
      </trkpt>
      <trkpt lat="47.56275" lon="-122.26813">
        <ele>6.5</ele>
      </trkpt>
      <trkpt lat="47.56285" lon="-122.2682">
        <ele>6.4</ele>
      </trkpt>
      <trkpt lat="47.56345" lon="-122.26858">
        <ele>7.3</ele>
      </trkpt>
      <trkpt lat="47.56347" lon="-122.26859">
        <ele>7.4</ele>
      </trkpt>
      <trkpt lat="47.56367" lon="-122.26873">
        <ele>8.9</ele>
      </trkpt>
      <trkpt lat="47.56375" lon="-122.26877">
        <ele>9.2</ele>
      </trkpt>
      <trkpt lat="47.56382" lon="-122.26881">
        <ele>9.4</ele>
      </trkpt>
      <trkpt lat="47.56386" lon="-122.26882">
        <ele>9.4</ele>
      </trkpt>
      <trkpt lat="47.56391" lon="-122.26883">
        <ele>9.5</ele>
      </trkpt>
      <trkpt lat="47.56395" lon="-122.26882">
        <ele>9.5</ele>
      </trkpt>
      <trkpt lat="47.564" lon="-122.26881">
        <ele>9.6</ele>
      </trkpt>
      <trkpt lat="47.56405" lon="-122.26878">
        <ele>9.6</ele>
      </trkpt>
      <trkpt lat="47.5641" lon="-122.26875">
        <ele>9.6</ele>
      </trkpt>
      <trkpt lat="47.56414" lon="-122.26871">
        <ele>9.6</ele>
      </trkpt>
      <trkpt lat="47.56444" lon="-122.26841">
        <ele>8.8</ele>
      </trkpt>
      <trkpt lat="47.56457" lon="-122.2683">
        <ele>9.0</ele>
      </trkpt>
      <trkpt lat="47.56462" lon="-122.26825">
        <ele>9.1</ele>
      </trkpt>
      <trkpt lat="47.56468" lon="-122.26821">
        <ele>9.2</ele>
      </trkpt>
      <trkpt lat="47.56479" lon="-122.26813">
        <ele>9.2</ele>
      </trkpt>
      <trkpt lat="47.56488" lon="-122.26808">
        <ele>9.2</ele>
      </trkpt>
      <trkpt lat="47.56495" lon="-122.26804">
        <ele>9.1</ele>
      </trkpt>
      <trkpt lat="47.56503" lon="-122.26801">
        <ele>8.9</ele>
      </trkpt>
      <trkpt lat="47.56511" lon="-122.26799">
        <ele>8.7</ele>
      </trkpt>
      <trkpt lat="47.56516" lon="-122.26798">
        <ele>8.5</ele>
      </trkpt>
      <trkpt lat="47.5653" lon="-122.26795">
        <ele>7.9</ele>
      </trkpt>
      <trkpt lat="47.56543" lon="-122.26795">
        <ele>7.3</ele>
      </trkpt>
      <trkpt lat="47.56553" lon="-122.26796">
        <ele>6.8</ele>
      </trkpt>
      <trkpt lat="47.56561" lon="-122.26797">
        <ele>6.6</ele>
      </trkpt>
      <trkpt lat="47.565689" lon="-122.26798">
        <ele>6.5</ele>
      </trkpt>
      <trkpt lat="47.5658" lon="-122.26801">
        <ele>6.4</ele>
      </trkpt>
      <trkpt lat="47.56589" lon="-122.26805">
        <ele>6.4</ele>
      </trkpt>
      <trkpt lat="47.56598" lon="-122.26808">
        <ele>6.3</ele>
      </trkpt>
      <trkpt lat="47.56605" lon="-122.26812">
        <ele>6.3</ele>
      </trkpt>
      <trkpt lat="47.56617" lon="-122.26819">
        <ele>6.4</ele>
      </trkpt>
      <trkpt lat="47.56636" lon="-122.26832">
        <ele>6.3</ele>
      </trkpt>
      <trkpt lat="47.56645" lon="-122.2684">
        <ele>6.3</ele>
      </trkpt>
      <trkpt lat="47.56654" lon="-122.26848">
        <ele>6.3</ele>
      </trkpt>
      <trkpt lat="47.56662" lon="-122.26856">
        <ele>6.3</ele>
      </trkpt>
      <trkpt lat="47.56679" lon="-122.26876">
        <ele>6.5</ele>
      </trkpt>
      <trkpt lat="47.56735" lon="-122.26944">
        <ele>6.8</ele>
      </trkpt>
      <trkpt lat="47.56762" lon="-122.26975">
        <ele>6.1</ele>
      </trkpt>
      <trkpt lat="47.56764" lon="-122.26978">
        <ele>6.1</ele>
      </trkpt>
      <trkpt lat="47.56767" lon="-122.26982">
        <ele>6.1</ele>
      </trkpt>
      <trkpt lat="47.5677" lon="-122.26988">
        <ele>6.1</ele>
      </trkpt>
      <trkpt lat="47.56773" lon="-122.26994">
        <ele>6.1</ele>
      </trkpt>
      <trkpt lat="47.567749" lon="-122.26999">
        <ele>6.2</ele>
      </trkpt>
      <trkpt lat="47.56777" lon="-122.27004">
        <ele>6.1</ele>
      </trkpt>
      <trkpt lat="47.56778" lon="-122.27009">
        <ele>6.2</ele>
      </trkpt>
      <trkpt lat="47.56778" lon="-122.27014">
        <ele>6.3</ele>
      </trkpt>
      <trkpt lat="47.56779" lon="-122.27018">
        <ele>6.3</ele>
      </trkpt>
      <trkpt lat="47.56779" lon="-122.27023">
        <ele>6.3</ele>
      </trkpt>
      <trkpt lat="47.56779" lon="-122.27028">
        <ele>6.4</ele>
      </trkpt>
      <trkpt lat="47.56778" lon="-122.27033">
        <ele>6.5</ele>
      </trkpt>
      <trkpt lat="47.56778" lon="-122.27037">
        <ele>6.5</ele>
      </trkpt>
      <trkpt lat="47.56776" lon="-122.27044">
        <ele>6.7</ele>
      </trkpt>
      <trkpt lat="47.56767" lon="-122.27075">
        <ele>7.1</ele>
      </trkpt>
      <trkpt lat="47.56765" lon="-122.27083">
        <ele>7.1</ele>
      </trkpt>
      <trkpt lat="47.56765" lon="-122.27087">
        <ele>7.0</ele>
      </trkpt>
      <trkpt lat="47.56765" lon="-122.27091">
        <ele>6.9</ele>
      </trkpt>
      <trkpt lat="47.56765" lon="-122.27115">
        <ele>6.6</ele>
      </trkpt>
      <trkpt lat="47.56764" lon="-122.27145">
        <ele>6.6</ele>
      </trkpt>
      <trkpt lat="47.56765" lon="-122.27169">
        <ele>6.5</ele>
      </trkpt>
      <trkpt lat="47.56765" lon="-122.27181">
        <ele>6.7</ele>
      </trkpt>
      <trkpt lat="47.56765" lon="-122.27185">
        <ele>6.7</ele>
      </trkpt>
      <trkpt lat="47.567659" lon="-122.2719">
        <ele>6.7</ele>
      </trkpt>
      <trkpt lat="47.56768" lon="-122.272">
        <ele>6.8</ele>
      </trkpt>
      <trkpt lat="47.56771" lon="-122.2721">
        <ele>6.8</ele>
      </trkpt>
      <trkpt lat="47.56779" lon="-122.27224">
        <ele>6.8</ele>
      </trkpt>
      <trkpt lat="47.56781" lon="-122.27226">
        <ele>6.7</ele>
      </trkpt>
      <trkpt lat="47.56783" lon="-122.27229">
        <ele>6.7</ele>
      </trkpt>
      <trkpt lat="47.56798" lon="-122.27245">
        <ele>6.5</ele>
      </trkpt>
      <trkpt lat="47.56838" lon="-122.2729">
        <ele>6.1</ele>
      </trkpt>
      <trkpt lat="47.5687" lon="-122.27326">
        <ele>6.0</ele>
      </trkpt>
      <trkpt lat="47.568779" lon="-122.27334">
        <ele>6.0</ele>
      </trkpt>
      <trkpt lat="47.56881" lon="-122.27337">
        <ele>6.0</ele>
      </trkpt>
      <trkpt lat="47.5689" lon="-122.27348">
        <ele>6.0</ele>
      </trkpt>
      <trkpt lat="47.56901" lon="-122.27363">
        <ele>6.1</ele>
      </trkpt>
      <trkpt lat="47.569249" lon="-122.27394">
        <ele>6.1</ele>
      </trkpt>
      <trkpt lat="47.5693" lon="-122.27401">
        <ele>6.1</ele>
      </trkpt>
      <trkpt lat="47.569339" lon="-122.27407">
        <ele>6.0</ele>
      </trkpt>
      <trkpt lat="47.56937" lon="-122.2741">
        <ele>6.0</ele>
      </trkpt>
      <trkpt lat="47.56939" lon="-122.27414">
        <ele>6.1</ele>
      </trkpt>
      <trkpt lat="47.56942" lon="-122.27419">
        <ele>6.1</ele>
      </trkpt>
      <trkpt lat="47.56949" lon="-122.27429">
        <ele>6.1</ele>
      </trkpt>
      <trkpt lat="47.56961" lon="-122.27446">
        <ele>6.0</ele>
      </trkpt>
      <trkpt lat="47.56964" lon="-122.2745">
        <ele>6.0</ele>
      </trkpt>
      <trkpt lat="47.56967" lon="-122.27455">
        <ele>6.0</ele>
      </trkpt>
      <trkpt lat="47.5697" lon="-122.2746">
        <ele>6.0</ele>
      </trkpt>
      <trkpt lat="47.569719" lon="-122.27464">
        <ele>5.9</ele>
      </trkpt>
      <trkpt lat="47.56974" lon="-122.27468">
        <ele>6.0</ele>
      </trkpt>
      <trkpt lat="47.56976" lon="-122.27473">
        <ele>6.0</ele>
      </trkpt>
      <trkpt lat="47.56978" lon="-122.27478">
        <ele>6.1</ele>
      </trkpt>
      <trkpt lat="47.5698" lon="-122.27485">
        <ele>6.1</ele>
      </trkpt>
      <trkpt lat="47.56985" lon="-122.27502">
        <ele>6.4</ele>
      </trkpt>
      <trkpt lat="47.569899" lon="-122.27519">
        <ele>6.6</ele>
      </trkpt>
      <trkpt lat="47.56993" lon="-122.27529">
        <ele>6.8</ele>
      </trkpt>
      <trkpt lat="47.56997" lon="-122.27542">
        <ele>6.9</ele>
      </trkpt>
      <trkpt lat="47.56999" lon="-122.27551">
        <ele>7.1</ele>
      </trkpt>
      <trkpt lat="47.57" lon="-122.27558">
        <ele>7.3</ele>
      </trkpt>
      <trkpt lat="47.57002" lon="-122.27566">
        <ele>7.4</ele>
      </trkpt>
      <trkpt lat="47.57004" lon="-122.27582">
        <ele>7.8</ele>
      </trkpt>
      <trkpt lat="47.57004" lon="-122.27593">
        <ele>8.2</ele>
      </trkpt>
      <trkpt lat="47.57004" lon="-122.27613">
        <ele>8.7</ele>
      </trkpt>
      <trkpt lat="47.57002" lon="-122.27706">
        <ele>9.3</ele>
      </trkpt>
      <trkpt lat="47.57002" lon="-122.2773">
        <ele>8.6</ele>
      </trkpt>
      <trkpt lat="47.57002" lon="-122.27742">
        <ele>8.3</ele>
      </trkpt>
      <trkpt lat="47.57002" lon="-122.27768">
        <ele>7.7</ele>
      </trkpt>
      <trkpt lat="47.57002" lon="-122.278">
        <ele>7.0</ele>
      </trkpt>
      <trkpt lat="47.57002" lon="-122.27869">
        <ele>6.4</ele>
      </trkpt>
      <trkpt lat="47.57002" lon="-122.279">
        <ele>6.4</ele>
      </trkpt>
      <trkpt lat="47.57002" lon="-122.27909">
        <ele>6.4</ele>
      </trkpt>
      <trkpt lat="47.57003" lon="-122.27917">
        <ele>6.4</ele>
      </trkpt>
      <trkpt lat="47.57004" lon="-122.27925">
        <ele>6.4</ele>
      </trkpt>
      <trkpt lat="47.57006" lon="-122.27935">
        <ele>6.5</ele>
      </trkpt>
      <trkpt lat="47.570099" lon="-122.27948">
        <ele>6.5</ele>
      </trkpt>
      <trkpt lat="47.57018" lon="-122.27963">
        <ele>6.4</ele>
      </trkpt>
      <trkpt lat="47.57023" lon="-122.27969">
        <ele>6.5</ele>
      </trkpt>
      <trkpt lat="47.57027" lon="-122.27973">
        <ele>6.6</ele>
      </trkpt>
      <trkpt lat="47.57032" lon="-122.27977">
        <ele>6.5</ele>
      </trkpt>
      <trkpt lat="47.57048" lon="-122.27989">
        <ele>6.5</ele>
      </trkpt>
      <trkpt lat="47.57065" lon="-122.28">
        <ele>6.4</ele>
      </trkpt>
      <trkpt lat="47.57101" lon="-122.28023">
        <ele>6.3</ele>
      </trkpt>
      <trkpt lat="47.57135" lon="-122.28042">
        <ele>6.2</ele>
      </trkpt>
      <trkpt lat="47.57153" lon="-122.28051">
        <ele>6.2</ele>
      </trkpt>
      <trkpt lat="47.57168" lon="-122.28058">
        <ele>6.2</ele>
      </trkpt>
      <trkpt lat="47.57181" lon="-122.28063">
        <ele>6.2</ele>
      </trkpt>
      <trkpt lat="47.57192" lon="-122.28067">
        <ele>6.3</ele>
      </trkpt>
      <trkpt lat="47.57204" lon="-122.2807">
        <ele>6.4</ele>
      </trkpt>
      <trkpt lat="47.572159" lon="-122.28073">
        <ele>6.5</ele>
      </trkpt>
      <trkpt lat="47.57227" lon="-122.28075">
        <ele>6.5</ele>
      </trkpt>
      <trkpt lat="47.57241" lon="-122.28077">
        <ele>6.6</ele>
      </trkpt>
      <trkpt lat="47.57262" lon="-122.2808">
        <ele>6.8</ele>
      </trkpt>
      <trkpt lat="47.57322" lon="-122.28079">
        <ele>6.5</ele>
      </trkpt>
      <trkpt lat="47.57331" lon="-122.28079">
        <ele>6.4</ele>
      </trkpt>
      <trkpt lat="47.57344" lon="-122.28081">
        <ele>6.3</ele>
      </trkpt>
      <trkpt lat="47.5736" lon="-122.28086">
        <ele>6.4</ele>
      </trkpt>
      <trkpt lat="47.57423" lon="-122.28109">
        <ele>6.4</ele>
      </trkpt>
      <trkpt lat="47.57438" lon="-122.28117">
        <ele>6.2</ele>
      </trkpt>
      <trkpt lat="47.57442" lon="-122.2812">
        <ele>6.2</ele>
      </trkpt>
      <trkpt lat="47.57446" lon="-122.28123">
        <ele>6.3</ele>
      </trkpt>
      <trkpt lat="47.574509" lon="-122.28126">
        <ele>6.2</ele>
      </trkpt>
      <trkpt lat="47.57472" lon="-122.28145">
        <ele>6.5</ele>
      </trkpt>
      <trkpt lat="47.57493" lon="-122.28163">
        <ele>6.5</ele>
      </trkpt>
      <trkpt lat="47.57538" lon="-122.28201">
        <ele>6.6</ele>
      </trkpt>
      <trkpt lat="47.57552" lon="-122.28213">
        <ele>6.7</ele>
      </trkpt>
      <trkpt lat="47.57569" lon="-122.28226">
        <ele>6.7</ele>
      </trkpt>
      <trkpt lat="47.57588" lon="-122.28238">
        <ele>6.5</ele>
      </trkpt>
      <trkpt lat="47.57633" lon="-122.28263">
        <ele>6.6</ele>
      </trkpt>
      <trkpt lat="47.5764" lon="-122.28266">
        <ele>6.5</ele>
      </trkpt>
      <trkpt lat="47.57686" lon="-122.28288">
        <ele>6.3</ele>
      </trkpt>
      <trkpt lat="47.57701" lon="-122.28295">
        <ele>6.6</ele>
      </trkpt>
      <trkpt lat="47.57719" lon="-122.28303">
        <ele>6.5</ele>
      </trkpt>
      <trkpt lat="47.577419" lon="-122.28313">
        <ele>6.6</ele>
      </trkpt>
      <trkpt lat="47.57795" lon="-122.28336">
        <ele>6.2</ele>
      </trkpt>
      <trkpt lat="47.57817" lon="-122.28346">
        <ele>6.5</ele>
      </trkpt>
      <trkpt lat="47.57848" lon="-122.28357">
        <ele>6.1</ele>
      </trkpt>
      <trkpt lat="47.57885" lon="-122.28368">
        <ele>6.2</ele>
      </trkpt>
      <trkpt lat="47.57908" lon="-122.28376">
        <ele>6.4</ele>
      </trkpt>
      <trkpt lat="47.57913" lon="-122.28377">
        <ele>6.4</ele>
      </trkpt>
      <trkpt lat="47.57922" lon="-122.28381">
        <ele>6.5</ele>
      </trkpt>
      <trkpt lat="47.57935" lon="-122.28386">
        <ele>6.7</ele>
      </trkpt>
      <trkpt lat="47.57947" lon="-122.28392">
        <ele>6.9</ele>
      </trkpt>
      <trkpt lat="47.57959" lon="-122.28397">
        <ele>7.1</ele>
      </trkpt>
      <trkpt lat="47.57971" lon="-122.28404">
        <ele>7.2</ele>
      </trkpt>
      <trkpt lat="47.57999" lon="-122.28419">
        <ele>6.9</ele>
      </trkpt>
      <trkpt lat="47.58035" lon="-122.28441">
        <ele>7.0</ele>
      </trkpt>
      <trkpt lat="47.58072" lon="-122.28464">
        <ele>6.6</ele>
      </trkpt>
      <trkpt lat="47.58086" lon="-122.28472">
        <ele>6.4</ele>
      </trkpt>
      <trkpt lat="47.58096" lon="-122.28478">
        <ele>6.3</ele>
      </trkpt>
      <trkpt lat="47.58106" lon="-122.28486">
        <ele>6.3</ele>
      </trkpt>
      <trkpt lat="47.581159" lon="-122.28494">
        <ele>6.4</ele>
      </trkpt>
      <trkpt lat="47.58126" lon="-122.28502">
        <ele>6.4</ele>
      </trkpt>
      <trkpt lat="47.58132" lon="-122.28507">
        <ele>6.4</ele>
      </trkpt>
      <trkpt lat="47.58143" lon="-122.28518">
        <ele>6.5</ele>
      </trkpt>
      <trkpt lat="47.58149" lon="-122.28525">
        <ele>6.6</ele>
      </trkpt>
      <trkpt lat="47.58157" lon="-122.28533">
        <ele>6.5</ele>
      </trkpt>
      <trkpt lat="47.58162" lon="-122.28539">
        <ele>6.6</ele>
      </trkpt>
      <trkpt lat="47.58166" lon="-122.28544">
        <ele>6.7</ele>
      </trkpt>
      <trkpt lat="47.58169" lon="-122.28547">
        <ele>6.6</ele>
      </trkpt>
      <trkpt lat="47.58171" lon="-122.28549">
        <ele>6.7</ele>
      </trkpt>
      <trkpt lat="47.58175" lon="-122.28554">
        <ele>6.7</ele>
      </trkpt>
      <trkpt lat="47.58178" lon="-122.28557">
        <ele>6.7</ele>
      </trkpt>
      <trkpt lat="47.58182" lon="-122.28562">
        <ele>6.7</ele>
      </trkpt>
      <trkpt lat="47.58189" lon="-122.28571">
        <ele>6.7</ele>
      </trkpt>
      <trkpt lat="47.58196" lon="-122.28581">
        <ele>6.6</ele>
      </trkpt>
      <trkpt lat="47.582" lon="-122.28587">
        <ele>6.6</ele>
      </trkpt>
      <trkpt lat="47.58206" lon="-122.28596">
        <ele>6.6</ele>
      </trkpt>
      <trkpt lat="47.58212" lon="-122.28606">
        <ele>6.6</ele>
      </trkpt>
      <trkpt lat="47.58217" lon="-122.28615">
        <ele>6.7</ele>
      </trkpt>
      <trkpt lat="47.58223" lon="-122.28625">
        <ele>6.7</ele>
      </trkpt>
      <trkpt lat="47.58226" lon="-122.2863">
        <ele>6.7</ele>
      </trkpt>
      <trkpt lat="47.582389" lon="-122.28653">
        <ele>6.8</ele>
      </trkpt>
      <trkpt lat="47.58246" lon="-122.28672">
        <ele>7.1</ele>
      </trkpt>
      <trkpt lat="47.5825" lon="-122.28683">
        <ele>7.2</ele>
      </trkpt>
      <trkpt lat="47.58254" lon="-122.28693">
        <ele>7.3</ele>
      </trkpt>
      <trkpt lat="47.58259" lon="-122.28705">
        <ele>7.3</ele>
      </trkpt>
      <trkpt lat="47.58262" lon="-122.28714">
        <ele>7.4</ele>
      </trkpt>
      <trkpt lat="47.58267" lon="-122.28722">
        <ele>7.2</ele>
      </trkpt>
      <trkpt lat="47.5827" lon="-122.28728">
        <ele>7.2</ele>
      </trkpt>
      <trkpt lat="47.58274" lon="-122.28734">
        <ele>7.1</ele>
      </trkpt>
      <trkpt lat="47.5828" lon="-122.28744">
        <ele>6.9</ele>
      </trkpt>
      <trkpt lat="47.582859" lon="-122.28752">
        <ele>6.9</ele>
      </trkpt>
      <trkpt lat="47.58296" lon="-122.28766">
        <ele>7.1</ele>
      </trkpt>
      <trkpt lat="47.583039" lon="-122.28775">
        <ele>7.4</ele>
      </trkpt>
      <trkpt lat="47.58307" lon="-122.28777">
        <ele>7.5</ele>
      </trkpt>
      <trkpt lat="47.5831" lon="-122.2878">
        <ele>7.6</ele>
      </trkpt>
      <trkpt lat="47.58313" lon="-122.28782">
        <ele>7.7</ele>
      </trkpt>
      <trkpt lat="47.58316" lon="-122.28784">
        <ele>7.8</ele>
      </trkpt>
      <trkpt lat="47.58319" lon="-122.28785">
        <ele>7.7</ele>
      </trkpt>
      <trkpt lat="47.58322" lon="-122.28786">
        <ele>7.7</ele>
      </trkpt>
      <trkpt lat="47.58325" lon="-122.28788">
        <ele>7.8</ele>
      </trkpt>
      <trkpt lat="47.58329" lon="-122.28788">
        <ele>7.6</ele>
      </trkpt>
      <trkpt lat="47.58334" lon="-122.28789">
        <ele>7.4</ele>
      </trkpt>
      <trkpt lat="47.58339" lon="-122.28789">
        <ele>7.3</ele>
      </trkpt>
      <trkpt lat="47.58347" lon="-122.28789">
        <ele>7.2</ele>
      </trkpt>
      <trkpt lat="47.583599" lon="-122.28789">
        <ele>7.1</ele>
      </trkpt>
      <trkpt lat="47.58367" lon="-122.28789">
        <ele>7.1</ele>
      </trkpt>
      <trkpt lat="47.58374" lon="-122.28789">
        <ele>7.1</ele>
      </trkpt>
      <trkpt lat="47.58399" lon="-122.28789">
        <ele>6.9</ele>
      </trkpt>
      <trkpt lat="47.58433" lon="-122.2879">
        <ele>6.8</ele>
      </trkpt>
      <trkpt lat="47.58447" lon="-122.2879">
        <ele>7.0</ele>
      </trkpt>
      <trkpt lat="47.58462" lon="-122.2879">
        <ele>8.4</ele>
      </trkpt>
      <trkpt lat="47.58469" lon="-122.28788">
        <ele>10.1</ele>
      </trkpt>
      <trkpt lat="47.58491" lon="-122.2878">
        <ele>12.3</ele>
      </trkpt>
      <trkpt lat="47.58509" lon="-122.28772">
        <ele>12.5</ele>
      </trkpt>
      <trkpt lat="47.585267" lon="-122.287632">
        <ele>12.5</ele>
      </trkpt>
      <trkpt lat="47.58527" lon="-122.28763">
        <ele>12.5</ele>
      </trkpt>
      <trkpt lat="47.58537" lon="-122.28758">
        <ele>12.5</ele>
      </trkpt>
      <trkpt lat="47.58544" lon="-122.28755">
        <ele>12.6</ele>
      </trkpt>
      <trkpt lat="47.585479" lon="-122.28753">
        <ele>12.7</ele>
      </trkpt>
      <trkpt lat="47.58555" lon="-122.28748">
        <ele>12.6</ele>
      </trkpt>
      <trkpt lat="47.58555" lon="-122.28748">
        <ele>12.6</ele>
      </trkpt>
      <trkpt lat="47.58557" lon="-122.28752">
        <ele>13.3</ele>
      </trkpt>
      <trkpt lat="47.5856" lon="-122.28756">
        <ele>14.1</ele>
      </trkpt>
      <trkpt lat="47.58561" lon="-122.28757">
        <ele>14.3</ele>
      </trkpt>
      <trkpt lat="47.58563" lon="-122.28759">
        <ele>14.8</ele>
      </trkpt>
      <trkpt lat="47.58564" lon="-122.2876">
        <ele>15.0</ele>
      </trkpt>
      <trkpt lat="47.58566" lon="-122.28761">
        <ele>15.3</ele>
      </trkpt>
      <trkpt lat="47.58568" lon="-122.28762">
        <ele>15.5</ele>
      </trkpt>
      <trkpt lat="47.58573" lon="-122.28763">
        <ele>15.9</ele>
      </trkpt>
      <trkpt lat="47.58574" lon="-122.28763">
        <ele>15.9</ele>
      </trkpt>
      <trkpt lat="47.58581" lon="-122.28763">
        <ele>16.4</ele>
      </trkpt>
      <trkpt lat="47.58588" lon="-122.28763">
        <ele>17.1</ele>
      </trkpt>
      <trkpt lat="47.5859" lon="-122.28762">
        <ele>17.2</ele>
      </trkpt>
      <trkpt lat="47.58591" lon="-122.28762">
        <ele>17.3</ele>
      </trkpt>
      <trkpt lat="47.58594" lon="-122.2876">
        <ele>17.5</ele>
      </trkpt>
      <trkpt lat="47.58599" lon="-122.28755">
        <ele>17.7</ele>
      </trkpt>
      <trkpt lat="47.586039" lon="-122.28747">
        <ele>17.6</ele>
      </trkpt>
      <trkpt lat="47.5861" lon="-122.28735">
        <ele>16.9</ele>
      </trkpt>
      <trkpt lat="47.58615" lon="-122.28727">
        <ele>16.4</ele>
      </trkpt>
      <trkpt lat="47.58621" lon="-122.28721">
        <ele>16.2</ele>
      </trkpt>
      <trkpt lat="47.58625" lon="-122.28718">
        <ele>16.4</ele>
      </trkpt>
      <trkpt lat="47.58628" lon="-122.28717">
        <ele>16.7</ele>
      </trkpt>
      <trkpt lat="47.58635" lon="-122.28715">
        <ele>17.6</ele>
      </trkpt>
      <trkpt lat="47.58639" lon="-122.28715">
        <ele>18.5</ele>
      </trkpt>
      <trkpt lat="47.586419" lon="-122.28717">
        <ele>19.5</ele>
      </trkpt>
      <trkpt lat="47.58646" lon="-122.28719">
        <ele>20.5</ele>
      </trkpt>
      <trkpt lat="47.58649" lon="-122.28721">
        <ele>21.1</ele>
      </trkpt>
      <trkpt lat="47.58652" lon="-122.28724">
        <ele>21.5</ele>
      </trkpt>
      <trkpt lat="47.58655" lon="-122.2873">
        <ele>21.9</ele>
      </trkpt>
      <trkpt lat="47.58658" lon="-122.28735">
        <ele>22.3</ele>
      </trkpt>
      <trkpt lat="47.58659" lon="-122.2874">
        <ele>22.7</ele>
      </trkpt>
      <trkpt lat="47.58661" lon="-122.28747">
        <ele>23.2</ele>
      </trkpt>
      <trkpt lat="47.58663" lon="-122.28755">
        <ele>23.9</ele>
      </trkpt>
      <trkpt lat="47.58663" lon="-122.28762">
        <ele>24.4</ele>
      </trkpt>
      <trkpt lat="47.58663" lon="-122.28766">
        <ele>24.7</ele>
      </trkpt>
      <trkpt lat="47.58662" lon="-122.28774">
        <ele>25.2</ele>
      </trkpt>
      <trkpt lat="47.5866" lon="-122.28781">
        <ele>25.5</ele>
      </trkpt>
      <trkpt lat="47.58654" lon="-122.28803">
        <ele>27.0</ele>
      </trkpt>
      <trkpt lat="47.58652" lon="-122.2881">
        <ele>27.7</ele>
      </trkpt>
      <trkpt lat="47.58639" lon="-122.28851">
        <ele>28.7</ele>
      </trkpt>
      <trkpt lat="47.58638" lon="-122.28855">
        <ele>28.7</ele>
      </trkpt>
      <trkpt lat="47.58637" lon="-122.28864">
        <ele>28.9</ele>
      </trkpt>
      <trkpt lat="47.58637" lon="-122.28869">
        <ele>29.1</ele>
      </trkpt>
      <trkpt lat="47.58638" lon="-122.28874">
        <ele>29.4</ele>
      </trkpt>
      <trkpt lat="47.58641" lon="-122.28884">
        <ele>30.0</ele>
      </trkpt>
      <trkpt lat="47.58647" lon="-122.28898">
        <ele>30.9</ele>
      </trkpt>
      <trkpt lat="47.58667" lon="-122.28948">
        <ele>34.5</ele>
      </trkpt>
      <trkpt lat="47.586799" lon="-122.28995">
        <ele>38.6</ele>
      </trkpt>
      <trkpt lat="47.58681" lon="-122.29003">
        <ele>39.2</ele>
      </trkpt>
      <trkpt lat="47.586799" lon="-122.29008">
        <ele>38.7</ele>
      </trkpt>
      <trkpt lat="47.58678" lon="-122.29013">
        <ele>37.8</ele>
      </trkpt>
      <trkpt lat="47.58675" lon="-122.29016">
        <ele>36.6</ele>
      </trkpt>
      <trkpt lat="47.58674" lon="-122.29018">
        <ele>36.5</ele>
      </trkpt>
      <trkpt lat="47.58672" lon="-122.29019">
        <ele>36.3</ele>
      </trkpt>
      <trkpt lat="47.5867" lon="-122.2902">
        <ele>36.0</ele>
      </trkpt>
      <trkpt lat="47.58668" lon="-122.29021">
        <ele>35.8</ele>
      </trkpt>
      <trkpt lat="47.58665" lon="-122.29021">
        <ele>35.7</ele>
      </trkpt>
      <trkpt lat="47.5866" lon="-122.29021">
        <ele>36.1</ele>
      </trkpt>
      <trkpt lat="47.58658" lon="-122.2902">
        <ele>36.1</ele>
      </trkpt>
      <trkpt lat="47.58656" lon="-122.29019">
        <ele>36.3</ele>
      </trkpt>
      <trkpt lat="47.58654" lon="-122.29016">
        <ele>36.4</ele>
      </trkpt>
      <trkpt lat="47.58653" lon="-122.29014">
        <ele>36.4</ele>
      </trkpt>
      <trkpt lat="47.58649" lon="-122.29005">
        <ele>36.3</ele>
      </trkpt>
      <trkpt lat="47.58647" lon="-122.28992">
        <ele>36.0</ele>
      </trkpt>
      <trkpt lat="47.58644" lon="-122.28961">
        <ele>34.5</ele>
      </trkpt>
      <trkpt lat="47.58643" lon="-122.28957">
        <ele>34.0</ele>
      </trkpt>
      <trkpt lat="47.586419" lon="-122.28954">
        <ele>33.6</ele>
      </trkpt>
      <trkpt lat="47.58641" lon="-122.28951">
        <ele>33.1</ele>
      </trkpt>
      <trkpt lat="47.5864" lon="-122.28949">
        <ele>32.8</ele>
      </trkpt>
      <trkpt lat="47.58638" lon="-122.28947">
        <ele>32.8</ele>
      </trkpt>
      <trkpt lat="47.58636" lon="-122.28945">
        <ele>33.1</ele>
      </trkpt>
      <trkpt lat="47.58635" lon="-122.28943">
        <ele>33.1</ele>
      </trkpt>
      <trkpt lat="47.58631" lon="-122.28942">
        <ele>34.4</ele>
      </trkpt>
      <trkpt lat="47.5863" lon="-122.28941">
        <ele>34.6</ele>
      </trkpt>
      <trkpt lat="47.58627" lon="-122.2894">
        <ele>35.3</ele>
      </trkpt>
      <trkpt lat="47.58625" lon="-122.2894">
        <ele>35.8</ele>
      </trkpt>
      <trkpt lat="47.58622" lon="-122.28941">
        <ele>36.8</ele>
      </trkpt>
      <trkpt lat="47.5862" lon="-122.28942">
        <ele>37.3</ele>
      </trkpt>
      <trkpt lat="47.58616" lon="-122.28946">
        <ele>38.3</ele>
      </trkpt>
      <trkpt lat="47.58614" lon="-122.28948">
        <ele>38.8</ele>
      </trkpt>
      <trkpt lat="47.58611" lon="-122.28952">
        <ele>39.6</ele>
      </trkpt>
      <trkpt lat="47.5861" lon="-122.28957">
        <ele>40.0</ele>
      </trkpt>
      <trkpt lat="47.58609" lon="-122.28965">
        <ele>40.5</ele>
      </trkpt>
      <trkpt lat="47.58607" lon="-122.28975">
        <ele>41.0</ele>
      </trkpt>
      <trkpt lat="47.58607" lon="-122.28983">
        <ele>41.0</ele>
      </trkpt>
      <trkpt lat="47.58607" lon="-122.28988">
        <ele>41.0</ele>
      </trkpt>
      <trkpt lat="47.58607" lon="-122.28992">
        <ele>41.0</ele>
      </trkpt>
      <trkpt lat="47.58608" lon="-122.28998">
        <ele>40.9</ele>
      </trkpt>
      <trkpt lat="47.5861" lon="-122.29004">
        <ele>40.8</ele>
      </trkpt>
      <trkpt lat="47.58614" lon="-122.29014">
        <ele>41.0</ele>
      </trkpt>
      <trkpt lat="47.58623" lon="-122.29028">
        <ele>41.1</ele>
      </trkpt>
      <trkpt lat="47.58635" lon="-122.29044">
        <ele>41.3</ele>
      </trkpt>
      <trkpt lat="47.58645" lon="-122.29052">
        <ele>41.4</ele>
      </trkpt>
      <trkpt lat="47.58655" lon="-122.29057">
        <ele>41.5</ele>
      </trkpt>
      <trkpt lat="47.58665" lon="-122.2906">
        <ele>41.5</ele>
      </trkpt>
      <trkpt lat="47.58674" lon="-122.29059">
        <ele>42.0</ele>
      </trkpt>
      <trkpt lat="47.58679" lon="-122.29057">
        <ele>42.4</ele>
      </trkpt>
      <trkpt lat="47.58683" lon="-122.29056">
        <ele>42.8</ele>
      </trkpt>
      <trkpt lat="47.5869" lon="-122.29049">
        <ele>43.7</ele>
      </trkpt>
      <trkpt lat="47.58696" lon="-122.29038">
        <ele>44.6</ele>
      </trkpt>
      <trkpt lat="47.587" lon="-122.29028">
        <ele>45.2</ele>
      </trkpt>
      <trkpt lat="47.58704" lon="-122.28992">
        <ele>44.7</ele>
      </trkpt>
      <trkpt lat="47.58705" lon="-122.28985">
        <ele>44.7</ele>
      </trkpt>
      <trkpt lat="47.58705" lon="-122.28985">
        <ele>44.7</ele>
      </trkpt>
      <trkpt lat="47.58706" lon="-122.28979">
        <ele>44.7</ele>
      </trkpt>
      <trkpt lat="47.58708" lon="-122.28965">
        <ele>44.8</ele>
      </trkpt>
      <trkpt lat="47.58709" lon="-122.28961">
        <ele>44.9</ele>
      </trkpt>
      <trkpt lat="47.58712" lon="-122.28953">
        <ele>45.3</ele>
      </trkpt>
      <trkpt lat="47.58717" lon="-122.28946">
        <ele>46.0</ele>
      </trkpt>
      <trkpt lat="47.58723" lon="-122.28939">
        <ele>46.7</ele>
      </trkpt>
      <trkpt lat="47.58728" lon="-122.28935">
        <ele>47.0</ele>
      </trkpt>
      <trkpt lat="47.58734" lon="-122.28932">
        <ele>47.3</ele>
      </trkpt>
      <trkpt lat="47.58741" lon="-122.2893">
        <ele>47.3</ele>
      </trkpt>
      <trkpt lat="47.58747" lon="-122.28929">
        <ele>47.0</ele>
      </trkpt>
      <trkpt lat="47.58767" lon="-122.28927">
        <ele>47.1</ele>
      </trkpt>
      <trkpt lat="47.58883" lon="-122.28921">
        <ele>47.4</ele>
      </trkpt>
      <trkpt lat="47.58964" lon="-122.28916">
        <ele>50.5</ele>
      </trkpt>
      <trkpt lat="47.5899" lon="-122.28914">
        <ele>51.2</ele>
      </trkpt>
      <trkpt lat="47.58998" lon="-122.28914">
        <ele>51.3</ele>
      </trkpt>
      <trkpt lat="47.59008" lon="-122.28913">
        <ele>51.3</ele>
      </trkpt>
      <trkpt lat="47.59038" lon="-122.28912">
        <ele>51.2</ele>
      </trkpt>
      <trkpt lat="47.59039" lon="-122.28912">
        <ele>51.2</ele>
      </trkpt>
      <trkpt lat="47.59042" lon="-122.28912">
        <ele>51.1</ele>
      </trkpt>
      <trkpt lat="47.59043" lon="-122.28912">
        <ele>51.1</ele>
      </trkpt>
      <trkpt lat="47.59044" lon="-122.28912">
        <ele>51.1</ele>
      </trkpt>
      <trkpt lat="47.59096" lon="-122.28911">
        <ele>45.8</ele>
      </trkpt>
      <trkpt lat="47.59114" lon="-122.2891">
        <ele>44.6</ele>
      </trkpt>
      <trkpt lat="47.59114" lon="-122.2891">
        <ele>44.6</ele>
      </trkpt>
      <trkpt lat="47.59114" lon="-122.2891">
        <ele>44.6</ele>
      </trkpt>
      <trkpt lat="47.59114" lon="-122.28885">
        <ele>40.9</ele>
      </trkpt>
      <trkpt lat="47.59113" lon="-122.2886">
        <ele>37.3</ele>
      </trkpt>
      <trkpt lat="47.59113" lon="-122.2886">
        <ele>37.3</ele>
      </trkpt>
      <trkpt lat="47.59113" lon="-122.2886">
        <ele>37.3</ele>
      </trkpt>
      <trkpt lat="47.59108" lon="-122.2886">
        <ele>37.4</ele>
      </trkpt>
      <trkpt lat="47.59106" lon="-122.28861">
        <ele>37.6</ele>
      </trkpt>
      <trkpt lat="47.59105" lon="-122.28861">
        <ele>37.6</ele>
      </trkpt>
      <trkpt lat="47.59103" lon="-122.28863">
        <ele>38.0</ele>
      </trkpt>
      <trkpt lat="47.59101" lon="-122.28866">
        <ele>38.5</ele>
      </trkpt>
      <trkpt lat="47.59098" lon="-122.28868">
        <ele>39.0</ele>
      </trkpt>
      <trkpt lat="47.59096" lon="-122.28869">
        <ele>39.3</ele>
      </trkpt>
      <trkpt lat="47.59094" lon="-122.28869">
        <ele>39.4</ele>
      </trkpt>
      <trkpt lat="47.590919" lon="-122.28868">
        <ele>39.4</ele>
      </trkpt>
      <trkpt lat="47.59088" lon="-122.28865">
        <ele>39.6</ele>
      </trkpt>
      <trkpt lat="47.59088" lon="-122.28865">
        <ele>39.6</ele>
      </trkpt>
      <trkpt lat="47.59088" lon="-122.28865">
        <ele>39.6</ele>
      </trkpt>
      <trkpt lat="47.59073" lon="-122.28863">
        <ele>41.4</ele>
      </trkpt>
      <trkpt lat="47.59068" lon="-122.28862">
        <ele>41.3</ele>
      </trkpt>
      <trkpt lat="47.59067" lon="-122.28862">
        <ele>41.3</ele>
      </trkpt>
      <trkpt lat="47.59061" lon="-122.28861">
        <ele>40.9</ele>
      </trkpt>
      <trkpt lat="47.59055" lon="-122.28862">
        <ele>40.9</ele>
      </trkpt>
      <trkpt lat="47.59053" lon="-122.28863">
        <ele>41.2</ele>
      </trkpt>
      <trkpt lat="47.5905" lon="-122.28864">
        <ele>41.6</ele>
      </trkpt>
      <trkpt lat="47.59048" lon="-122.28866">
        <ele>42.2</ele>
      </trkpt>
      <trkpt lat="47.59046" lon="-122.28869">
        <ele>43.1</ele>
      </trkpt>
      <trkpt lat="47.59045" lon="-122.28872">
        <ele>44.0</ele>
      </trkpt>
      <trkpt lat="47.59044" lon="-122.28875">
        <ele>44.8</ele>
      </trkpt>
      <trkpt lat="47.59043" lon="-122.28878">
        <ele>44.7</ele>
      </trkpt>
      <trkpt lat="47.59043" lon="-122.28882">
        <ele>44.7</ele>
      </trkpt>
      <trkpt lat="47.59043" lon="-122.28884">
        <ele>44.7</ele>
      </trkpt>
      <trkpt lat="47.59043" lon="-122.28912">
        <ele>44.7</ele>
      </trkpt>
      <trkpt lat="47.59044" lon="-122.29043">
        <ele>44.6</ele>
      </trkpt>
      <trkpt lat="47.59044" lon="-122.29133">
        <ele>44.5</ele>
      </trkpt>
      <trkpt lat="47.59044" lon="-122.29134">
        <ele>44.5</ele>
      </trkpt>
      <trkpt lat="47.59045" lon="-122.29238">
        <ele>44.5</ele>
      </trkpt>
      <trkpt lat="47.59045" lon="-122.29239">
        <ele>44.5</ele>
      </trkpt>
      <trkpt lat="47.59046" lon="-122.29343">
        <ele>44.4</ele>
      </trkpt>
      <trkpt lat="47.59046" lon="-122.29344">
        <ele>44.4</ele>
      </trkpt>
      <trkpt lat="47.59046" lon="-122.29372">
        <ele>44.4</ele>
      </trkpt>
      <trkpt lat="47.59046" lon="-122.29373">
        <ele>44.4</ele>
      </trkpt>
      <trkpt lat="47.59047" lon="-122.29428">
        <ele>44.3</ele>
      </trkpt>
      <trkpt lat="47.59047" lon="-122.29444">
        <ele>44.3</ele>
      </trkpt>
      <trkpt lat="47.59047" lon="-122.29459">
        <ele>44.3</ele>
      </trkpt>
      <trkpt lat="47.59047" lon="-122.29509">
        <ele>44.3</ele>
      </trkpt>
      <trkpt lat="47.59047" lon="-122.29528">
        <ele>42.9</ele>
      </trkpt>
      <trkpt lat="47.59047" lon="-122.2953">
        <ele>42.8</ele>
      </trkpt>
      <trkpt lat="47.59048" lon="-122.29532">
        <ele>42.8</ele>
      </trkpt>
      <trkpt lat="47.59051" lon="-122.2955">
        <ele>42.1</ele>
      </trkpt>
      <trkpt lat="47.59053" lon="-122.29557">
        <ele>42.1</ele>
      </trkpt>
      <trkpt lat="47.59053" lon="-122.29558">
        <ele>42.0</ele>
      </trkpt>
      <trkpt lat="47.59054" lon="-122.2956">
        <ele>42.1</ele>
      </trkpt>
      <trkpt lat="47.59054" lon="-122.29561">
        <ele>42.1</ele>
      </trkpt>
      <trkpt lat="47.59055" lon="-122.29566">
        <ele>42.1</ele>
      </trkpt>
      <trkpt lat="47.59056" lon="-122.29568">
        <ele>42.2</ele>
      </trkpt>
      <trkpt lat="47.59057" lon="-122.29574">
        <ele>42.2</ele>
      </trkpt>
      <trkpt lat="47.59057" lon="-122.29583">
        <ele>41.8</ele>
      </trkpt>
      <trkpt lat="47.59057" lon="-122.29592">
        <ele>41.4</ele>
      </trkpt>
      <trkpt lat="47.59056" lon="-122.29599">
        <ele>41.0</ele>
      </trkpt>
      <trkpt lat="47.59055" lon="-122.29607">
        <ele>40.7</ele>
      </trkpt>
      <trkpt lat="47.59054" lon="-122.29614">
        <ele>40.6</ele>
      </trkpt>
      <trkpt lat="47.59053" lon="-122.29616">
        <ele>40.5</ele>
      </trkpt>
      <trkpt lat="47.59053" lon="-122.29618">
        <ele>40.5</ele>
      </trkpt>
      <trkpt lat="47.59052" lon="-122.2962">
        <ele>40.4</ele>
      </trkpt>
      <trkpt lat="47.5905" lon="-122.29625">
        <ele>40.3</ele>
      </trkpt>
      <trkpt lat="47.5905" lon="-122.29627">
        <ele>40.3</ele>
      </trkpt>
      <trkpt lat="47.59047" lon="-122.29634">
        <ele>40.2</ele>
      </trkpt>
      <trkpt lat="47.59043" lon="-122.29642">
        <ele>40.1</ele>
      </trkpt>
      <trkpt lat="47.59039" lon="-122.29649">
        <ele>40.0</ele>
      </trkpt>
      <trkpt lat="47.59038" lon="-122.29651">
        <ele>40.0</ele>
      </trkpt>
      <trkpt lat="47.59037" lon="-122.29654">
        <ele>40.0</ele>
      </trkpt>
      <trkpt lat="47.59035" lon="-122.29658">
        <ele>40.1</ele>
      </trkpt>
      <trkpt lat="47.59031" lon="-122.29668">
        <ele>40.2</ele>
      </trkpt>
      <trkpt lat="47.59029" lon="-122.29675">
        <ele>40.3</ele>
      </trkpt>
      <trkpt lat="47.59026" lon="-122.29684">
        <ele>40.6</ele>
      </trkpt>
      <trkpt lat="47.59025" lon="-122.2969">
        <ele>40.7</ele>
      </trkpt>
      <trkpt lat="47.59025" lon="-122.29692">
        <ele>40.7</ele>
      </trkpt>
      <trkpt lat="47.59024" lon="-122.29697">
        <ele>40.8</ele>
      </trkpt>
      <trkpt lat="47.59023" lon="-122.29704">
        <ele>40.9</ele>
      </trkpt>
      <trkpt lat="47.59023" lon="-122.29711">
        <ele>40.9</ele>
      </trkpt>
      <trkpt lat="47.59023" lon="-122.29719">
        <ele>40.9</ele>
      </trkpt>
      <trkpt lat="47.59023" lon="-122.29724">
        <ele>40.9</ele>
      </trkpt>
      <trkpt lat="47.59024" lon="-122.29731">
        <ele>40.8</ele>
      </trkpt>
      <trkpt lat="47.59024" lon="-122.29741">
        <ele>40.8</ele>
      </trkpt>
      <trkpt lat="47.59026" lon="-122.2975">
        <ele>40.6</ele>
      </trkpt>
      <trkpt lat="47.590269" lon="-122.29764">
        <ele>40.4</ele>
      </trkpt>
      <trkpt lat="47.590269" lon="-122.29772">
        <ele>40.3</ele>
      </trkpt>
      <trkpt lat="47.590269" lon="-122.29775">
        <ele>40.3</ele>
      </trkpt>
      <trkpt lat="47.590269" lon="-122.29779">
        <ele>40.2</ele>
      </trkpt>
      <trkpt lat="47.59026" lon="-122.29783">
        <ele>40.2</ele>
      </trkpt>
      <trkpt lat="47.59026" lon="-122.29786">
        <ele>40.2</ele>
      </trkpt>
      <trkpt lat="47.59024" lon="-122.29789">
        <ele>40.2</ele>
      </trkpt>
      <trkpt lat="47.59022" lon="-122.29793">
        <ele>40.2</ele>
      </trkpt>
      <trkpt lat="47.59017" lon="-122.298">
        <ele>40.2</ele>
      </trkpt>
      <trkpt lat="47.59013" lon="-122.29805">
        <ele>40.3</ele>
      </trkpt>
      <trkpt lat="47.59012" lon="-122.29805">
        <ele>40.3</ele>
      </trkpt>
      <trkpt lat="47.5901" lon="-122.29809">
        <ele>40.5</ele>
      </trkpt>
      <trkpt lat="47.590089" lon="-122.2981">
        <ele>40.6</ele>
      </trkpt>
      <trkpt lat="47.59006" lon="-122.29814">
        <ele>40.7</ele>
      </trkpt>
      <trkpt lat="47.59002" lon="-122.29818">
        <ele>40.9</ele>
      </trkpt>
      <trkpt lat="47.58999" lon="-122.29824">
        <ele>41.0</ele>
      </trkpt>
      <trkpt lat="47.58999" lon="-122.29825">
        <ele>41.0</ele>
      </trkpt>
      <trkpt lat="47.58994" lon="-122.29834">
        <ele>41.2</ele>
      </trkpt>
      <trkpt lat="47.58988" lon="-122.29847">
        <ele>41.1</ele>
      </trkpt>
      <trkpt lat="47.58985" lon="-122.29855">
        <ele>40.8</ele>
      </trkpt>
      <trkpt lat="47.58981" lon="-122.29867">
        <ele>40.4</ele>
      </trkpt>
      <trkpt lat="47.58979" lon="-122.29876">
        <ele>40.0</ele>
      </trkpt>
      <trkpt lat="47.58977" lon="-122.29885">
        <ele>39.9</ele>
      </trkpt>
      <trkpt lat="47.58976" lon="-122.29906">
        <ele>40.3</ele>
      </trkpt>
      <trkpt lat="47.58976" lon="-122.29918">
        <ele>40.7</ele>
      </trkpt>
      <trkpt lat="47.58977" lon="-122.29929">
        <ele>41.3</ele>
      </trkpt>
      <trkpt lat="47.58978" lon="-122.29937">
        <ele>41.9</ele>
      </trkpt>
      <trkpt lat="47.58979" lon="-122.29944">
        <ele>42.5</ele>
      </trkpt>
      <trkpt lat="47.58984" lon="-122.29961">
        <ele>44.5</ele>
      </trkpt>
      <trkpt lat="47.58986" lon="-122.2997">
        <ele>45.1</ele>
      </trkpt>
      <trkpt lat="47.5899" lon="-122.29977">
        <ele>45.0</ele>
      </trkpt>
      <trkpt lat="47.58996" lon="-122.29991">
        <ele>45.1</ele>
      </trkpt>
      <trkpt lat="47.59" lon="-122.29997">
        <ele>45.0</ele>
      </trkpt>
      <trkpt lat="47.59004" lon="-122.30003">
        <ele>46.6</ele>
      </trkpt>
      <trkpt lat="47.59008" lon="-122.30009">
        <ele>48.3</ele>
      </trkpt>
      <trkpt lat="47.59012" lon="-122.30013">
        <ele>49.6</ele>
      </trkpt>
      <trkpt lat="47.59022" lon="-122.30029">
        <ele>51.4</ele>
      </trkpt>
      <trkpt lat="47.59025" lon="-122.30036">
        <ele>51.6</ele>
      </trkpt>
      <trkpt lat="47.59028" lon="-122.30046">
        <ele>51.7</ele>
      </trkpt>
      <trkpt lat="47.59031" lon="-122.30061">
        <ele>51.7</ele>
      </trkpt>
      <trkpt lat="47.59032" lon="-122.30069">
        <ele>51.8</ele>
      </trkpt>
      <trkpt lat="47.59032" lon="-122.30088">
        <ele>51.8</ele>
      </trkpt>
      <trkpt lat="47.59031" lon="-122.30115">
        <ele>51.8</ele>
      </trkpt>
      <trkpt lat="47.59031" lon="-122.30128">
        <ele>51.7</ele>
      </trkpt>
      <trkpt lat="47.5903" lon="-122.30177">
        <ele>51.6</ele>
      </trkpt>
      <trkpt lat="47.5903" lon="-122.30196">
        <ele>51.7</ele>
      </trkpt>
      <trkpt lat="47.5903" lon="-122.30213">
        <ele>51.6</ele>
      </trkpt>
      <trkpt lat="47.5903" lon="-122.30213">
        <ele>51.6</ele>
      </trkpt>
      <trkpt lat="47.5903" lon="-122.30213">
        <ele>51.6</ele>
      </trkpt>
      <trkpt lat="47.5903" lon="-122.30227">
        <ele>50.8</ele>
      </trkpt>
      <trkpt lat="47.5903" lon="-122.30227">
        <ele>50.8</ele>
      </trkpt>
      <trkpt lat="47.5903" lon="-122.30227">
        <ele>50.8</ele>
      </trkpt>
      <trkpt lat="47.59023" lon="-122.30227">
        <ele>48.0</ele>
      </trkpt>
      <trkpt lat="47.59022" lon="-122.30227">
        <ele>47.5</ele>
      </trkpt>
      <trkpt lat="47.59021" lon="-122.30227">
        <ele>46.9</ele>
      </trkpt>
      <trkpt lat="47.59015" lon="-122.30227">
        <ele>43.8</ele>
      </trkpt>
      <trkpt lat="47.59005" lon="-122.30227">
        <ele>40.5</ele>
      </trkpt>
      <trkpt lat="47.59004" lon="-122.30227">
        <ele>40.4</ele>
      </trkpt>
      <trkpt lat="47.59003" lon="-122.30227">
        <ele>40.4</ele>
      </trkpt>
      <trkpt lat="47.58993" lon="-122.30229">
        <ele>40.6</ele>
      </trkpt>
      <trkpt lat="47.58988" lon="-122.3023">
        <ele>40.9</ele>
      </trkpt>
      <trkpt lat="47.58986" lon="-122.3023">
        <ele>41.0</ele>
      </trkpt>
      <trkpt lat="47.58979" lon="-122.30232">
        <ele>41.5</ele>
      </trkpt>
      <trkpt lat="47.58959" lon="-122.30238">
        <ele>43.4</ele>
      </trkpt>
      <trkpt lat="47.58956" lon="-122.30241">
        <ele>43.6</ele>
      </trkpt>
      <trkpt lat="47.58954" lon="-122.30246">
        <ele>43.7</ele>
      </trkpt>
      <trkpt lat="47.58954" lon="-122.30246">
        <ele>43.7</ele>
      </trkpt>
      <trkpt lat="47.58954" lon="-122.30246">
        <ele>43.7</ele>
      </trkpt>
      <trkpt lat="47.58953" lon="-122.30252">
        <ele>43.7</ele>
      </trkpt>
      <trkpt lat="47.58953" lon="-122.30261">
        <ele>43.4</ele>
      </trkpt>
      <trkpt lat="47.58953" lon="-122.30272">
        <ele>42.9</ele>
      </trkpt>
      <trkpt lat="47.58952" lon="-122.30284">
        <ele>42.3</ele>
      </trkpt>
      <trkpt lat="47.58952" lon="-122.30292">
        <ele>41.9</ele>
      </trkpt>
      <trkpt lat="47.58952" lon="-122.30302">
        <ele>41.4</ele>
      </trkpt>
      <trkpt lat="47.58953" lon="-122.30306">
        <ele>41.2</ele>
      </trkpt>
      <trkpt lat="47.58955" lon="-122.30314">
        <ele>40.7</ele>
      </trkpt>
      <trkpt lat="47.58957" lon="-122.30321">
        <ele>40.2</ele>
      </trkpt>
      <trkpt lat="47.58959" lon="-122.30327">
        <ele>39.8</ele>
      </trkpt>
      <trkpt lat="47.58963" lon="-122.30336">
        <ele>39.1</ele>
      </trkpt>
      <trkpt lat="47.58965" lon="-122.30341">
        <ele>38.5</ele>
      </trkpt>
      <trkpt lat="47.58966" lon="-122.30346">
        <ele>38.1</ele>
      </trkpt>
      <trkpt lat="47.58967" lon="-122.30351">
        <ele>37.7</ele>
      </trkpt>
      <trkpt lat="47.58967" lon="-122.30355">
        <ele>37.5</ele>
      </trkpt>
      <trkpt lat="47.58968" lon="-122.30381">
        <ele>36.6</ele>
      </trkpt>
      <trkpt lat="47.58967" lon="-122.30489">
        <ele>32.1</ele>
      </trkpt>
      <trkpt lat="47.58967" lon="-122.30509">
        <ele>30.6</ele>
      </trkpt>
      <trkpt lat="47.58967" lon="-122.30516">
        <ele>30.3</ele>
      </trkpt>
      <trkpt lat="47.58967" lon="-122.30519">
        <ele>30.3</ele>
      </trkpt>
      <trkpt lat="47.58967" lon="-122.30522">
        <ele>30.2</ele>
      </trkpt>
      <trkpt lat="47.58969" lon="-122.3053">
        <ele>30.2</ele>
      </trkpt>
      <trkpt lat="47.589709" lon="-122.30538">
        <ele>30.2</ele>
      </trkpt>
      <trkpt lat="47.58973" lon="-122.30542">
        <ele>30.4</ele>
      </trkpt>
      <trkpt lat="47.58973" lon="-122.30544">
        <ele>30.4</ele>
      </trkpt>
      <trkpt lat="47.58974" lon="-122.30545">
        <ele>30.5</ele>
      </trkpt>
      <trkpt lat="47.58974" lon="-122.30546">
        <ele>30.5</ele>
      </trkpt>
      <trkpt lat="47.58977" lon="-122.30555">
        <ele>30.8</ele>
      </trkpt>
      <trkpt lat="47.58978" lon="-122.30557">
        <ele>30.9</ele>
      </trkpt>
      <trkpt lat="47.589799" lon="-122.30564">
        <ele>31.2</ele>
      </trkpt>
      <trkpt lat="47.58981" lon="-122.30572">
        <ele>31.4</ele>
      </trkpt>
      <trkpt lat="47.58981" lon="-122.30583">
        <ele>31.3</ele>
      </trkpt>
      <trkpt lat="47.58981" lon="-122.30619">
        <ele>27.0</ele>
      </trkpt>
      <trkpt lat="47.589799" lon="-122.30651">
        <ele>25.0</ele>
      </trkpt>
      <trkpt lat="47.58979" lon="-122.30658">
        <ele>24.7</ele>
      </trkpt>
      <trkpt lat="47.58978" lon="-122.30688">
        <ele>24.1</ele>
      </trkpt>
      <trkpt lat="47.58978" lon="-122.30707">
        <ele>23.9</ele>
      </trkpt>
      <trkpt lat="47.58977" lon="-122.30721">
        <ele>23.8</ele>
      </trkpt>
      <trkpt lat="47.58977" lon="-122.30731">
        <ele>23.7</ele>
      </trkpt>
      <trkpt lat="47.58976" lon="-122.30753">
        <ele>23.7</ele>
      </trkpt>
      <trkpt lat="47.58974" lon="-122.30816">
        <ele>24.3</ele>
      </trkpt>
      <trkpt lat="47.58973" lon="-122.30833">
        <ele>24.6</ele>
      </trkpt>
      <trkpt lat="47.58973" lon="-122.30834">
        <ele>24.6</ele>
      </trkpt>
      <trkpt lat="47.58972" lon="-122.30842">
        <ele>24.7</ele>
      </trkpt>
      <trkpt lat="47.589709" lon="-122.30848">
        <ele>24.8</ele>
      </trkpt>
      <trkpt lat="47.589709" lon="-122.30849">
        <ele>24.8</ele>
      </trkpt>
      <trkpt lat="47.58967" lon="-122.30858">
        <ele>25.0</ele>
      </trkpt>
      <trkpt lat="47.58966" lon="-122.30861">
        <ele>25.1</ele>
      </trkpt>
      <trkpt lat="47.58965" lon="-122.30862">
        <ele>25.1</ele>
      </trkpt>
      <trkpt lat="47.58963" lon="-122.30867">
        <ele>25.3</ele>
      </trkpt>
      <trkpt lat="47.5896" lon="-122.30876">
        <ele>25.3</ele>
      </trkpt>
      <trkpt lat="47.58959" lon="-122.30877">
        <ele>25.3</ele>
      </trkpt>
      <trkpt lat="47.58959" lon="-122.3088">
        <ele>25.3</ele>
      </trkpt>
      <trkpt lat="47.58958" lon="-122.30882">
        <ele>25.3</ele>
      </trkpt>
      <trkpt lat="47.58958" lon="-122.30883">
        <ele>25.3</ele>
      </trkpt>
      <trkpt lat="47.58958" lon="-122.30886">
        <ele>25.3</ele>
      </trkpt>
      <trkpt lat="47.58958" lon="-122.30889">
        <ele>25.3</ele>
      </trkpt>
      <trkpt lat="47.58958" lon="-122.30932">
        <ele>29.4</ele>
      </trkpt>
      <trkpt lat="47.58959" lon="-122.30942">
        <ele>30.9</ele>
      </trkpt>
      <trkpt lat="47.58959" lon="-122.30944">
        <ele>31.1</ele>
      </trkpt>
      <trkpt lat="47.58959" lon="-122.30945">
        <ele>31.2</ele>
      </trkpt>
      <trkpt lat="47.5896" lon="-122.30947">
        <ele>31.3</ele>
      </trkpt>
      <trkpt lat="47.5896" lon="-122.30948">
        <ele>31.4</ele>
      </trkpt>
      <trkpt lat="47.58961" lon="-122.30951">
        <ele>31.6</ele>
      </trkpt>
      <trkpt lat="47.58961" lon="-122.30953">
        <ele>31.7</ele>
      </trkpt>
      <trkpt lat="47.58963" lon="-122.30956">
        <ele>31.9</ele>
      </trkpt>
      <trkpt lat="47.58965" lon="-122.30961">
        <ele>32.1</ele>
      </trkpt>
      <trkpt lat="47.58968" lon="-122.30966">
        <ele>32.4</ele>
      </trkpt>
      <trkpt lat="47.5897" lon="-122.3097">
        <ele>32.5</ele>
      </trkpt>
      <trkpt lat="47.59006" lon="-122.31022">
        <ele>33.8</ele>
      </trkpt>
      <trkpt lat="47.59016" lon="-122.31038">
        <ele>34.0</ele>
      </trkpt>
      <trkpt lat="47.5903" lon="-122.31057">
        <ele>34.5</ele>
      </trkpt>
      <trkpt lat="47.59044" lon="-122.31077">
        <ele>35.4</ele>
      </trkpt>
      <trkpt lat="47.59046" lon="-122.31081">
        <ele>35.8</ele>
      </trkpt>
      <trkpt lat="47.59048" lon="-122.31084">
        <ele>36.0</ele>
      </trkpt>
      <trkpt lat="47.5905" lon="-122.31087">
        <ele>36.3</ele>
      </trkpt>
      <trkpt lat="47.59052" lon="-122.31092">
        <ele>36.9</ele>
      </trkpt>
      <trkpt lat="47.59054" lon="-122.31097">
        <ele>37.5</ele>
      </trkpt>
      <trkpt lat="47.59059" lon="-122.31108">
        <ele>39.0</ele>
      </trkpt>
      <trkpt lat="47.59061" lon="-122.31116">
        <ele>40.0</ele>
      </trkpt>
      <trkpt lat="47.59062" lon="-122.31117">
        <ele>40.1</ele>
      </trkpt>
      <trkpt lat="47.59063" lon="-122.31121">
        <ele>40.5</ele>
      </trkpt>
      <trkpt lat="47.590649" lon="-122.31126">
        <ele>41.0</ele>
      </trkpt>
      <trkpt lat="47.59067" lon="-122.31131">
        <ele>41.5</ele>
      </trkpt>
      <trkpt lat="47.59069" lon="-122.31135">
        <ele>41.7</ele>
      </trkpt>
      <trkpt lat="47.59072" lon="-122.31141">
        <ele>42.2</ele>
      </trkpt>
      <trkpt lat="47.590739" lon="-122.31146">
        <ele>42.5</ele>
      </trkpt>
      <trkpt lat="47.59076" lon="-122.31151">
        <ele>42.8</ele>
      </trkpt>
      <trkpt lat="47.5908" lon="-122.31156">
        <ele>43.2</ele>
      </trkpt>
      <trkpt lat="47.59082" lon="-122.31159">
        <ele>43.4</ele>
      </trkpt>
      <trkpt lat="47.59085" lon="-122.31163">
        <ele>43.8</ele>
      </trkpt>
      <trkpt lat="47.5909" lon="-122.31168">
        <ele>44.2</ele>
      </trkpt>
      <trkpt lat="47.59094" lon="-122.31172">
        <ele>44.5</ele>
      </trkpt>
      <trkpt lat="47.59097" lon="-122.31175">
        <ele>44.7</ele>
      </trkpt>
      <trkpt lat="47.59104" lon="-122.3118">
        <ele>44.9</ele>
      </trkpt>
      <trkpt lat="47.5911" lon="-122.31185">
        <ele>45.1</ele>
      </trkpt>
      <trkpt lat="47.59117" lon="-122.31191">
        <ele>45.4</ele>
      </trkpt>
      <trkpt lat="47.59125" lon="-122.31197">
        <ele>45.7</ele>
      </trkpt>
      <trkpt lat="47.591299" lon="-122.31201">
        <ele>45.9</ele>
      </trkpt>
      <trkpt lat="47.59135" lon="-122.31205">
        <ele>46.1</ele>
      </trkpt>
      <trkpt lat="47.59157" lon="-122.31219">
        <ele>46.8</ele>
      </trkpt>
      <trkpt lat="47.59164" lon="-122.31223">
        <ele>46.7</ele>
      </trkpt>
      <trkpt lat="47.59178" lon="-122.31237">
        <ele>47.1</ele>
      </trkpt>
      <trkpt lat="47.59205" lon="-122.31258">
        <ele>47.3</ele>
      </trkpt>
      <trkpt lat="47.59237" lon="-122.31281">
        <ele>47.6</ele>
      </trkpt>
      <trkpt lat="47.59263" lon="-122.31301">
        <ele>48.4</ele>
      </trkpt>
      <trkpt lat="47.59274" lon="-122.31309">
        <ele>48.4</ele>
      </trkpt>
      <trkpt lat="47.59285" lon="-122.31318">
        <ele>49.1</ele>
      </trkpt>
      <trkpt lat="47.59291" lon="-122.31322">
        <ele>49.5</ele>
      </trkpt>
      <trkpt lat="47.59298" lon="-122.31326">
        <ele>49.9</ele>
      </trkpt>
      <trkpt lat="47.59304" lon="-122.31329">
        <ele>50.2</ele>
      </trkpt>
      <trkpt lat="47.593089" lon="-122.31331">
        <ele>50.4</ele>
      </trkpt>
      <trkpt lat="47.59315" lon="-122.31334">
        <ele>50.7</ele>
      </trkpt>
      <trkpt lat="47.59322" lon="-122.31336">
        <ele>50.6</ele>
      </trkpt>
      <trkpt lat="47.59328" lon="-122.31339">
        <ele>50.5</ele>
      </trkpt>
      <trkpt lat="47.593359" lon="-122.31341">
        <ele>50.0</ele>
      </trkpt>
      <trkpt lat="47.59343" lon="-122.31345">
        <ele>49.7</ele>
      </trkpt>
      <trkpt lat="47.5935" lon="-122.3135">
        <ele>49.3</ele>
      </trkpt>
      <trkpt lat="47.593559" lon="-122.31354">
        <ele>48.9</ele>
      </trkpt>
      <trkpt lat="47.59362" lon="-122.31359">
        <ele>48.6</ele>
      </trkpt>
      <trkpt lat="47.59371" lon="-122.31368">
        <ele>47.9</ele>
      </trkpt>
      <trkpt lat="47.59381" lon="-122.31379">
        <ele>48.1</ele>
      </trkpt>
      <trkpt lat="47.59386" lon="-122.31385">
        <ele>48.5</ele>
      </trkpt>
      <trkpt lat="47.59386" lon="-122.31385">
        <ele>48.5</ele>
      </trkpt>
      <trkpt lat="47.59386" lon="-122.31385">
        <ele>48.5</ele>
      </trkpt>
      <trkpt lat="47.59385" lon="-122.31387">
        <ele>48.8</ele>
      </trkpt>
      <trkpt lat="47.59385" lon="-122.31388">
        <ele>48.9</ele>
      </trkpt>
      <trkpt lat="47.59385" lon="-122.3139">
        <ele>49.2</ele>
      </trkpt>
      <trkpt lat="47.59385" lon="-122.31392">
        <ele>49.4</ele>
      </trkpt>
      <trkpt lat="47.59386" lon="-122.31395">
        <ele>49.7</ele>
      </trkpt>
      <trkpt lat="47.59386" lon="-122.31397">
        <ele>49.9</ele>
      </trkpt>
      <trkpt lat="47.59388" lon="-122.31401">
        <ele>50.3</ele>
      </trkpt>
      <trkpt lat="47.59389" lon="-122.31405">
        <ele>50.7</ele>
      </trkpt>
      <trkpt lat="47.59391" lon="-122.31409">
        <ele>50.9</ele>
      </trkpt>
      <trkpt lat="47.59392" lon="-122.31414">
        <ele>51.3</ele>
      </trkpt>
      <trkpt lat="47.59394" lon="-122.31419">
        <ele>51.6</ele>
      </trkpt>
      <trkpt lat="47.59397" lon="-122.31423">
        <ele>51.7</ele>
      </trkpt>
      <trkpt lat="47.59399" lon="-122.31426">
        <ele>51.8</ele>
      </trkpt>
      <trkpt lat="47.59402" lon="-122.31431">
        <ele>51.9</ele>
      </trkpt>
      <trkpt lat="47.59405" lon="-122.31434">
        <ele>51.9</ele>
      </trkpt>
      <trkpt lat="47.59408" lon="-122.31438">
        <ele>51.9</ele>
      </trkpt>
      <trkpt lat="47.5941" lon="-122.31441">
        <ele>52.0</ele>
      </trkpt>
      <trkpt lat="47.59413" lon="-122.31445">
        <ele>52.0</ele>
      </trkpt>
      <trkpt lat="47.59416" lon="-122.31448">
        <ele>51.9</ele>
      </trkpt>
      <trkpt lat="47.59419" lon="-122.31452">
        <ele>51.9</ele>
      </trkpt>
      <trkpt lat="47.59422" lon="-122.31455">
        <ele>51.9</ele>
      </trkpt>
      <trkpt lat="47.59424" lon="-122.31457">
        <ele>51.8</ele>
      </trkpt>
      <trkpt lat="47.59426" lon="-122.31458">
        <ele>51.7</ele>
      </trkpt>
      <trkpt lat="47.59429" lon="-122.3146">
        <ele>51.5</ele>
      </trkpt>
      <trkpt lat="47.59432" lon="-122.3146">
        <ele>51.2</ele>
      </trkpt>
      <trkpt lat="47.5944" lon="-122.31476">
        <ele>51.5</ele>
      </trkpt>
      <trkpt lat="47.59442" lon="-122.31483">
        <ele>51.8</ele>
      </trkpt>
      <trkpt lat="47.59445" lon="-122.31489">
        <ele>52.0</ele>
      </trkpt>
      <trkpt lat="47.59447" lon="-122.31495">
        <ele>52.2</ele>
      </trkpt>
      <trkpt lat="47.59448" lon="-122.315">
        <ele>52.4</ele>
      </trkpt>
      <trkpt lat="47.59449" lon="-122.31502">
        <ele>52.4</ele>
      </trkpt>
      <trkpt lat="47.59451" lon="-122.31507">
        <ele>52.6</ele>
      </trkpt>
      <trkpt lat="47.59452" lon="-122.31513">
        <ele>52.9</ele>
      </trkpt>
      <trkpt lat="47.59454" lon="-122.31519">
        <ele>53.1</ele>
      </trkpt>
      <trkpt lat="47.59454" lon="-122.31519">
        <ele>53.1</ele>
      </trkpt>
      <trkpt lat="47.59454" lon="-122.31519">
        <ele>53.1</ele>
      </trkpt>
      <trkpt lat="47.59456" lon="-122.31525">
        <ele>53.3</ele>
      </trkpt>
      <trkpt lat="47.59458" lon="-122.31532">
        <ele>53.5</ele>
      </trkpt>
      <trkpt lat="47.59461" lon="-122.31542">
        <ele>54.0</ele>
      </trkpt>
      <trkpt lat="47.59464" lon="-122.31555">
        <ele>54.8</ele>
      </trkpt>
      <trkpt lat="47.59466" lon="-122.31569">
        <ele>55.4</ele>
      </trkpt>
      <trkpt lat="47.59467" lon="-122.31577">
        <ele>55.5</ele>
      </trkpt>
      <trkpt lat="47.59467" lon="-122.31586">
        <ele>55.5</ele>
      </trkpt>
      <trkpt lat="47.59467" lon="-122.31596">
        <ele>55.3</ele>
      </trkpt>
      <trkpt lat="47.59466" lon="-122.31605">
        <ele>55.2</ele>
      </trkpt>
      <trkpt lat="47.59465" lon="-122.31618">
        <ele>54.8</ele>
      </trkpt>
      <trkpt lat="47.59462" lon="-122.31633">
        <ele>54.8</ele>
      </trkpt>
      <trkpt lat="47.5946" lon="-122.31645">
        <ele>54.7</ele>
      </trkpt>
      <trkpt lat="47.59458" lon="-122.31656">
        <ele>54.4</ele>
      </trkpt>
      <trkpt lat="47.59455" lon="-122.31665">
        <ele>54.7</ele>
      </trkpt>
      <trkpt lat="47.59451" lon="-122.31681">
        <ele>55.0</ele>
      </trkpt>
      <trkpt lat="47.59449" lon="-122.31689">
        <ele>54.9</ele>
      </trkpt>
      <trkpt lat="47.59448" lon="-122.31693">
        <ele>54.8</ele>
      </trkpt>
      <trkpt lat="47.59445" lon="-122.31705">
        <ele>54.7</ele>
      </trkpt>
      <trkpt lat="47.59442" lon="-122.31715">
        <ele>54.8</ele>
      </trkpt>
      <trkpt lat="47.59439" lon="-122.31728">
        <ele>54.2</ele>
      </trkpt>
      <trkpt lat="47.59436" lon="-122.3174">
        <ele>53.9</ele>
      </trkpt>
      <trkpt lat="47.59433" lon="-122.31753">
        <ele>52.8</ele>
      </trkpt>
      <trkpt lat="47.59431" lon="-122.31761">
        <ele>52.3</ele>
      </trkpt>
      <trkpt lat="47.59428" lon="-122.31771">
        <ele>52.3</ele>
      </trkpt>
      <trkpt lat="47.59425" lon="-122.31777">
        <ele>52.7</ele>
      </trkpt>
      <trkpt lat="47.59423" lon="-122.31781">
        <ele>52.7</ele>
      </trkpt>
      <trkpt lat="47.594209" lon="-122.31784">
        <ele>53.0</ele>
      </trkpt>
      <trkpt lat="47.59418" lon="-122.31788">
        <ele>53.7</ele>
      </trkpt>
      <trkpt lat="47.59414" lon="-122.31792">
        <ele>54.4</ele>
      </trkpt>
      <trkpt lat="47.59408" lon="-122.31797">
        <ele>55.2</ele>
      </trkpt>
      <trkpt lat="47.594" lon="-122.31804">
        <ele>55.8</ele>
      </trkpt>
      <trkpt lat="47.59392" lon="-122.31812">
        <ele>55.6</ele>
      </trkpt>
      <trkpt lat="47.59386" lon="-122.31819">
        <ele>55.1</ele>
      </trkpt>
      <trkpt lat="47.59381" lon="-122.31827">
        <ele>54.3</ele>
      </trkpt>
      <trkpt lat="47.59376" lon="-122.31834">
        <ele>53.8</ele>
      </trkpt>
      <trkpt lat="47.59372" lon="-122.31842">
        <ele>53.2</ele>
      </trkpt>
      <trkpt lat="47.59368" lon="-122.3185">
        <ele>52.7</ele>
      </trkpt>
      <trkpt lat="47.59363" lon="-122.3186">
        <ele>52.2</ele>
      </trkpt>
      <trkpt lat="47.59355" lon="-122.31876">
        <ele>51.7</ele>
      </trkpt>
      <trkpt lat="47.59346" lon="-122.31887">
        <ele>51.9</ele>
      </trkpt>
      <trkpt lat="47.5934" lon="-122.31895">
        <ele>51.7</ele>
      </trkpt>
      <trkpt lat="47.59332" lon="-122.31901">
        <ele>51.7</ele>
      </trkpt>
      <trkpt lat="47.59322" lon="-122.31911">
        <ele>51.3</ele>
      </trkpt>
      <trkpt lat="47.5931" lon="-122.31918">
        <ele>51.7</ele>
      </trkpt>
      <trkpt lat="47.59275" lon="-122.31934">
        <ele>52.1</ele>
      </trkpt>
      <trkpt lat="47.59265" lon="-122.31938">
        <ele>52.1</ele>
      </trkpt>
      <trkpt lat="47.59251" lon="-122.31944">
        <ele>51.8</ele>
      </trkpt>
      <trkpt lat="47.59223" lon="-122.31958">
        <ele>49.1</ele>
      </trkpt>
      <trkpt lat="47.591769" lon="-122.31978">
        <ele>47.7</ele>
      </trkpt>
      <trkpt lat="47.59173" lon="-122.31981">
        <ele>47.3</ele>
      </trkpt>
      <trkpt lat="47.59169" lon="-122.31984">
        <ele>46.9</ele>
      </trkpt>
      <trkpt lat="47.59166" lon="-122.31987">
        <ele>46.5</ele>
      </trkpt>
      <trkpt lat="47.59162" lon="-122.31988">
        <ele>46.4</ele>
      </trkpt>
      <trkpt lat="47.59158" lon="-122.31989">
        <ele>46.2</ele>
      </trkpt>
      <trkpt lat="47.59148" lon="-122.31989">
        <ele>46.3</ele>
      </trkpt>
      <trkpt lat="47.59132" lon="-122.31988">
        <ele>46.8</ele>
      </trkpt>
      <trkpt lat="47.59096" lon="-122.31989">
        <ele>50.6</ele>
      </trkpt>
      <trkpt lat="47.59085" lon="-122.31989">
        <ele>50.1</ele>
      </trkpt>
      <trkpt lat="47.590739" lon="-122.31989">
        <ele>49.1</ele>
      </trkpt>
      <trkpt lat="47.59062" lon="-122.31991">
        <ele>47.9</ele>
      </trkpt>
      <trkpt lat="47.59053" lon="-122.31992">
        <ele>47.4</ele>
      </trkpt>
      <trkpt lat="47.59037" lon="-122.31995">
        <ele>46.8</ele>
      </trkpt>
      <trkpt lat="47.59019" lon="-122.31999">
        <ele>46.7</ele>
      </trkpt>
      <trkpt lat="47.5901" lon="-122.32">
        <ele>47.2</ele>
      </trkpt>
      <trkpt lat="47.59" lon="-122.32001">
        <ele>47.7</ele>
      </trkpt>
      <trkpt lat="47.58992" lon="-122.32001">
        <ele>48.1</ele>
      </trkpt>
      <trkpt lat="47.58987" lon="-122.32001">
        <ele>48.4</ele>
      </trkpt>
      <trkpt lat="47.58982" lon="-122.32">
        <ele>48.8</ele>
      </trkpt>
      <trkpt lat="47.5897" lon="-122.31999">
        <ele>49.6</ele>
      </trkpt>
      <trkpt lat="47.58958" lon="-122.31998">
        <ele>50.2</ele>
      </trkpt>
      <trkpt lat="47.58946" lon="-122.31998">
        <ele>49.8</ele>
      </trkpt>
      <trkpt lat="47.589329" lon="-122.31998">
        <ele>49.1</ele>
      </trkpt>
      <trkpt lat="47.58925" lon="-122.31998">
        <ele>48.7</ele>
      </trkpt>
      <trkpt lat="47.58917" lon="-122.31997">
        <ele>48.5</ele>
      </trkpt>
      <trkpt lat="47.58913" lon="-122.31997">
        <ele>48.0</ele>
      </trkpt>
      <trkpt lat="47.58904" lon="-122.31996">
        <ele>47.2</ele>
      </trkpt>
      <trkpt lat="47.588949" lon="-122.31994">
        <ele>46.7</ele>
      </trkpt>
      <trkpt lat="47.58885" lon="-122.31993">
        <ele>45.9</ele>
      </trkpt>
      <trkpt lat="47.5887" lon="-122.31992">
        <ele>45.0</ele>
      </trkpt>
      <trkpt lat="47.58847" lon="-122.31992">
        <ele>43.0</ele>
      </trkpt>
      <trkpt lat="47.58835" lon="-122.31991">
        <ele>42.1</ele>
      </trkpt>
      <trkpt lat="47.58819" lon="-122.31989">
        <ele>41.0</ele>
      </trkpt>
      <trkpt lat="47.5881" lon="-122.31989">
        <ele>40.0</ele>
      </trkpt>
      <trkpt lat="47.58798" lon="-122.31987">
        <ele>39.2</ele>
      </trkpt>
      <trkpt lat="47.58788" lon="-122.31985">
        <ele>39.2</ele>
      </trkpt>
      <trkpt lat="47.58776" lon="-122.31982">
        <ele>39.4</ele>
      </trkpt>
      <trkpt lat="47.58762" lon="-122.31976">
        <ele>40.0</ele>
      </trkpt>
      <trkpt lat="47.58758" lon="-122.31975">
        <ele>39.8</ele>
      </trkpt>
      <trkpt lat="47.58753" lon="-122.31974">
        <ele>39.2</ele>
      </trkpt>
      <trkpt lat="47.58749" lon="-122.31974">
        <ele>38.5</ele>
      </trkpt>
      <trkpt lat="47.58742" lon="-122.31973">
        <ele>37.6</ele>
      </trkpt>
      <trkpt lat="47.58726" lon="-122.31973">
        <ele>35.4</ele>
      </trkpt>
      <trkpt lat="47.58719" lon="-122.31973">
        <ele>34.8</ele>
      </trkpt>
      <trkpt lat="47.58707" lon="-122.31973">
        <ele>34.1</ele>
      </trkpt>
      <trkpt lat="47.58696" lon="-122.31972">
        <ele>33.8</ele>
      </trkpt>
      <trkpt lat="47.58691" lon="-122.31971">
        <ele>33.9</ele>
      </trkpt>
      <trkpt lat="47.58679" lon="-122.31971">
        <ele>33.9</ele>
      </trkpt>
      <trkpt lat="47.58675" lon="-122.31971">
        <ele>33.9</ele>
      </trkpt>
      <trkpt lat="47.58672" lon="-122.3197">
        <ele>34.1</ele>
      </trkpt>
      <trkpt lat="47.58668" lon="-122.31969">
        <ele>34.2</ele>
      </trkpt>
      <trkpt lat="47.58664" lon="-122.31967">
        <ele>34.5</ele>
      </trkpt>
      <trkpt lat="47.58662" lon="-122.31966">
        <ele>34.7</ele>
      </trkpt>
      <trkpt lat="47.58641" lon="-122.31953">
        <ele>37.0</ele>
      </trkpt>
      <trkpt lat="47.586239" lon="-122.31941">
        <ele>39.4</ele>
      </trkpt>
      <trkpt lat="47.58616" lon="-122.31936">
        <ele>40.1</ele>
      </trkpt>
      <trkpt lat="47.58611" lon="-122.31933">
        <ele>40.3</ele>
      </trkpt>
      <trkpt lat="47.58607" lon="-122.3193">
        <ele>40.6</ele>
      </trkpt>
      <trkpt lat="47.586039" lon="-122.31928">
        <ele>40.8</ele>
      </trkpt>
      <trkpt lat="47.58602" lon="-122.31926">
        <ele>40.9</ele>
      </trkpt>
      <trkpt lat="47.58599" lon="-122.31923">
        <ele>41.4</ele>
      </trkpt>
      <trkpt lat="47.58596" lon="-122.3192">
        <ele>41.9</ele>
      </trkpt>
      <trkpt lat="47.58592" lon="-122.31917">
        <ele>42.3</ele>
      </trkpt>
      <trkpt lat="47.58588" lon="-122.31915">
        <ele>42.6</ele>
      </trkpt>
      <trkpt lat="47.585859" lon="-122.31914">
        <ele>42.7</ele>
      </trkpt>
      <trkpt lat="47.58584" lon="-122.31913">
        <ele>42.8</ele>
      </trkpt>
      <trkpt lat="47.58582" lon="-122.31913">
        <ele>42.8</ele>
      </trkpt>
      <trkpt lat="47.58581" lon="-122.31913">
        <ele>42.7</ele>
      </trkpt>
      <trkpt lat="47.58576" lon="-122.31914">
        <ele>42.3</ele>
      </trkpt>
      <trkpt lat="47.58576" lon="-122.31914">
        <ele>42.3</ele>
      </trkpt>
      <trkpt lat="47.58576" lon="-122.31914">
        <ele>42.3</ele>
      </trkpt>
      <trkpt lat="47.5858" lon="-122.31921">
        <ele>41.4</ele>
      </trkpt>
      <trkpt lat="47.585859" lon="-122.31931">
        <ele>39.9</ele>
      </trkpt>
      <trkpt lat="47.5859" lon="-122.31939">
        <ele>38.8</ele>
      </trkpt>
      <trkpt lat="47.58594" lon="-122.31947">
        <ele>37.7</ele>
      </trkpt>
      <trkpt lat="47.58597" lon="-122.31954">
        <ele>36.5</ele>
      </trkpt>
      <trkpt lat="47.586" lon="-122.31962">
        <ele>35.0</ele>
      </trkpt>
      <trkpt lat="47.58603" lon="-122.31972">
        <ele>33.0</ele>
      </trkpt>
      <trkpt lat="47.58606" lon="-122.31982">
        <ele>30.7</ele>
      </trkpt>
      <trkpt lat="47.58608" lon="-122.31991">
        <ele>28.3</ele>
      </trkpt>
      <trkpt lat="47.58609" lon="-122.31998">
        <ele>26.4</ele>
      </trkpt>
      <trkpt lat="47.58609" lon="-122.32004">
        <ele>24.9</ele>
      </trkpt>
      <trkpt lat="47.5861" lon="-122.32007">
        <ele>24.2</ele>
      </trkpt>
      <trkpt lat="47.58611" lon="-122.32017">
        <ele>22.2</ele>
      </trkpt>
      <trkpt lat="47.58611" lon="-122.32026">
        <ele>20.7</ele>
      </trkpt>
      <trkpt lat="47.58611" lon="-122.32035">
        <ele>19.5</ele>
      </trkpt>
      <trkpt lat="47.58611" lon="-122.32036">
        <ele>19.3</ele>
      </trkpt>
      <trkpt lat="47.58611" lon="-122.3206">
        <ele>15.3</ele>
      </trkpt>
      <trkpt lat="47.58611" lon="-122.321187">
        <ele>10.8</ele>
      </trkpt>
      <trkpt lat="47.58611" lon="-122.32119">
        <ele>10.8</ele>
      </trkpt>
      <trkpt lat="47.58611" lon="-122.32138">
        <ele>10.7</ele>
      </trkpt>
      <trkpt lat="47.58611" lon="-122.3214">
        <ele>10.7</ele>
      </trkpt>
      <trkpt lat="47.58611" lon="-122.32209">
        <ele>10.3</ele>
      </trkpt>
      <trkpt lat="47.5861" lon="-122.32316">
        <ele>9.5</ele>
      </trkpt>
      <trkpt lat="47.5861" lon="-122.3234">
        <ele>9.4</ele>
      </trkpt>
      <trkpt lat="47.58615" lon="-122.32356">
        <ele>9.4</ele>
      </trkpt>
      <trkpt lat="47.58617" lon="-122.32401">
        <ele>9.1</ele>
      </trkpt>
      <trkpt lat="47.58617" lon="-122.32416">
        <ele>9.0</ele>
      </trkpt>
      <trkpt lat="47.58618" lon="-122.32441">
        <ele>8.9</ele>
      </trkpt>
      <trkpt lat="47.58618" lon="-122.32447">
        <ele>8.9</ele>
      </trkpt>
      <trkpt lat="47.58618" lon="-122.32473">
        <ele>8.8</ele>
      </trkpt>
      <trkpt lat="47.58618" lon="-122.32597">
        <ele>8.0</ele>
      </trkpt>
      <trkpt lat="47.5862" lon="-122.32653">
        <ele>7.7</ele>
      </trkpt>
      <trkpt lat="47.5862" lon="-122.32727">
        <ele>7.4</ele>
      </trkpt>
      <trkpt lat="47.5862" lon="-122.32756">
        <ele>7.4</ele>
      </trkpt>
      <trkpt lat="47.5862" lon="-122.32768">
        <ele>7.4</ele>
      </trkpt>
      <trkpt lat="47.58619" lon="-122.3279">
        <ele>7.4</ele>
      </trkpt>
      <trkpt lat="47.58619" lon="-122.32838">
        <ele>7.2</ele>
      </trkpt>
      <trkpt lat="47.5862" lon="-122.32905">
        <ele>7.2</ele>
      </trkpt>
      <trkpt lat="47.5862" lon="-122.32999">
        <ele>7.2</ele>
      </trkpt>
      <trkpt lat="47.5862" lon="-122.33014">
        <ele>7.2</ele>
      </trkpt>
      <trkpt lat="47.5862" lon="-122.33021">
        <ele>7.2</ele>
      </trkpt>
      <trkpt lat="47.5862" lon="-122.33026">
        <ele>7.2</ele>
      </trkpt>
      <trkpt lat="47.5862" lon="-122.33032">
        <ele>7.1</ele>
      </trkpt>
      <trkpt lat="47.5862" lon="-122.33038">
        <ele>7.1</ele>
      </trkpt>
      <trkpt lat="47.5862" lon="-122.33047">
        <ele>7.1</ele>
      </trkpt>
      <trkpt lat="47.58621" lon="-122.33078">
        <ele>7.0</ele>
      </trkpt>
      <trkpt lat="47.58622" lon="-122.33194">
        <ele>6.8</ele>
      </trkpt>
      <trkpt lat="47.58622" lon="-122.33201">
        <ele>6.8</ele>
      </trkpt>
      <trkpt lat="47.58622" lon="-122.33207">
        <ele>6.8</ele>
      </trkpt>
      <trkpt lat="47.58622" lon="-122.33212">
        <ele>6.8</ele>
      </trkpt>
      <trkpt lat="47.58622" lon="-122.33217">
        <ele>6.7</ele>
      </trkpt>
      <trkpt lat="47.58621" lon="-122.33232">
        <ele>6.7</ele>
      </trkpt>
      <trkpt lat="47.58621" lon="-122.33248">
        <ele>6.6</ele>
      </trkpt>
      <trkpt lat="47.58618" lon="-122.33296">
        <ele>6.6</ele>
      </trkpt>
      <trkpt lat="47.58616" lon="-122.33328">
        <ele>6.5</ele>
      </trkpt>
      <trkpt lat="47.58615" lon="-122.33369">
        <ele>6.3</ele>
      </trkpt>
      <trkpt lat="47.58614" lon="-122.33419">
        <ele>6.1</ele>
      </trkpt>
      <trkpt lat="47.58614" lon="-122.33419">
        <ele>6.1</ele>
      </trkpt>
      <trkpt lat="47.58607" lon="-122.33419">
        <ele>6.2</ele>
      </trkpt>
      <trkpt lat="47.58555" lon="-122.3342">
        <ele>6.2</ele>
      </trkpt>
      <trkpt lat="47.585389" lon="-122.3342">
        <ele>6.1</ele>
      </trkpt>
      <trkpt lat="47.58532" lon="-122.3342">
        <ele>6.0</ele>
      </trkpt>
      <trkpt lat="47.58441" lon="-122.3342">
        <ele>5.6</ele>
      </trkpt>
      <trkpt lat="47.58429" lon="-122.3342">
        <ele>5.6</ele>
      </trkpt>
      <trkpt lat="47.58421" lon="-122.3342">
        <ele>5.5</ele>
      </trkpt>
      <trkpt lat="47.58395" lon="-122.3342">
        <ele>5.5</ele>
      </trkpt>
      <trkpt lat="47.58344" lon="-122.3342">
        <ele>5.4</ele>
      </trkpt>
      <trkpt lat="47.58326" lon="-122.3342">
        <ele>5.3</ele>
      </trkpt>
      <trkpt lat="47.58258" lon="-122.3342">
        <ele>5.2</ele>
      </trkpt>
      <trkpt lat="47.58233" lon="-122.3342">
        <ele>5.1</ele>
      </trkpt>
      <trkpt lat="47.58191" lon="-122.3342">
        <ele>5.0</ele>
      </trkpt>
      <trkpt lat="47.58148" lon="-122.3342">
        <ele>4.9</ele>
      </trkpt>
      <trkpt lat="47.58086" lon="-122.3342">
        <ele>4.9</ele>
      </trkpt>
      <trkpt lat="47.58077" lon="-122.3342">
        <ele>4.9</ele>
      </trkpt>
      <trkpt lat="47.58053" lon="-122.3342">
        <ele>4.9</ele>
      </trkpt>
      <trkpt lat="47.57982" lon="-122.3342">
        <ele>4.9</ele>
      </trkpt>
      <trkpt lat="47.57925" lon="-122.3342">
        <ele>5.0</ele>
      </trkpt>
      <trkpt lat="47.57917" lon="-122.3342">
        <ele>5.0</ele>
      </trkpt>
      <trkpt lat="47.57876" lon="-122.3342">
        <ele>4.9</ele>
      </trkpt>
      <trkpt lat="47.57861" lon="-122.3342">
        <ele>4.9</ele>
      </trkpt>
      <trkpt lat="47.57842" lon="-122.3342">
        <ele>5.0</ele>
      </trkpt>
      <trkpt lat="47.57827" lon="-122.3342">
        <ele>5.0</ele>
      </trkpt>
      <trkpt lat="47.5781" lon="-122.3342">
        <ele>5.0</ele>
      </trkpt>
      <trkpt lat="47.57799" lon="-122.3342">
        <ele>5.0</ele>
      </trkpt>
      <trkpt lat="47.57773" lon="-122.3342">
        <ele>5.0</ele>
      </trkpt>
      <trkpt lat="47.5773" lon="-122.3342">
        <ele>5.1</ele>
      </trkpt>
      <trkpt lat="47.57636" lon="-122.3342">
        <ele>4.9</ele>
      </trkpt>
      <trkpt lat="47.57585" lon="-122.3342">
        <ele>5.0</ele>
      </trkpt>
      <trkpt lat="47.57558" lon="-122.33419">
        <ele>5.0</ele>
      </trkpt>
      <trkpt lat="47.5753" lon="-122.33419">
        <ele>5.0</ele>
      </trkpt>
      <trkpt lat="47.57517" lon="-122.33419">
        <ele>5.0</ele>
      </trkpt>
      <trkpt lat="47.57461" lon="-122.3342">
        <ele>5.1</ele>
      </trkpt>
      <trkpt lat="47.57439" lon="-122.33425">
        <ele>5.0</ele>
      </trkpt>
      <trkpt lat="47.57439" lon="-122.33425">
        <ele>5.0</ele>
      </trkpt>
      <trkpt lat="47.57439" lon="-122.33425">
        <ele>5.0</ele>
      </trkpt>
      <trkpt lat="47.57439" lon="-122.33511">
        <ele>4.7</ele>
      </trkpt>
      <trkpt lat="47.57438" lon="-122.33668">
        <ele>4.2</ele>
      </trkpt>
      <trkpt lat="47.57438" lon="-122.33678">
        <ele>4.1</ele>
      </trkpt>
      <trkpt lat="47.57438" lon="-122.33684">
        <ele>4.1</ele>
      </trkpt>
      <trkpt lat="47.57438" lon="-122.3369">
        <ele>4.1</ele>
      </trkpt>
      <trkpt lat="47.57438" lon="-122.33695">
        <ele>4.1</ele>
      </trkpt>
      <trkpt lat="47.57438" lon="-122.33756">
        <ele>3.8</ele>
      </trkpt>
      <trkpt lat="47.57438" lon="-122.33805">
        <ele>3.6</ele>
      </trkpt>
      <trkpt lat="47.57438" lon="-122.33826">
        <ele>3.6</ele>
      </trkpt>
      <trkpt lat="47.57438" lon="-122.33925">
        <ele>3.3</ele>
      </trkpt>
      <trkpt lat="47.57438" lon="-122.33935">
        <ele>3.3</ele>
      </trkpt>
      <trkpt lat="47.57438" lon="-122.33946">
        <ele>3.2</ele>
      </trkpt>
      <trkpt lat="47.57438" lon="-122.3395">
        <ele>3.2</ele>
      </trkpt>
      <trkpt lat="47.57438" lon="-122.33952">
        <ele>3.2</ele>
      </trkpt>
      <trkpt lat="47.57438" lon="-122.33953">
        <ele>3.2</ele>
      </trkpt>
      <trkpt lat="47.57437" lon="-122.33954">
        <ele>3.2</ele>
      </trkpt>
      <trkpt lat="47.57437" lon="-122.33955">
        <ele>3.2</ele>
      </trkpt>
      <trkpt lat="47.57437" lon="-122.33956">
        <ele>3.2</ele>
      </trkpt>
      <trkpt lat="47.57437" lon="-122.33958">
        <ele>3.2</ele>
      </trkpt>
      <trkpt lat="47.57438" lon="-122.33987">
        <ele>3.1</ele>
      </trkpt>
      <trkpt lat="47.57438" lon="-122.33987">
        <ele>3.1</ele>
      </trkpt>
      <trkpt lat="47.57438" lon="-122.33987">
        <ele>3.1</ele>
      </trkpt>
      <trkpt lat="47.57429" lon="-122.33986">
        <ele>3.1</ele>
      </trkpt>
      <trkpt lat="47.57423" lon="-122.33986">
        <ele>3.1</ele>
      </trkpt>
      <trkpt lat="47.574039" lon="-122.33986">
        <ele>3.2</ele>
      </trkpt>
      <trkpt lat="47.57371" lon="-122.33986">
        <ele>3.2</ele>
      </trkpt>
      <trkpt lat="47.57278" lon="-122.33984">
        <ele>3.3</ele>
      </trkpt>
      <trkpt lat="47.57266" lon="-122.33997">
        <ele>3.2</ele>
      </trkpt>
      <trkpt lat="47.57262" lon="-122.34001">
        <ele>3.2</ele>
      </trkpt>
      <trkpt lat="47.57261" lon="-122.34002">
        <ele>3.2</ele>
      </trkpt>
      <trkpt lat="47.57259" lon="-122.34003">
        <ele>3.2</ele>
      </trkpt>
      <trkpt lat="47.57257" lon="-122.34004">
        <ele>3.2</ele>
      </trkpt>
      <trkpt lat="47.572539" lon="-122.34005">
        <ele>3.2</ele>
      </trkpt>
      <trkpt lat="47.5725" lon="-122.34006">
        <ele>3.2</ele>
      </trkpt>
      <trkpt lat="47.57244" lon="-122.34007">
        <ele>3.2</ele>
      </trkpt>
      <trkpt lat="47.5722" lon="-122.3401">
        <ele>3.2</ele>
      </trkpt>
      <trkpt lat="47.57219" lon="-122.3401">
        <ele>3.2</ele>
      </trkpt>
      <trkpt lat="47.57218" lon="-122.3401">
        <ele>3.2</ele>
      </trkpt>
      <trkpt lat="47.57215" lon="-122.3401">
        <ele>3.2</ele>
      </trkpt>
      <trkpt lat="47.57211" lon="-122.3401">
        <ele>3.2</ele>
      </trkpt>
      <trkpt lat="47.57195" lon="-122.34008">
        <ele>3.2</ele>
      </trkpt>
      <trkpt lat="47.57185" lon="-122.34007">
        <ele>3.2</ele>
      </trkpt>
      <trkpt lat="47.57185" lon="-122.34007">
        <ele>3.2</ele>
      </trkpt>
      <trkpt lat="47.57185" lon="-122.34007">
        <ele>3.2</ele>
      </trkpt>
      <trkpt lat="47.57183" lon="-122.34012">
        <ele>3.2</ele>
      </trkpt>
      <trkpt lat="47.57183" lon="-122.34015">
        <ele>3.2</ele>
      </trkpt>
      <trkpt lat="47.57182" lon="-122.34018">
        <ele>3.2</ele>
      </trkpt>
      <trkpt lat="47.57182" lon="-122.34021">
        <ele>3.2</ele>
      </trkpt>
      <trkpt lat="47.57182" lon="-122.34025">
        <ele>3.2</ele>
      </trkpt>
      <trkpt lat="47.57182" lon="-122.34035">
        <ele>3.1</ele>
      </trkpt>
      <trkpt lat="47.57182" lon="-122.34037">
        <ele>3.1</ele>
      </trkpt>
      <trkpt lat="47.57182" lon="-122.34038">
        <ele>3.1</ele>
      </trkpt>
      <trkpt lat="47.57182" lon="-122.34041">
        <ele>3.1</ele>
      </trkpt>
      <trkpt lat="47.57182" lon="-122.34043">
        <ele>3.1</ele>
      </trkpt>
      <trkpt lat="47.5718" lon="-122.34062">
        <ele>3.1</ele>
      </trkpt>
      <trkpt lat="47.57179" lon="-122.34066">
        <ele>3.1</ele>
      </trkpt>
      <trkpt lat="47.5718" lon="-122.34069">
        <ele>3.1</ele>
      </trkpt>
      <trkpt lat="47.5718" lon="-122.34072">
        <ele>3.1</ele>
      </trkpt>
      <trkpt lat="47.57181" lon="-122.34083">
        <ele>3.0</ele>
      </trkpt>
      <trkpt lat="47.57183" lon="-122.341">
        <ele>3.0</ele>
      </trkpt>
      <trkpt lat="47.5719" lon="-122.34136">
        <ele>2.9</ele>
      </trkpt>
      <trkpt lat="47.57192" lon="-122.34143">
        <ele>2.9</ele>
      </trkpt>
      <trkpt lat="47.57192" lon="-122.34146">
        <ele>2.9</ele>
      </trkpt>
      <trkpt lat="47.57193" lon="-122.34149">
        <ele>2.9</ele>
      </trkpt>
      <trkpt lat="47.57193" lon="-122.34153">
        <ele>2.9</ele>
      </trkpt>
      <trkpt lat="47.57193" lon="-122.34155">
        <ele>2.9</ele>
      </trkpt>
      <trkpt lat="47.57193" lon="-122.34158">
        <ele>2.9</ele>
      </trkpt>
      <trkpt lat="47.57193" lon="-122.34161">
        <ele>2.8</ele>
      </trkpt>
      <trkpt lat="47.57192" lon="-122.34166">
        <ele>2.8</ele>
      </trkpt>
      <trkpt lat="47.5719" lon="-122.34178">
        <ele>2.8</ele>
      </trkpt>
      <trkpt lat="47.57181" lon="-122.34227">
        <ele>2.7</ele>
      </trkpt>
      <trkpt lat="47.57179" lon="-122.34245">
        <ele>2.7</ele>
      </trkpt>
      <trkpt lat="47.57174" lon="-122.34274">
        <ele>2.6</ele>
      </trkpt>
      <trkpt lat="47.571689" lon="-122.34309">
        <ele>2.5</ele>
      </trkpt>
      <trkpt lat="47.57164" lon="-122.34339">
        <ele>2.4</ele>
      </trkpt>
      <trkpt lat="47.57163" lon="-122.34351">
        <ele>2.4</ele>
      </trkpt>
      <trkpt lat="47.57163" lon="-122.34356">
        <ele>2.4</ele>
      </trkpt>
      <trkpt lat="47.57162" lon="-122.34414">
        <ele>2.2</ele>
      </trkpt>
      <trkpt lat="47.57162" lon="-122.34475">
        <ele>0.9</ele>
      </trkpt>
      <trkpt lat="47.57163" lon="-122.34598">
        <ele>0.9</ele>
      </trkpt>
      <trkpt lat="47.57162" lon="-122.34614">
        <ele>1.7</ele>
      </trkpt>
      <trkpt lat="47.57162" lon="-122.34634">
        <ele>2.1</ele>
      </trkpt>
      <trkpt lat="47.57164" lon="-122.34663">
        <ele>2.1</ele>
      </trkpt>
      <trkpt lat="47.57165" lon="-122.34681">
        <ele>2.1</ele>
      </trkpt>
      <trkpt lat="47.57166" lon="-122.34691">
        <ele>2.1</ele>
      </trkpt>
      <trkpt lat="47.571689" lon="-122.34722">
        <ele>2.1</ele>
      </trkpt>
      <trkpt lat="47.57171" lon="-122.34739">
        <ele>2.1</ele>
      </trkpt>
      <trkpt lat="47.57172" lon="-122.34744">
        <ele>2.1</ele>
      </trkpt>
      <trkpt lat="47.57172" lon="-122.34746">
        <ele>2.1</ele>
      </trkpt>
      <trkpt lat="47.57171" lon="-122.34747">
        <ele>2.1</ele>
      </trkpt>
      <trkpt lat="47.57171" lon="-122.34748">
        <ele>2.1</ele>
      </trkpt>
      <trkpt lat="47.57171" lon="-122.34749">
        <ele>2.1</ele>
      </trkpt>
      <trkpt lat="47.5717" lon="-122.3475">
        <ele>2.1</ele>
      </trkpt>
      <trkpt lat="47.5717" lon="-122.34751">
        <ele>2.1</ele>
      </trkpt>
      <trkpt lat="47.571689" lon="-122.34751">
        <ele>2.1</ele>
      </trkpt>
      <trkpt lat="47.57164" lon="-122.34754">
        <ele>2.1</ele>
      </trkpt>
      <trkpt lat="47.57164" lon="-122.34754">
        <ele>2.1</ele>
      </trkpt>
      <trkpt lat="47.57164" lon="-122.34754">
        <ele>2.1</ele>
      </trkpt>
      <trkpt lat="47.57161" lon="-122.34756">
        <ele>2.1</ele>
      </trkpt>
      <trkpt lat="47.571599" lon="-122.34757">
        <ele>2.1</ele>
      </trkpt>
      <trkpt lat="47.57159" lon="-122.34758">
        <ele>2.1</ele>
      </trkpt>
      <trkpt lat="47.57159" lon="-122.34759">
        <ele>2.1</ele>
      </trkpt>
      <trkpt lat="47.57158" lon="-122.34762">
        <ele>2.1</ele>
      </trkpt>
      <trkpt lat="47.571599" lon="-122.34791">
        <ele>2.1</ele>
      </trkpt>
      <trkpt lat="47.571599" lon="-122.34793">
        <ele>2.1</ele>
      </trkpt>
      <trkpt lat="47.571599" lon="-122.34796">
        <ele>2.1</ele>
      </trkpt>
      <trkpt lat="47.571599" lon="-122.34797">
        <ele>2.1</ele>
      </trkpt>
      <trkpt lat="47.571599" lon="-122.34798">
        <ele>2.1</ele>
      </trkpt>
      <trkpt lat="47.57159" lon="-122.34799">
        <ele>2.1</ele>
      </trkpt>
      <trkpt lat="47.57159" lon="-122.348">
        <ele>2.1</ele>
      </trkpt>
      <trkpt lat="47.57156" lon="-122.34802">
        <ele>2.1</ele>
      </trkpt>
      <trkpt lat="47.57156" lon="-122.34802">
        <ele>2.1</ele>
      </trkpt>
      <trkpt lat="47.57156" lon="-122.34802">
        <ele>2.1</ele>
      </trkpt>
      <trkpt lat="47.57151" lon="-122.34803">
        <ele>2.1</ele>
      </trkpt>
      <trkpt lat="47.5715" lon="-122.34804">
        <ele>2.1</ele>
      </trkpt>
      <trkpt lat="47.57149" lon="-122.34805">
        <ele>2.1</ele>
      </trkpt>
      <trkpt lat="47.57149" lon="-122.34806">
        <ele>2.1</ele>
      </trkpt>
      <trkpt lat="47.57148" lon="-122.34808">
        <ele>2.1</ele>
      </trkpt>
      <trkpt lat="47.57149" lon="-122.34809">
        <ele>2.1</ele>
      </trkpt>
      <trkpt lat="47.57154" lon="-122.34841">
        <ele>2.1</ele>
      </trkpt>
      <trkpt lat="47.57154" lon="-122.34841">
        <ele>2.1</ele>
      </trkpt>
      <trkpt lat="47.57154" lon="-122.34841">
        <ele>2.1</ele>
      </trkpt>
      <trkpt lat="47.57141" lon="-122.3484">
        <ele>2.1</ele>
      </trkpt>
      <trkpt lat="47.57134" lon="-122.34839">
        <ele>2.1</ele>
      </trkpt>
      <trkpt lat="47.57134" lon="-122.34839">
        <ele>2.1</ele>
      </trkpt>
      <trkpt lat="47.57134" lon="-122.34839">
        <ele>2.1</ele>
      </trkpt>
      <trkpt lat="47.57133" lon="-122.34846">
        <ele>2.1</ele>
      </trkpt>
      <trkpt lat="47.57133" lon="-122.34871">
        <ele>2.1</ele>
      </trkpt>
      <trkpt lat="47.5713" lon="-122.34887">
        <ele>2.1</ele>
      </trkpt>
      <trkpt lat="47.5713" lon="-122.34887">
        <ele>2.1</ele>
      </trkpt>
      <trkpt lat="47.5713" lon="-122.34887">
        <ele>2.1</ele>
      </trkpt>
      <trkpt lat="47.57132" lon="-122.3489">
        <ele>2.1</ele>
      </trkpt>
      <trkpt lat="47.57133" lon="-122.34892">
        <ele>2.1</ele>
      </trkpt>
      <trkpt lat="47.57133" lon="-122.34894">
        <ele>2.1</ele>
      </trkpt>
      <trkpt lat="47.57134" lon="-122.34896">
        <ele>2.1</ele>
      </trkpt>
      <trkpt lat="47.57134" lon="-122.34899">
        <ele>2.1</ele>
      </trkpt>
      <trkpt lat="47.57134" lon="-122.34933">
        <ele>2.1</ele>
      </trkpt>
      <trkpt lat="47.57134" lon="-122.35048">
        <ele>2.1</ele>
      </trkpt>
      <trkpt lat="47.57133" lon="-122.35066">
        <ele>2.1</ele>
      </trkpt>
      <trkpt lat="47.57133" lon="-122.3507">
        <ele>2.1</ele>
      </trkpt>
      <trkpt lat="47.57133" lon="-122.35104">
        <ele>2.1</ele>
      </trkpt>
      <trkpt lat="47.57133" lon="-122.3511">
        <ele>2.1</ele>
      </trkpt>
      <trkpt lat="47.57133" lon="-122.35141">
        <ele>2.1</ele>
      </trkpt>
      <trkpt lat="47.57133" lon="-122.35144">
        <ele>2.1</ele>
      </trkpt>
      <trkpt lat="47.57133" lon="-122.35148">
        <ele>2.1</ele>
      </trkpt>
      <trkpt lat="47.57133" lon="-122.35172">
        <ele>2.1</ele>
      </trkpt>
      <trkpt lat="47.57132" lon="-122.35282">
        <ele>2.0</ele>
      </trkpt>
      <trkpt lat="47.57132" lon="-122.35291">
        <ele>1.8</ele>
      </trkpt>
      <trkpt lat="47.57133" lon="-122.35448">
        <ele>1.8</ele>
      </trkpt>
      <trkpt lat="47.57132" lon="-122.35608">
        <ele>3.4</ele>
      </trkpt>
      <trkpt lat="47.57132" lon="-122.35609">
        <ele>3.4</ele>
      </trkpt>
      <trkpt lat="47.57132" lon="-122.35614">
        <ele>3.5</ele>
      </trkpt>
      <trkpt lat="47.57132" lon="-122.35649">
        <ele>4.2</ele>
      </trkpt>
      <trkpt lat="47.57132" lon="-122.35663">
        <ele>4.5</ele>
      </trkpt>
      <trkpt lat="47.57132" lon="-122.35664">
        <ele>4.5</ele>
      </trkpt>
      <trkpt lat="47.57132" lon="-122.35684">
        <ele>4.8</ele>
      </trkpt>
      <trkpt lat="47.57133" lon="-122.3571">
        <ele>5.4</ele>
      </trkpt>
      <trkpt lat="47.57132" lon="-122.35714">
        <ele>5.5</ele>
      </trkpt>
      <trkpt lat="47.5713" lon="-122.35724">
        <ele>5.6</ele>
      </trkpt>
      <trkpt lat="47.57127" lon="-122.3573">
        <ele>6.5</ele>
      </trkpt>
      <trkpt lat="47.57127" lon="-122.35732">
        <ele>6.7</ele>
      </trkpt>
      <trkpt lat="47.57127" lon="-122.35733">
        <ele>6.8</ele>
      </trkpt>
      <trkpt lat="47.57125" lon="-122.35747">
        <ele>10.1</ele>
      </trkpt>
      <trkpt lat="47.57125" lon="-122.35763">
        <ele>12.0</ele>
      </trkpt>
      <trkpt lat="47.57123" lon="-122.35785">
        <ele>13.2</ele>
      </trkpt>
      <trkpt lat="47.57123" lon="-122.35786">
        <ele>13.3</ele>
      </trkpt>
      <trkpt lat="47.571219" lon="-122.35807">
        <ele>14.0</ele>
      </trkpt>
      <trkpt lat="47.571219" lon="-122.35807">
        <ele>14.0</ele>
      </trkpt>
      <trkpt lat="47.571219" lon="-122.35807">
        <ele>14.0</ele>
      </trkpt>
      <trkpt lat="47.57132" lon="-122.35863">
        <ele>14.1</ele>
      </trkpt>
      <trkpt lat="47.57141" lon="-122.35912">
        <ele>12.4</ele>
      </trkpt>
      <trkpt lat="47.57149" lon="-122.3595">
        <ele>11.3</ele>
      </trkpt>
      <trkpt lat="47.57149" lon="-122.35951">
        <ele>11.3</ele>
      </trkpt>
      <trkpt lat="47.5715" lon="-122.35957">
        <ele>11.1</ele>
      </trkpt>
      <trkpt lat="47.57152" lon="-122.35962">
        <ele>10.8</ele>
      </trkpt>
      <trkpt lat="47.57152" lon="-122.35964">
        <ele>10.8</ele>
      </trkpt>
      <trkpt lat="47.57153" lon="-122.35967">
        <ele>10.6</ele>
      </trkpt>
      <trkpt lat="47.57157" lon="-122.3598">
        <ele>10.0</ele>
      </trkpt>
      <trkpt lat="47.57159" lon="-122.35985">
        <ele>9.7</ele>
      </trkpt>
      <trkpt lat="47.57159" lon="-122.35987">
        <ele>9.7</ele>
      </trkpt>
      <trkpt lat="47.57159" lon="-122.3599">
        <ele>9.7</ele>
      </trkpt>
      <trkpt lat="47.57159" lon="-122.35993">
        <ele>9.7</ele>
      </trkpt>
      <trkpt lat="47.571599" lon="-122.35998">
        <ele>9.5</ele>
      </trkpt>
      <trkpt lat="47.571599" lon="-122.35998">
        <ele>9.5</ele>
      </trkpt>
      <trkpt lat="47.571599" lon="-122.35998">
        <ele>9.5</ele>
      </trkpt>
      <trkpt lat="47.57163" lon="-122.35999">
        <ele>9.0</ele>
      </trkpt>
      <trkpt lat="47.57165" lon="-122.36">
        <ele>8.7</ele>
      </trkpt>
      <trkpt lat="47.57167" lon="-122.36001">
        <ele>8.4</ele>
      </trkpt>
      <trkpt lat="47.571689" lon="-122.36002">
        <ele>8.1</ele>
      </trkpt>
      <trkpt lat="47.57171" lon="-122.36004">
        <ele>7.9</ele>
      </trkpt>
      <trkpt lat="47.57174" lon="-122.36005">
        <ele>7.5</ele>
      </trkpt>
      <trkpt lat="47.57176" lon="-122.36004">
        <ele>7.2</ele>
      </trkpt>
      <trkpt lat="47.571779" lon="-122.36004">
        <ele>7.1</ele>
      </trkpt>
      <trkpt lat="47.57184" lon="-122.36003">
        <ele>6.5</ele>
      </trkpt>
      <trkpt lat="47.57185" lon="-122.36003">
        <ele>6.4</ele>
      </trkpt>
      <trkpt lat="47.57186" lon="-122.36004">
        <ele>6.4</ele>
      </trkpt>
      <trkpt lat="47.57186" lon="-122.36005">
        <ele>6.4</ele>
      </trkpt>
      <trkpt lat="47.57188" lon="-122.3601">
        <ele>6.3</ele>
      </trkpt>
      <trkpt lat="47.57188" lon="-122.3601">
        <ele>6.3</ele>
      </trkpt>
      <trkpt lat="47.57188" lon="-122.3601">
        <ele>6.3</ele>
      </trkpt>
      <trkpt lat="47.57189" lon="-122.36015">
        <ele>6.3</ele>
      </trkpt>
      <trkpt lat="47.57191" lon="-122.36024">
        <ele>6.2</ele>
      </trkpt>
      <trkpt lat="47.57192" lon="-122.36029">
        <ele>6.2</ele>
      </trkpt>
      <trkpt lat="47.57192" lon="-122.36029">
        <ele>6.2</ele>
      </trkpt>
      <trkpt lat="47.57192" lon="-122.36029">
        <ele>6.2</ele>
      </trkpt>
      <trkpt lat="47.57205" lon="-122.36032">
        <ele>5.8</ele>
      </trkpt>
      <trkpt lat="47.57218" lon="-122.36041">
        <ele>5.3</ele>
      </trkpt>
      <trkpt lat="47.57218" lon="-122.36041">
        <ele>5.3</ele>
      </trkpt>
      <trkpt lat="47.57218" lon="-122.36041">
        <ele>5.3</ele>
      </trkpt>
      <trkpt lat="47.57222" lon="-122.3608">
        <ele>5.1</ele>
      </trkpt>
      <trkpt lat="47.57223" lon="-122.36089">
        <ele>5.0</ele>
      </trkpt>
      <trkpt lat="47.57224" lon="-122.36096">
        <ele>5.0</ele>
      </trkpt>
      <trkpt lat="47.57223" lon="-122.36105">
        <ele>5.0</ele>
      </trkpt>
      <trkpt lat="47.5722" lon="-122.36133">
        <ele>5.0</ele>
      </trkpt>
      <trkpt lat="47.57214" lon="-122.36154">
        <ele>5.3</ele>
      </trkpt>
      <trkpt lat="47.572069" lon="-122.36173">
        <ele>5.6</ele>
      </trkpt>
      <trkpt lat="47.57199" lon="-122.36194">
        <ele>5.8</ele>
      </trkpt>
      <trkpt lat="47.57191" lon="-122.36208">
        <ele>5.9</ele>
      </trkpt>
      <trkpt lat="47.5718" lon="-122.36223">
        <ele>5.9</ele>
      </trkpt>
      <trkpt lat="47.57172" lon="-122.36236">
        <ele>5.7</ele>
      </trkpt>
      <trkpt lat="47.57172" lon="-122.36289">
        <ele>5.0</ele>
      </trkpt>
      <trkpt lat="47.57173" lon="-122.36323">
        <ele>5.0</ele>
      </trkpt>
      <trkpt lat="47.57174" lon="-122.36353">
        <ele>5.1</ele>
      </trkpt>
      <trkpt lat="47.57174" lon="-122.3636">
        <ele>5.1</ele>
      </trkpt>
      <trkpt lat="47.57174" lon="-122.36406">
        <ele>5.3</ele>
      </trkpt>
      <trkpt lat="47.57173" lon="-122.36453">
        <ele>5.6</ele>
      </trkpt>
      <trkpt lat="47.57172" lon="-122.36478">
        <ele>5.8</ele>
      </trkpt>
      <trkpt lat="47.57172" lon="-122.36502">
        <ele>6.1</ele>
      </trkpt>
      <trkpt lat="47.57173" lon="-122.36522">
        <ele>6.1</ele>
      </trkpt>
      <trkpt lat="47.57174" lon="-122.36536">
        <ele>6.2</ele>
      </trkpt>
      <trkpt lat="47.57175" lon="-122.36543">
        <ele>6.2</ele>
      </trkpt>
      <trkpt lat="47.57176" lon="-122.36551">
        <ele>6.2</ele>
      </trkpt>
      <trkpt lat="47.57177" lon="-122.3656">
        <ele>6.2</ele>
      </trkpt>
      <trkpt lat="47.57177" lon="-122.36579">
        <ele>6.1</ele>
      </trkpt>
      <trkpt lat="47.571779" lon="-122.36598">
        <ele>6.2</ele>
      </trkpt>
      <trkpt lat="47.571779" lon="-122.36632">
        <ele>6.2</ele>
      </trkpt>
      <trkpt lat="47.57177" lon="-122.36663">
        <ele>6.1</ele>
      </trkpt>
      <trkpt lat="47.57176" lon="-122.36694">
        <ele>6.1</ele>
      </trkpt>
      <trkpt lat="47.57176" lon="-122.36768">
        <ele>6.1</ele>
      </trkpt>
      <trkpt lat="47.571779" lon="-122.36805">
        <ele>6.1</ele>
      </trkpt>
      <trkpt lat="47.57179" lon="-122.36854">
        <ele>6.3</ele>
      </trkpt>
      <trkpt lat="47.57179" lon="-122.36973">
        <ele>8.0</ele>
      </trkpt>
      <trkpt lat="47.57179" lon="-122.37021">
        <ele>7.3</ele>
      </trkpt>
      <trkpt lat="47.57179" lon="-122.37029">
        <ele>6.6</ele>
      </trkpt>
      <trkpt lat="47.57179" lon="-122.37037">
        <ele>6.0</ele>
      </trkpt>
      <trkpt lat="47.57179" lon="-122.37041">
        <ele>5.9</ele>
      </trkpt>
      <trkpt lat="47.5718" lon="-122.37046">
        <ele>5.7</ele>
      </trkpt>
      <trkpt lat="47.5718" lon="-122.37049">
        <ele>5.8</ele>
      </trkpt>
      <trkpt lat="47.57181" lon="-122.37051">
        <ele>5.8</ele>
      </trkpt>
      <trkpt lat="47.57182" lon="-122.37053">
        <ele>5.8</ele>
      </trkpt>
      <trkpt lat="47.57183" lon="-122.37055">
        <ele>5.7</ele>
      </trkpt>
      <trkpt lat="47.57184" lon="-122.37056">
        <ele>5.6</ele>
      </trkpt>
      <trkpt lat="47.57185" lon="-122.37057">
        <ele>5.6</ele>
      </trkpt>
      <trkpt lat="47.57186" lon="-122.37057">
        <ele>5.5</ele>
      </trkpt>
      <trkpt lat="47.57189" lon="-122.37058">
        <ele>5.7</ele>
      </trkpt>
      <trkpt lat="47.57189" lon="-122.37058">
        <ele>5.7</ele>
      </trkpt>
      <trkpt lat="47.57189" lon="-122.37058">
        <ele>5.7</ele>
      </trkpt>
      <trkpt lat="47.57198" lon="-122.3706">
        <ele>5.9</ele>
      </trkpt>
      <trkpt lat="47.57239" lon="-122.37063">
        <ele>6.5</ele>
      </trkpt>
      <trkpt lat="47.57278" lon="-122.3707">
        <ele>7.2</ele>
      </trkpt>
      <trkpt lat="47.57312" lon="-122.37073">
        <ele>6.5</ele>
      </trkpt>
      <trkpt lat="47.57354" lon="-122.37075">
        <ele>6.4</ele>
      </trkpt>
      <trkpt lat="47.57393" lon="-122.37079">
        <ele>6.4</ele>
      </trkpt>
      <trkpt lat="47.57393" lon="-122.37079">
        <ele>6.4</ele>
      </trkpt>
      <trkpt lat="47.57405" lon="-122.3708">
        <ele>6.3</ele>
      </trkpt>
      <trkpt lat="47.57473" lon="-122.37083">
        <ele>7.4</ele>
      </trkpt>
      <trkpt lat="47.57502" lon="-122.37088">
        <ele>7.4</ele>
      </trkpt>
      <trkpt lat="47.57535" lon="-122.37094">
        <ele>7.9</ele>
      </trkpt>
      <trkpt lat="47.57565" lon="-122.371">
        <ele>8.6</ele>
      </trkpt>
      <trkpt lat="47.57579" lon="-122.37102">
        <ele>8.8</ele>
      </trkpt>
      <trkpt lat="47.57596" lon="-122.371">
        <ele>8.8</ele>
      </trkpt>
      <trkpt lat="47.57608" lon="-122.371">
        <ele>8.9</ele>
      </trkpt>
      <trkpt lat="47.576189" lon="-122.37102">
        <ele>8.9</ele>
      </trkpt>
      <trkpt lat="47.57629" lon="-122.37107">
        <ele>9.0</ele>
      </trkpt>
      <trkpt lat="47.57639" lon="-122.37116">
        <ele>9.2</ele>
      </trkpt>
      <trkpt lat="47.57652" lon="-122.37119">
        <ele>9.2</ele>
      </trkpt>
      <trkpt lat="47.57682" lon="-122.37126">
        <ele>9.3</ele>
      </trkpt>
      <trkpt lat="47.57711" lon="-122.37138">
        <ele>9.4</ele>
      </trkpt>
      <trkpt lat="47.57731" lon="-122.3715">
        <ele>9.5</ele>
      </trkpt>
      <trkpt lat="47.57792" lon="-122.37185">
        <ele>9.5</ele>
      </trkpt>
      <trkpt lat="47.57853" lon="-122.37222">
        <ele>9.6</ele>
      </trkpt>
      <trkpt lat="47.57858" lon="-122.37224">
        <ele>9.6</ele>
      </trkpt>
      <trkpt lat="47.57864" lon="-122.37227">
        <ele>9.7</ele>
      </trkpt>
      <trkpt lat="47.5787" lon="-122.37229">
        <ele>9.6</ele>
      </trkpt>
      <trkpt lat="47.57877" lon="-122.37232">
        <ele>9.6</ele>
      </trkpt>
      <trkpt lat="47.57906" lon="-122.3724">
        <ele>9.6</ele>
      </trkpt>
      <trkpt lat="47.5792" lon="-122.37241">
        <ele>9.5</ele>
      </trkpt>
      <trkpt lat="47.58" lon="-122.37234">
        <ele>8.7</ele>
      </trkpt>
      <trkpt lat="47.58012" lon="-122.37233">
        <ele>8.6</ele>
      </trkpt>
      <trkpt lat="47.58022" lon="-122.37233">
        <ele>8.5</ele>
      </trkpt>
      <trkpt lat="47.58032" lon="-122.37235">
        <ele>8.3</ele>
      </trkpt>
      <trkpt lat="47.580509" lon="-122.37241">
        <ele>8.0</ele>
      </trkpt>
      <trkpt lat="47.58066" lon="-122.37246">
        <ele>7.7</ele>
      </trkpt>
      <trkpt lat="47.581069" lon="-122.37262">
        <ele>6.3</ele>
      </trkpt>
      <trkpt lat="47.58132" lon="-122.37274">
        <ele>6.0</ele>
      </trkpt>
      <trkpt lat="47.5814" lon="-122.37278">
        <ele>6.2</ele>
      </trkpt>
      <trkpt lat="47.58179" lon="-122.37296">
        <ele>6.7</ele>
      </trkpt>
      <trkpt lat="47.58197" lon="-122.37303">
        <ele>6.9</ele>
      </trkpt>
      <trkpt lat="47.58207" lon="-122.37308">
        <ele>6.8</ele>
      </trkpt>
      <trkpt lat="47.58212" lon="-122.37311">
        <ele>6.7</ele>
      </trkpt>
      <trkpt lat="47.58216" lon="-122.37315">
        <ele>6.6</ele>
      </trkpt>
      <trkpt lat="47.58224" lon="-122.37321">
        <ele>6.4</ele>
      </trkpt>
      <trkpt lat="47.58259" lon="-122.3735">
        <ele>5.7</ele>
      </trkpt>
      <trkpt lat="47.58299" lon="-122.37384">
        <ele>5.2</ele>
      </trkpt>
      <trkpt lat="47.58347" lon="-122.37423">
        <ele>4.6</ele>
      </trkpt>
      <trkpt lat="47.58383" lon="-122.37452">
        <ele>4.8</ele>
      </trkpt>
      <trkpt lat="47.58434" lon="-122.37499">
        <ele>5.8</ele>
      </trkpt>
      <trkpt lat="47.58475" lon="-122.37536">
        <ele>6.7</ele>
      </trkpt>
      <trkpt lat="47.58477" lon="-122.37538">
        <ele>6.7</ele>
      </trkpt>
      <trkpt lat="47.58478" lon="-122.37539">
        <ele>6.8</ele>
      </trkpt>
      <trkpt lat="47.58478" lon="-122.37539">
        <ele>6.8</ele>
      </trkpt>
      <trkpt lat="47.58481" lon="-122.37525">
        <ele>5.9</ele>
      </trkpt>
      <trkpt lat="47.5848" lon="-122.37519">
        <ele>5.5</ele>
      </trkpt>
      <trkpt lat="47.58479" lon="-122.37517">
        <ele>5.5</ele>
      </trkpt>
      <trkpt lat="47.58479" lon="-122.37514">
        <ele>5.3</ele>
      </trkpt>
      <trkpt lat="47.58477" lon="-122.3751">
        <ele>5.1</ele>
      </trkpt>
      <trkpt lat="47.58476" lon="-122.37507">
        <ele>5.0</ele>
      </trkpt>
      <trkpt lat="47.5847" lon="-122.37499">
        <ele>4.8</ele>
      </trkpt>
      <trkpt lat="47.58458" lon="-122.37483">
        <ele>4.5</ele>
      </trkpt>
      <trkpt lat="47.58447" lon="-122.37467">
        <ele>4.0</ele>
      </trkpt>
      <trkpt lat="47.58432" lon="-122.37446">
        <ele>3.5</ele>
      </trkpt>
      <trkpt lat="47.58424" lon="-122.37436">
        <ele>3.2</ele>
      </trkpt>
      <trkpt lat="47.58422" lon="-122.37433">
        <ele>3.2</ele>
      </trkpt>
      <trkpt lat="47.58421" lon="-122.37431">
        <ele>3.2</ele>
      </trkpt>
      <trkpt lat="47.58419" lon="-122.37428">
        <ele>3.1</ele>
      </trkpt>
      <trkpt lat="47.58418" lon="-122.37425">
        <ele>3.0</ele>
      </trkpt>
      <trkpt lat="47.58417" lon="-122.37421">
        <ele>3.0</ele>
      </trkpt>
      <trkpt lat="47.58415" lon="-122.37416">
        <ele>2.9</ele>
      </trkpt>
      <trkpt lat="47.58413" lon="-122.37408">
        <ele>2.9</ele>
      </trkpt>
      <trkpt lat="47.58412" lon="-122.37404">
        <ele>2.8</ele>
      </trkpt>
      <trkpt lat="47.58411" lon="-122.37402">
        <ele>2.8</ele>
      </trkpt>
      <trkpt lat="47.5841" lon="-122.37398">
        <ele>2.8</ele>
      </trkpt>
      <trkpt lat="47.58409" lon="-122.37396">
        <ele>2.8</ele>
      </trkpt>
      <trkpt lat="47.58408" lon="-122.37392">
        <ele>2.7</ele>
      </trkpt>
      <trkpt lat="47.58405" lon="-122.37388">
        <ele>2.7</ele>
      </trkpt>
      <trkpt lat="47.583979" lon="-122.37378">
        <ele>2.7</ele>
      </trkpt>
      <trkpt lat="47.58387" lon="-122.37362">
        <ele>2.7</ele>
      </trkpt>
      <trkpt lat="47.58375" lon="-122.37344">
        <ele>2.6</ele>
      </trkpt>
      <trkpt lat="47.58357" lon="-122.3732">
        <ele>2.6</ele>
      </trkpt>
      <trkpt lat="47.58338" lon="-122.37293">
        <ele>2.5</ele>
      </trkpt>
      <trkpt lat="47.58321" lon="-122.37272">
        <ele>2.5</ele>
      </trkpt>
      <trkpt lat="47.58312" lon="-122.37262">
        <ele>2.6</ele>
      </trkpt>
      <trkpt lat="47.58309" lon="-122.37258">
        <ele>2.6</ele>
      </trkpt>
      <trkpt lat="47.58306" lon="-122.37254">
        <ele>2.7</ele>
      </trkpt>
      <trkpt lat="47.58298" lon="-122.37241">
        <ele>2.8</ele>
      </trkpt>
      <trkpt lat="47.58297" lon="-122.37238">
        <ele>2.8</ele>
      </trkpt>
      <trkpt lat="47.58296" lon="-122.37237">
        <ele>2.8</ele>
      </trkpt>
      <trkpt lat="47.58294" lon="-122.37233">
        <ele>2.9</ele>
      </trkpt>
      <trkpt lat="47.58293" lon="-122.37231">
        <ele>2.9</ele>
      </trkpt>
      <trkpt lat="47.58291" lon="-122.37227">
        <ele>2.9</ele>
      </trkpt>
      <trkpt lat="47.58289" lon="-122.37224">
        <ele>2.9</ele>
      </trkpt>
    </trkseg>
  </trk>
</gpx>
