<?xml version="1.0" encoding="UTF-8"?>
<gpx xmlns:gpxdata="http://www.cluetrust.com/XML/GPXDATA/1/0" xmlns:xsi="http://www.w3.org/2001/XMLSchema-instance" xmlns="http://www.topografix.com/GPX/1/1" version="1.1" creator="http://ridewithgps.com/" xsi:schemaLocation="http://www.topografix.com/GPX/1/1 http://www.topografix.com/GPX/1/1/gpx.xsd http://www.cluetrust.com/XML/GPXDATA/1/0 http://www.cluetrust.com/Schemas/gpxdata10.xsd">
  <metadata>
    <name>South Shore Coastal Ride</name>
    <link href="https://ridewithgps.com/routes/7322868">
      <text>South Shore Coastal Ride</text>
    </link>
    <time>2015-03-28T15:11:56Z</time>
  </metadata>
  <trk>
    <name>South Shore Coastal Ride</name>
    <trkseg>
      <trkpt lat="42.21712" lon="-70.862129">
        <ele>19.7</ele>
      </trkpt>
      <trkpt lat="42.21712" lon="-70.86238">
        <ele>19.9</ele>
      </trkpt>
      <trkpt lat="42.21713" lon="-70.86247">
        <ele>20.0</ele>
      </trkpt>
      <trkpt lat="42.21716" lon="-70.8626">
        <ele>20.1</ele>
      </trkpt>
      <trkpt lat="42.21716" lon="-70.8626">
        <ele>20.1</ele>
      </trkpt>
      <trkpt lat="42.217129" lon="-70.862568">
        <ele>20.1</ele>
      </trkpt>
      <trkpt lat="42.21707" lon="-70.86251">
        <ele>20.2</ele>
      </trkpt>
      <trkpt lat="42.21679" lon="-70.86244">
        <ele>20.6</ele>
      </trkpt>
      <trkpt lat="42.21618" lon="-70.86237">
        <ele>21.4</ele>
      </trkpt>
      <trkpt lat="42.21587" lon="-70.86232">
        <ele>22.1</ele>
      </trkpt>
      <trkpt lat="42.21541" lon="-70.86215">
        <ele>21.5</ele>
      </trkpt>
      <trkpt lat="42.21517" lon="-70.86193">
        <ele>21.6</ele>
      </trkpt>
      <trkpt lat="42.21508" lon="-70.86174">
        <ele>21.4</ele>
      </trkpt>
      <trkpt lat="42.21502" lon="-70.86162">
        <ele>21.2</ele>
      </trkpt>
      <trkpt lat="42.214889" lon="-70.86147">
        <ele>20.8</ele>
      </trkpt>
      <trkpt lat="42.21464" lon="-70.86134">
        <ele>21.7</ele>
      </trkpt>
      <trkpt lat="42.21434" lon="-70.86131">
        <ele>22.8</ele>
      </trkpt>
      <trkpt lat="42.21403" lon="-70.86113">
        <ele>22.9</ele>
      </trkpt>
      <trkpt lat="42.21381" lon="-70.8609">
        <ele>22.7</ele>
      </trkpt>
      <trkpt lat="42.21369" lon="-70.86069">
        <ele>22.8</ele>
      </trkpt>
      <trkpt lat="42.2135" lon="-70.86041">
        <ele>22.7</ele>
      </trkpt>
      <trkpt lat="42.21336" lon="-70.86027">
        <ele>22.5</ele>
      </trkpt>
      <trkpt lat="42.213299" lon="-70.86021">
        <ele>22.4</ele>
      </trkpt>
      <trkpt lat="42.21324" lon="-70.86017">
        <ele>22.4</ele>
      </trkpt>
      <trkpt lat="42.21313" lon="-70.86011">
        <ele>22.8</ele>
      </trkpt>
      <trkpt lat="42.21279" lon="-70.859979">
        <ele>24.0</ele>
      </trkpt>
      <trkpt lat="42.21276" lon="-70.85996">
        <ele>24.1</ele>
      </trkpt>
      <trkpt lat="42.21254" lon="-70.85987">
        <ele>23.9</ele>
      </trkpt>
      <trkpt lat="42.21228" lon="-70.85977">
        <ele>21.9</ele>
      </trkpt>
      <trkpt lat="42.211979" lon="-70.85957">
        <ele>20.4</ele>
      </trkpt>
      <trkpt lat="42.21132" lon="-70.85909">
        <ele>17.8</ele>
      </trkpt>
      <trkpt lat="42.21094" lon="-70.8588">
        <ele>18.2</ele>
      </trkpt>
      <trkpt lat="42.21083" lon="-70.85867">
        <ele>18.3</ele>
      </trkpt>
      <trkpt lat="42.21079" lon="-70.85863">
        <ele>18.4</ele>
      </trkpt>
      <trkpt lat="42.21074" lon="-70.85856">
        <ele>18.5</ele>
      </trkpt>
      <trkpt lat="42.21068" lon="-70.85845">
        <ele>18.6</ele>
      </trkpt>
      <trkpt lat="42.21059" lon="-70.85827">
        <ele>18.5</ele>
      </trkpt>
      <trkpt lat="42.210479" lon="-70.85803">
        <ele>19.2</ele>
      </trkpt>
      <trkpt lat="42.21047" lon="-70.85799">
        <ele>19.2</ele>
      </trkpt>
      <trkpt lat="42.21035" lon="-70.85763">
        <ele>19.8</ele>
      </trkpt>
      <trkpt lat="42.21029" lon="-70.85733">
        <ele>19.5</ele>
      </trkpt>
      <trkpt lat="42.21026" lon="-70.85718">
        <ele>19.2</ele>
      </trkpt>
      <trkpt lat="42.21023" lon="-70.85706">
        <ele>18.9</ele>
      </trkpt>
      <trkpt lat="42.21018" lon="-70.85694">
        <ele>18.7</ele>
      </trkpt>
      <trkpt lat="42.21014" lon="-70.85683">
        <ele>18.4</ele>
      </trkpt>
      <trkpt lat="42.21007" lon="-70.85669">
        <ele>18.2</ele>
      </trkpt>
      <trkpt lat="42.21" lon="-70.8566">
        <ele>18.2</ele>
      </trkpt>
      <trkpt lat="42.20977" lon="-70.856309">
        <ele>17.9</ele>
      </trkpt>
      <trkpt lat="42.20933" lon="-70.85581">
        <ele>17.8</ele>
      </trkpt>
      <trkpt lat="42.208979" lon="-70.85542">
        <ele>21.2</ele>
      </trkpt>
      <trkpt lat="42.20893" lon="-70.85535">
        <ele>22.3</ele>
      </trkpt>
      <trkpt lat="42.20879" lon="-70.85515">
        <ele>25.0</ele>
      </trkpt>
      <trkpt lat="42.20859" lon="-70.85472">
        <ele>28.9</ele>
      </trkpt>
      <trkpt lat="42.20855" lon="-70.85464">
        <ele>29.6</ele>
      </trkpt>
      <trkpt lat="42.20831" lon="-70.85409">
        <ele>31.0</ele>
      </trkpt>
      <trkpt lat="42.20805" lon="-70.85357">
        <ele>32.1</ele>
      </trkpt>
      <trkpt lat="42.20789" lon="-70.85318">
        <ele>33.7</ele>
      </trkpt>
      <trkpt lat="42.20781" lon="-70.853">
        <ele>34.3</ele>
      </trkpt>
      <trkpt lat="42.20775" lon="-70.85288">
        <ele>34.9</ele>
      </trkpt>
      <trkpt lat="42.20773" lon="-70.85282">
        <ele>35.3</ele>
      </trkpt>
      <trkpt lat="42.2077" lon="-70.85275">
        <ele>35.7</ele>
      </trkpt>
      <trkpt lat="42.20756" lon="-70.85225">
        <ele>37.7</ele>
      </trkpt>
      <trkpt lat="42.20746" lon="-70.85178">
        <ele>40.4</ele>
      </trkpt>
      <trkpt lat="42.20744" lon="-70.851699">
        <ele>40.8</ele>
      </trkpt>
      <trkpt lat="42.20742" lon="-70.8516">
        <ele>41.3</ele>
      </trkpt>
      <trkpt lat="42.207389" lon="-70.85149">
        <ele>41.8</ele>
      </trkpt>
      <trkpt lat="42.20735" lon="-70.85139">
        <ele>42.6</ele>
      </trkpt>
      <trkpt lat="42.20732" lon="-70.85131">
        <ele>43.3</ele>
      </trkpt>
      <trkpt lat="42.20728" lon="-70.85121">
        <ele>44.4</ele>
      </trkpt>
      <trkpt lat="42.20723" lon="-70.85113">
        <ele>45.3</ele>
      </trkpt>
      <trkpt lat="42.20718" lon="-70.85107">
        <ele>46.0</ele>
      </trkpt>
      <trkpt lat="42.20713" lon="-70.85102">
        <ele>46.5</ele>
      </trkpt>
      <trkpt lat="42.20704" lon="-70.85094">
        <ele>47.0</ele>
      </trkpt>
      <trkpt lat="42.20689" lon="-70.85084">
        <ele>47.5</ele>
      </trkpt>
      <trkpt lat="42.20682" lon="-70.85079">
        <ele>47.9</ele>
      </trkpt>
      <trkpt lat="42.2062" lon="-70.85041">
        <ele>49.2</ele>
      </trkpt>
      <trkpt lat="42.20599" lon="-70.85026">
        <ele>48.7</ele>
      </trkpt>
      <trkpt lat="42.20585" lon="-70.850129">
        <ele>48.4</ele>
      </trkpt>
      <trkpt lat="42.20569" lon="-70.84994">
        <ele>48.3</ele>
      </trkpt>
      <trkpt lat="42.20541" lon="-70.84962">
        <ele>47.8</ele>
      </trkpt>
      <trkpt lat="42.20461" lon="-70.84862">
        <ele>45.7</ele>
      </trkpt>
      <trkpt lat="42.204189" lon="-70.84808">
        <ele>45.5</ele>
      </trkpt>
      <trkpt lat="42.20381" lon="-70.84762">
        <ele>45.4</ele>
      </trkpt>
      <trkpt lat="42.2033" lon="-70.84699">
        <ele>45.5</ele>
      </trkpt>
      <trkpt lat="42.20302" lon="-70.84669">
        <ele>44.8</ele>
      </trkpt>
      <trkpt lat="42.2021" lon="-70.84567">
        <ele>41.5</ele>
      </trkpt>
      <trkpt lat="42.20208" lon="-70.84565">
        <ele>41.4</ele>
      </trkpt>
      <trkpt lat="42.20173" lon="-70.84529">
        <ele>42.0</ele>
      </trkpt>
      <trkpt lat="42.20146" lon="-70.84498">
        <ele>42.9</ele>
      </trkpt>
      <trkpt lat="42.20136" lon="-70.84482">
        <ele>42.4</ele>
      </trkpt>
      <trkpt lat="42.20096" lon="-70.84434">
        <ele>42.3</ele>
      </trkpt>
      <trkpt lat="42.20071" lon="-70.84404">
        <ele>40.1</ele>
      </trkpt>
      <trkpt lat="42.20033" lon="-70.84344">
        <ele>36.4</ele>
      </trkpt>
      <trkpt lat="42.20011" lon="-70.84304">
        <ele>34.0</ele>
      </trkpt>
      <trkpt lat="42.1999" lon="-70.84259">
        <ele>33.9</ele>
      </trkpt>
      <trkpt lat="42.19972" lon="-70.84219">
        <ele>33.8</ele>
      </trkpt>
      <trkpt lat="42.19955" lon="-70.84181">
        <ele>32.4</ele>
      </trkpt>
      <trkpt lat="42.199309" lon="-70.84138">
        <ele>31.4</ele>
      </trkpt>
      <trkpt lat="42.19925" lon="-70.84129">
        <ele>31.2</ele>
      </trkpt>
      <trkpt lat="42.19919" lon="-70.84123">
        <ele>30.9</ele>
      </trkpt>
      <trkpt lat="42.19914" lon="-70.84118">
        <ele>30.8</ele>
      </trkpt>
      <trkpt lat="42.19898" lon="-70.84106">
        <ele>30.5</ele>
      </trkpt>
      <trkpt lat="42.19847" lon="-70.84076">
        <ele>30.2</ele>
      </trkpt>
      <trkpt lat="42.19809" lon="-70.84052">
        <ele>28.8</ele>
      </trkpt>
      <trkpt lat="42.19806" lon="-70.8405">
        <ele>28.6</ele>
      </trkpt>
      <trkpt lat="42.19771" lon="-70.84031">
        <ele>25.0</ele>
      </trkpt>
      <trkpt lat="42.19751" lon="-70.84021">
        <ele>23.9</ele>
      </trkpt>
      <trkpt lat="42.19737" lon="-70.84013">
        <ele>24.1</ele>
      </trkpt>
      <trkpt lat="42.197069" lon="-70.83996">
        <ele>24.3</ele>
      </trkpt>
      <trkpt lat="42.19665" lon="-70.83973">
        <ele>26.1</ele>
      </trkpt>
      <trkpt lat="42.1965" lon="-70.83964">
        <ele>26.7</ele>
      </trkpt>
      <trkpt lat="42.19615" lon="-70.83948">
        <ele>30.1</ele>
      </trkpt>
      <trkpt lat="42.19589" lon="-70.83932">
        <ele>31.1</ele>
      </trkpt>
      <trkpt lat="42.19563" lon="-70.83917">
        <ele>32.9</ele>
      </trkpt>
      <trkpt lat="42.19536" lon="-70.83905">
        <ele>33.6</ele>
      </trkpt>
      <trkpt lat="42.19514" lon="-70.838939">
        <ele>33.8</ele>
      </trkpt>
      <trkpt lat="42.19489" lon="-70.83882">
        <ele>33.3</ele>
      </trkpt>
      <trkpt lat="42.194719" lon="-70.83874">
        <ele>33.1</ele>
      </trkpt>
      <trkpt lat="42.19457" lon="-70.838669">
        <ele>33.0</ele>
      </trkpt>
      <trkpt lat="42.19447" lon="-70.838579">
        <ele>33.2</ele>
      </trkpt>
      <trkpt lat="42.1944" lon="-70.8385">
        <ele>33.2</ele>
      </trkpt>
      <trkpt lat="42.194339" lon="-70.83842">
        <ele>33.2</ele>
      </trkpt>
      <trkpt lat="42.19428" lon="-70.83832">
        <ele>33.2</ele>
      </trkpt>
      <trkpt lat="42.194249" lon="-70.83825">
        <ele>33.3</ele>
      </trkpt>
      <trkpt lat="42.19414" lon="-70.838089">
        <ele>34.1</ele>
      </trkpt>
      <trkpt lat="42.19406" lon="-70.83798">
        <ele>34.8</ele>
      </trkpt>
      <trkpt lat="42.19396" lon="-70.837819">
        <ele>35.4</ele>
      </trkpt>
      <trkpt lat="42.19388" lon="-70.83772">
        <ele>35.9</ele>
      </trkpt>
      <trkpt lat="42.19381" lon="-70.83753">
        <ele>36.6</ele>
      </trkpt>
      <trkpt lat="42.19376" lon="-70.83736">
        <ele>36.8</ele>
      </trkpt>
      <trkpt lat="42.19371" lon="-70.83715">
        <ele>36.8</ele>
      </trkpt>
      <trkpt lat="42.193676" lon="-70.837022">
        <ele>36.7</ele>
      </trkpt>
      <trkpt lat="42.19361" lon="-70.83678">
        <ele>36.1</ele>
      </trkpt>
      <trkpt lat="42.19358" lon="-70.83664">
        <ele>35.8</ele>
      </trkpt>
      <trkpt lat="42.19356" lon="-70.83659">
        <ele>35.7</ele>
      </trkpt>
      <trkpt lat="42.19353" lon="-70.836519">
        <ele>35.7</ele>
      </trkpt>
      <trkpt lat="42.19351" lon="-70.83648">
        <ele>35.7</ele>
      </trkpt>
      <trkpt lat="42.1935" lon="-70.83647">
        <ele>35.7</ele>
      </trkpt>
      <trkpt lat="42.19345" lon="-70.83641">
        <ele>35.7</ele>
      </trkpt>
      <trkpt lat="42.19339" lon="-70.83634">
        <ele>35.8</ele>
      </trkpt>
      <trkpt lat="42.19335" lon="-70.83629">
        <ele>35.8</ele>
      </trkpt>
      <trkpt lat="42.19323" lon="-70.8362">
        <ele>35.6</ele>
      </trkpt>
      <trkpt lat="42.19288" lon="-70.83604">
        <ele>34.1</ele>
      </trkpt>
      <trkpt lat="42.19288" lon="-70.83604">
        <ele>34.1</ele>
      </trkpt>
      <trkpt lat="42.192929" lon="-70.83564">
        <ele>33.7</ele>
      </trkpt>
      <trkpt lat="42.19302" lon="-70.83485">
        <ele>32.2</ele>
      </trkpt>
      <trkpt lat="42.19309" lon="-70.83454">
        <ele>31.0</ele>
      </trkpt>
      <trkpt lat="42.19325" lon="-70.8338">
        <ele>31.0</ele>
      </trkpt>
      <trkpt lat="42.19328" lon="-70.83365">
        <ele>31.6</ele>
      </trkpt>
      <trkpt lat="42.19324" lon="-70.8331">
        <ele>33.6</ele>
      </trkpt>
      <trkpt lat="42.19314" lon="-70.83256">
        <ele>34.6</ele>
      </trkpt>
      <trkpt lat="42.193" lon="-70.83211">
        <ele>36.4</ele>
      </trkpt>
      <trkpt lat="42.192929" lon="-70.83181">
        <ele>38.2</ele>
      </trkpt>
      <trkpt lat="42.19291" lon="-70.83156">
        <ele>39.4</ele>
      </trkpt>
      <trkpt lat="42.19289" lon="-70.8304">
        <ele>40.4</ele>
      </trkpt>
      <trkpt lat="42.19291" lon="-70.8302">
        <ele>40.1</ele>
      </trkpt>
      <trkpt lat="42.19294" lon="-70.82999">
        <ele>39.3</ele>
      </trkpt>
      <trkpt lat="42.19301" lon="-70.82984">
        <ele>38.4</ele>
      </trkpt>
      <trkpt lat="42.19309" lon="-70.82971">
        <ele>37.7</ele>
      </trkpt>
      <trkpt lat="42.19317" lon="-70.82959">
        <ele>36.9</ele>
      </trkpt>
      <trkpt lat="42.19325" lon="-70.8295">
        <ele>36.5</ele>
      </trkpt>
      <trkpt lat="42.19332" lon="-70.82945">
        <ele>36.4</ele>
      </trkpt>
      <trkpt lat="42.19348" lon="-70.8293">
        <ele>35.8</ele>
      </trkpt>
      <trkpt lat="42.19356" lon="-70.82924">
        <ele>35.7</ele>
      </trkpt>
      <trkpt lat="42.19363" lon="-70.82919">
        <ele>35.8</ele>
      </trkpt>
      <trkpt lat="42.19376" lon="-70.82907">
        <ele>35.9</ele>
      </trkpt>
      <trkpt lat="42.19388" lon="-70.82893">
        <ele>36.4</ele>
      </trkpt>
      <trkpt lat="42.19405" lon="-70.82865">
        <ele>36.9</ele>
      </trkpt>
      <trkpt lat="42.194249" lon="-70.82807">
        <ele>37.0</ele>
      </trkpt>
      <trkpt lat="42.19432" lon="-70.82768">
        <ele>36.9</ele>
      </trkpt>
      <trkpt lat="42.19441" lon="-70.82718">
        <ele>36.4</ele>
      </trkpt>
      <trkpt lat="42.19446" lon="-70.827">
        <ele>36.4</ele>
      </trkpt>
      <trkpt lat="42.19474" lon="-70.82651">
        <ele>36.7</ele>
      </trkpt>
      <trkpt lat="42.19491" lon="-70.82615">
        <ele>36.0</ele>
      </trkpt>
      <trkpt lat="42.195" lon="-70.82595">
        <ele>36.1</ele>
      </trkpt>
      <trkpt lat="42.19509" lon="-70.82579">
        <ele>36.5</ele>
      </trkpt>
      <trkpt lat="42.19522" lon="-70.82564">
        <ele>36.5</ele>
      </trkpt>
      <trkpt lat="42.19535" lon="-70.82553">
        <ele>36.4</ele>
      </trkpt>
      <trkpt lat="42.1954" lon="-70.82548">
        <ele>36.3</ele>
      </trkpt>
      <trkpt lat="42.19553" lon="-70.82534">
        <ele>36.4</ele>
      </trkpt>
      <trkpt lat="42.195659" lon="-70.82521">
        <ele>37.0</ele>
      </trkpt>
      <trkpt lat="42.19572" lon="-70.82516">
        <ele>37.1</ele>
      </trkpt>
      <trkpt lat="42.19599" lon="-70.824789">
        <ele>36.5</ele>
      </trkpt>
      <trkpt lat="42.19611" lon="-70.82459">
        <ele>35.4</ele>
      </trkpt>
      <trkpt lat="42.19628" lon="-70.82422">
        <ele>34.4</ele>
      </trkpt>
      <trkpt lat="42.1963" lon="-70.82414">
        <ele>34.2</ele>
      </trkpt>
      <trkpt lat="42.19635" lon="-70.82393">
        <ele>33.5</ele>
      </trkpt>
      <trkpt lat="42.19635" lon="-70.82393">
        <ele>33.5</ele>
      </trkpt>
      <trkpt lat="42.19642" lon="-70.82363">
        <ele>32.6</ele>
      </trkpt>
      <trkpt lat="42.19651" lon="-70.82304">
        <ele>31.5</ele>
      </trkpt>
      <trkpt lat="42.19656" lon="-70.82251">
        <ele>31.8</ele>
      </trkpt>
      <trkpt lat="42.19656" lon="-70.82211">
        <ele>31.9</ele>
      </trkpt>
      <trkpt lat="42.19656" lon="-70.82198">
        <ele>32.0</ele>
      </trkpt>
      <trkpt lat="42.19656" lon="-70.82189">
        <ele>32.1</ele>
      </trkpt>
      <trkpt lat="42.19657" lon="-70.82175">
        <ele>32.3</ele>
      </trkpt>
      <trkpt lat="42.19659" lon="-70.8216">
        <ele>32.6</ele>
      </trkpt>
      <trkpt lat="42.19661" lon="-70.8215">
        <ele>32.9</ele>
      </trkpt>
      <trkpt lat="42.19664" lon="-70.82142">
        <ele>33.0</ele>
      </trkpt>
      <trkpt lat="42.19668" lon="-70.82129">
        <ele>33.0</ele>
      </trkpt>
      <trkpt lat="42.19673" lon="-70.82116">
        <ele>32.8</ele>
      </trkpt>
      <trkpt lat="42.196779" lon="-70.82106">
        <ele>32.4</ele>
      </trkpt>
      <trkpt lat="42.19701" lon="-70.82072">
        <ele>32.7</ele>
      </trkpt>
      <trkpt lat="42.197159" lon="-70.82053">
        <ele>32.9</ele>
      </trkpt>
      <trkpt lat="42.19726" lon="-70.82041">
        <ele>33.5</ele>
      </trkpt>
      <trkpt lat="42.19728" lon="-70.82039">
        <ele>33.6</ele>
      </trkpt>
      <trkpt lat="42.19752" lon="-70.820179">
        <ele>33.5</ele>
      </trkpt>
      <trkpt lat="42.19762" lon="-70.8201">
        <ele>33.3</ele>
      </trkpt>
      <trkpt lat="42.19764" lon="-70.82008">
        <ele>33.3</ele>
      </trkpt>
      <trkpt lat="42.19766" lon="-70.82007">
        <ele>33.2</ele>
      </trkpt>
      <trkpt lat="42.1977" lon="-70.82003">
        <ele>33.2</ele>
      </trkpt>
      <trkpt lat="42.19774" lon="-70.81998">
        <ele>33.3</ele>
      </trkpt>
      <trkpt lat="42.19778" lon="-70.81995">
        <ele>33.1</ele>
      </trkpt>
      <trkpt lat="42.197809" lon="-70.81992">
        <ele>33.0</ele>
      </trkpt>
      <trkpt lat="42.19785" lon="-70.81987">
        <ele>32.8</ele>
      </trkpt>
      <trkpt lat="42.1979" lon="-70.8198">
        <ele>32.7</ele>
      </trkpt>
      <trkpt lat="42.19811" lon="-70.8195">
        <ele>31.4</ele>
      </trkpt>
      <trkpt lat="42.19845" lon="-70.81904">
        <ele>28.7</ele>
      </trkpt>
      <trkpt lat="42.19869" lon="-70.81873">
        <ele>27.9</ele>
      </trkpt>
      <trkpt lat="42.198749" lon="-70.81863">
        <ele>27.8</ele>
      </trkpt>
      <trkpt lat="42.19878" lon="-70.81858">
        <ele>27.7</ele>
      </trkpt>
      <trkpt lat="42.1988" lon="-70.81853">
        <ele>27.8</ele>
      </trkpt>
      <trkpt lat="42.19882" lon="-70.81849">
        <ele>27.8</ele>
      </trkpt>
      <trkpt lat="42.19883" lon="-70.81845">
        <ele>27.9</ele>
      </trkpt>
      <trkpt lat="42.198839" lon="-70.8184">
        <ele>28.0</ele>
      </trkpt>
      <trkpt lat="42.198839" lon="-70.81834">
        <ele>28.2</ele>
      </trkpt>
      <trkpt lat="42.198839" lon="-70.81831">
        <ele>28.2</ele>
      </trkpt>
      <trkpt lat="42.198839" lon="-70.81826">
        <ele>28.4</ele>
      </trkpt>
      <trkpt lat="42.198839" lon="-70.818209">
        <ele>28.5</ele>
      </trkpt>
      <trkpt lat="42.198839" lon="-70.81817">
        <ele>28.5</ele>
      </trkpt>
      <trkpt lat="42.19883" lon="-70.81813">
        <ele>28.7</ele>
      </trkpt>
      <trkpt lat="42.19871" lon="-70.81756">
        <ele>30.9</ele>
      </trkpt>
      <trkpt lat="42.19869" lon="-70.81746">
        <ele>31.0</ele>
      </trkpt>
      <trkpt lat="42.19868" lon="-70.81741">
        <ele>31.1</ele>
      </trkpt>
      <trkpt lat="42.19867" lon="-70.81738">
        <ele>31.1</ele>
      </trkpt>
      <trkpt lat="42.19867" lon="-70.81735">
        <ele>31.0</ele>
      </trkpt>
      <trkpt lat="42.198659" lon="-70.817269">
        <ele>30.9</ele>
      </trkpt>
      <trkpt lat="42.19869" lon="-70.81707">
        <ele>30.3</ele>
      </trkpt>
      <trkpt lat="42.19871" lon="-70.816999">
        <ele>30.1</ele>
      </trkpt>
      <trkpt lat="42.19876" lon="-70.81686">
        <ele>29.4</ele>
      </trkpt>
      <trkpt lat="42.19879" lon="-70.81679">
        <ele>29.1</ele>
      </trkpt>
      <trkpt lat="42.19883" lon="-70.81672">
        <ele>28.8</ele>
      </trkpt>
      <trkpt lat="42.19893" lon="-70.81659">
        <ele>28.2</ele>
      </trkpt>
      <trkpt lat="42.19906" lon="-70.81641">
        <ele>27.5</ele>
      </trkpt>
      <trkpt lat="42.19921" lon="-70.81621">
        <ele>27.0</ele>
      </trkpt>
      <trkpt lat="42.19938" lon="-70.81599">
        <ele>27.4</ele>
      </trkpt>
      <trkpt lat="42.19954" lon="-70.81577">
        <ele>27.7</ele>
      </trkpt>
      <trkpt lat="42.19966" lon="-70.81559">
        <ele>27.7</ele>
      </trkpt>
      <trkpt lat="42.19977" lon="-70.81536">
        <ele>27.9</ele>
      </trkpt>
      <trkpt lat="42.19989" lon="-70.81513">
        <ele>27.8</ele>
      </trkpt>
      <trkpt lat="42.20014" lon="-70.81464">
        <ele>29.6</ele>
      </trkpt>
      <trkpt lat="42.20034" lon="-70.81426">
        <ele>33.2</ele>
      </trkpt>
      <trkpt lat="42.20038" lon="-70.81417">
        <ele>33.6</ele>
      </trkpt>
      <trkpt lat="42.20041" lon="-70.8141">
        <ele>33.7</ele>
      </trkpt>
      <trkpt lat="42.20044" lon="-70.81403">
        <ele>33.8</ele>
      </trkpt>
      <trkpt lat="42.20044" lon="-70.81403">
        <ele>33.8</ele>
      </trkpt>
      <trkpt lat="42.20041" lon="-70.81402">
        <ele>33.7</ele>
      </trkpt>
      <trkpt lat="42.20034" lon="-70.813999">
        <ele>33.7</ele>
      </trkpt>
      <trkpt lat="42.20001" lon="-70.81388">
        <ele>33.8</ele>
      </trkpt>
      <trkpt lat="42.19949" lon="-70.81375">
        <ele>32.4</ele>
      </trkpt>
      <trkpt lat="42.19948" lon="-70.81375">
        <ele>32.4</ele>
      </trkpt>
      <trkpt lat="42.19893" lon="-70.81366">
        <ele>30.8</ele>
      </trkpt>
      <trkpt lat="42.19845" lon="-70.81359">
        <ele>29.9</ele>
      </trkpt>
      <trkpt lat="42.19803" lon="-70.81355">
        <ele>29.8</ele>
      </trkpt>
      <trkpt lat="42.19783" lon="-70.81354">
        <ele>29.8</ele>
      </trkpt>
      <trkpt lat="42.19765" lon="-70.81353">
        <ele>29.8</ele>
      </trkpt>
      <trkpt lat="42.197539" lon="-70.81353">
        <ele>29.8</ele>
      </trkpt>
      <trkpt lat="42.19609" lon="-70.81345">
        <ele>35.3</ele>
      </trkpt>
      <trkpt lat="42.19578" lon="-70.81344">
        <ele>36.5</ele>
      </trkpt>
      <trkpt lat="42.1956" lon="-70.81344">
        <ele>37.1</ele>
      </trkpt>
      <trkpt lat="42.19541" lon="-70.81343">
        <ele>38.2</ele>
      </trkpt>
      <trkpt lat="42.19526" lon="-70.813419">
        <ele>39.5</ele>
      </trkpt>
      <trkpt lat="42.19516" lon="-70.8134">
        <ele>40.3</ele>
      </trkpt>
      <trkpt lat="42.19508" lon="-70.81338">
        <ele>40.9</ele>
      </trkpt>
      <trkpt lat="42.19497" lon="-70.81336">
        <ele>42.2</ele>
      </trkpt>
      <trkpt lat="42.194899" lon="-70.813329">
        <ele>43.1</ele>
      </trkpt>
      <trkpt lat="42.19479" lon="-70.81329">
        <ele>44.2</ele>
      </trkpt>
      <trkpt lat="42.19471" lon="-70.81325">
        <ele>44.7</ele>
      </trkpt>
      <trkpt lat="42.19462" lon="-70.81319">
        <ele>44.7</ele>
      </trkpt>
      <trkpt lat="42.19459" lon="-70.81316">
        <ele>44.7</ele>
      </trkpt>
      <trkpt lat="42.19455" lon="-70.81312">
        <ele>44.7</ele>
      </trkpt>
      <trkpt lat="42.19451" lon="-70.81307">
        <ele>44.7</ele>
      </trkpt>
      <trkpt lat="42.19446" lon="-70.81301">
        <ele>44.8</ele>
      </trkpt>
      <trkpt lat="42.19441" lon="-70.81294">
        <ele>45.0</ele>
      </trkpt>
      <trkpt lat="42.19436" lon="-70.81288">
        <ele>45.2</ele>
      </trkpt>
      <trkpt lat="42.194339" lon="-70.81284">
        <ele>45.3</ele>
      </trkpt>
      <trkpt lat="42.19429" lon="-70.81275">
        <ele>45.5</ele>
      </trkpt>
      <trkpt lat="42.19422" lon="-70.81264">
        <ele>45.7</ele>
      </trkpt>
      <trkpt lat="42.19409" lon="-70.81243">
        <ele>45.8</ele>
      </trkpt>
      <trkpt lat="42.19405" lon="-70.81235">
        <ele>45.8</ele>
      </trkpt>
      <trkpt lat="42.19388" lon="-70.81206">
        <ele>45.8</ele>
      </trkpt>
      <trkpt lat="42.19376" lon="-70.81185">
        <ele>46.3</ele>
      </trkpt>
      <trkpt lat="42.19366" lon="-70.81168">
        <ele>46.5</ele>
      </trkpt>
      <trkpt lat="42.19341" lon="-70.81124">
        <ele>46.8</ele>
      </trkpt>
      <trkpt lat="42.1932" lon="-70.81088">
        <ele>47.7</ele>
      </trkpt>
      <trkpt lat="42.19312" lon="-70.81074">
        <ele>48.0</ele>
      </trkpt>
      <trkpt lat="42.193" lon="-70.81052">
        <ele>48.2</ele>
      </trkpt>
      <trkpt lat="42.19267" lon="-70.80997">
        <ele>48.6</ele>
      </trkpt>
      <trkpt lat="42.19255" lon="-70.80977">
        <ele>48.6</ele>
      </trkpt>
      <trkpt lat="42.19245" lon="-70.80961">
        <ele>48.6</ele>
      </trkpt>
      <trkpt lat="42.192369" lon="-70.80947">
        <ele>48.6</ele>
      </trkpt>
      <trkpt lat="42.19229" lon="-70.80934">
        <ele>48.5</ele>
      </trkpt>
      <trkpt lat="42.19217" lon="-70.80914">
        <ele>48.5</ele>
      </trkpt>
      <trkpt lat="42.192" lon="-70.80886">
        <ele>48.4</ele>
      </trkpt>
      <trkpt lat="42.19185" lon="-70.8086">
        <ele>48.7</ele>
      </trkpt>
      <trkpt lat="42.19166" lon="-70.80829">
        <ele>48.7</ele>
      </trkpt>
      <trkpt lat="42.19162" lon="-70.80822">
        <ele>48.7</ele>
      </trkpt>
      <trkpt lat="42.19147" lon="-70.80796">
        <ele>48.8</ele>
      </trkpt>
      <trkpt lat="42.19133" lon="-70.80774">
        <ele>48.8</ele>
      </trkpt>
      <trkpt lat="42.19098" lon="-70.807149">
        <ele>48.8</ele>
      </trkpt>
      <trkpt lat="42.19076" lon="-70.80678">
        <ele>48.8</ele>
      </trkpt>
      <trkpt lat="42.19048" lon="-70.806299">
        <ele>48.8</ele>
      </trkpt>
      <trkpt lat="42.19027" lon="-70.80595">
        <ele>48.7</ele>
      </trkpt>
      <trkpt lat="42.19007" lon="-70.80564">
        <ele>48.8</ele>
      </trkpt>
      <trkpt lat="42.189929" lon="-70.8054">
        <ele>48.6</ele>
      </trkpt>
      <trkpt lat="42.1898" lon="-70.80521">
        <ele>48.1</ele>
      </trkpt>
      <trkpt lat="42.1897" lon="-70.80504">
        <ele>47.6</ele>
      </trkpt>
      <trkpt lat="42.18963" lon="-70.80494">
        <ele>47.2</ele>
      </trkpt>
      <trkpt lat="42.18956" lon="-70.80485">
        <ele>47.0</ele>
      </trkpt>
      <trkpt lat="42.18952" lon="-70.80481">
        <ele>46.9</ele>
      </trkpt>
      <trkpt lat="42.18947" lon="-70.80474">
        <ele>46.8</ele>
      </trkpt>
      <trkpt lat="42.18939" lon="-70.80465">
        <ele>46.5</ele>
      </trkpt>
      <trkpt lat="42.18927" lon="-70.8045">
        <ele>45.9</ele>
      </trkpt>
      <trkpt lat="42.18914" lon="-70.80435">
        <ele>45.7</ele>
      </trkpt>
      <trkpt lat="42.18904" lon="-70.804239">
        <ele>45.6</ele>
      </trkpt>
      <trkpt lat="42.18891" lon="-70.8041">
        <ele>45.3</ele>
      </trkpt>
      <trkpt lat="42.188809" lon="-70.80399">
        <ele>45.0</ele>
      </trkpt>
      <trkpt lat="42.18863" lon="-70.80378">
        <ele>44.3</ele>
      </trkpt>
      <trkpt lat="42.1885" lon="-70.80363">
        <ele>43.9</ele>
      </trkpt>
      <trkpt lat="42.18836" lon="-70.80345">
        <ele>43.4</ele>
      </trkpt>
      <trkpt lat="42.188249" lon="-70.80331">
        <ele>42.9</ele>
      </trkpt>
      <trkpt lat="42.18811" lon="-70.80314">
        <ele>42.8</ele>
      </trkpt>
      <trkpt lat="42.188" lon="-70.80299">
        <ele>42.8</ele>
      </trkpt>
      <trkpt lat="42.18794" lon="-70.80291">
        <ele>42.8</ele>
      </trkpt>
      <trkpt lat="42.18788" lon="-70.80284">
        <ele>42.8</ele>
      </trkpt>
      <trkpt lat="42.18783" lon="-70.80278">
        <ele>42.8</ele>
      </trkpt>
      <trkpt lat="42.18777" lon="-70.80271">
        <ele>42.8</ele>
      </trkpt>
      <trkpt lat="42.18772" lon="-70.80266">
        <ele>42.8</ele>
      </trkpt>
      <trkpt lat="42.18764" lon="-70.80259">
        <ele>42.8</ele>
      </trkpt>
      <trkpt lat="42.18761" lon="-70.80256">
        <ele>42.8</ele>
      </trkpt>
      <trkpt lat="42.18757" lon="-70.80253">
        <ele>42.8</ele>
      </trkpt>
      <trkpt lat="42.1875" lon="-70.80248">
        <ele>42.8</ele>
      </trkpt>
      <trkpt lat="42.18744" lon="-70.802449">
        <ele>42.8</ele>
      </trkpt>
      <trkpt lat="42.18738" lon="-70.80242">
        <ele>42.8</ele>
      </trkpt>
      <trkpt lat="42.18736" lon="-70.8024">
        <ele>42.8</ele>
      </trkpt>
      <trkpt lat="42.18732" lon="-70.80238">
        <ele>42.8</ele>
      </trkpt>
      <trkpt lat="42.18726" lon="-70.802359">
        <ele>42.8</ele>
      </trkpt>
      <trkpt lat="42.18719" lon="-70.80234">
        <ele>42.8</ele>
      </trkpt>
      <trkpt lat="42.18712" lon="-70.80232">
        <ele>42.8</ele>
      </trkpt>
      <trkpt lat="42.1871" lon="-70.80232">
        <ele>42.8</ele>
      </trkpt>
      <trkpt lat="42.18689" lon="-70.80228">
        <ele>42.8</ele>
      </trkpt>
      <trkpt lat="42.18625" lon="-70.80219">
        <ele>42.2</ele>
      </trkpt>
      <trkpt lat="42.18613" lon="-70.80217">
        <ele>42.0</ele>
      </trkpt>
      <trkpt lat="42.18613" lon="-70.80217">
        <ele>42.0</ele>
      </trkpt>
      <trkpt lat="42.18613" lon="-70.80211">
        <ele>41.9</ele>
      </trkpt>
      <trkpt lat="42.18613" lon="-70.80204">
        <ele>41.8</ele>
      </trkpt>
      <trkpt lat="42.18614" lon="-70.802">
        <ele>41.8</ele>
      </trkpt>
      <trkpt lat="42.18615" lon="-70.80194">
        <ele>41.8</ele>
      </trkpt>
      <trkpt lat="42.18617" lon="-70.80186">
        <ele>41.7</ele>
      </trkpt>
      <trkpt lat="42.1862" lon="-70.80173">
        <ele>41.7</ele>
      </trkpt>
      <trkpt lat="42.18623" lon="-70.80164">
        <ele>41.8</ele>
      </trkpt>
      <trkpt lat="42.18625" lon="-70.80157">
        <ele>41.8</ele>
      </trkpt>
      <trkpt lat="42.18627" lon="-70.8015">
        <ele>41.8</ele>
      </trkpt>
      <trkpt lat="42.18631" lon="-70.80138">
        <ele>41.7</ele>
      </trkpt>
      <trkpt lat="42.1864" lon="-70.80109">
        <ele>41.3</ele>
      </trkpt>
      <trkpt lat="42.18648" lon="-70.80082">
        <ele>40.1</ele>
      </trkpt>
      <trkpt lat="42.18651" lon="-70.80071">
        <ele>39.5</ele>
      </trkpt>
      <trkpt lat="42.18661" lon="-70.800389">
        <ele>37.5</ele>
      </trkpt>
      <trkpt lat="42.18673" lon="-70.8">
        <ele>35.6</ele>
      </trkpt>
      <trkpt lat="42.18675" lon="-70.79994">
        <ele>35.5</ele>
      </trkpt>
      <trkpt lat="42.18689" lon="-70.79953">
        <ele>34.8</ele>
      </trkpt>
      <trkpt lat="42.18704" lon="-70.79917">
        <ele>33.8</ele>
      </trkpt>
      <trkpt lat="42.18722" lon="-70.79877">
        <ele>33.0</ele>
      </trkpt>
      <trkpt lat="42.18744" lon="-70.79834">
        <ele>32.5</ele>
      </trkpt>
      <trkpt lat="42.18764" lon="-70.79796">
        <ele>32.1</ele>
      </trkpt>
      <trkpt lat="42.18781" lon="-70.79769">
        <ele>30.6</ele>
      </trkpt>
      <trkpt lat="42.18789" lon="-70.79758">
        <ele>30.2</ele>
      </trkpt>
      <trkpt lat="42.18799" lon="-70.79747">
        <ele>30.0</ele>
      </trkpt>
      <trkpt lat="42.18808" lon="-70.797389">
        <ele>30.2</ele>
      </trkpt>
      <trkpt lat="42.18809" lon="-70.797389">
        <ele>30.2</ele>
      </trkpt>
      <trkpt lat="42.18813" lon="-70.79737">
        <ele>30.4</ele>
      </trkpt>
      <trkpt lat="42.18824" lon="-70.79731">
        <ele>30.9</ele>
      </trkpt>
      <trkpt lat="42.18836" lon="-70.79728">
        <ele>31.1</ele>
      </trkpt>
      <trkpt lat="42.188519" lon="-70.79725">
        <ele>31.2</ele>
      </trkpt>
      <trkpt lat="42.18865" lon="-70.79723">
        <ele>31.7</ele>
      </trkpt>
      <trkpt lat="42.18879" lon="-70.79721">
        <ele>32.3</ele>
      </trkpt>
      <trkpt lat="42.189" lon="-70.79721">
        <ele>33.1</ele>
      </trkpt>
      <trkpt lat="42.18931" lon="-70.79721">
        <ele>33.8</ele>
      </trkpt>
      <trkpt lat="42.18956" lon="-70.79719">
        <ele>34.4</ele>
      </trkpt>
      <trkpt lat="42.189749" lon="-70.79717">
        <ele>35.2</ele>
      </trkpt>
      <trkpt lat="42.18979" lon="-70.79717">
        <ele>35.3</ele>
      </trkpt>
      <trkpt lat="42.1899" lon="-70.79714">
        <ele>35.8</ele>
      </trkpt>
      <trkpt lat="42.18999" lon="-70.79711">
        <ele>36.2</ele>
      </trkpt>
      <trkpt lat="42.19" lon="-70.79711">
        <ele>36.2</ele>
      </trkpt>
      <trkpt lat="42.190019" lon="-70.7971">
        <ele>36.3</ele>
      </trkpt>
      <trkpt lat="42.1901" lon="-70.79705">
        <ele>36.7</ele>
      </trkpt>
      <trkpt lat="42.190219" lon="-70.796989">
        <ele>37.1</ele>
      </trkpt>
      <trkpt lat="42.19028" lon="-70.79695">
        <ele>37.3</ele>
      </trkpt>
      <trkpt lat="42.1903" lon="-70.79693">
        <ele>37.5</ele>
      </trkpt>
      <trkpt lat="42.19032" lon="-70.79692">
        <ele>37.5</ele>
      </trkpt>
      <trkpt lat="42.19033" lon="-70.79691">
        <ele>37.6</ele>
      </trkpt>
      <trkpt lat="42.19041" lon="-70.7968">
        <ele>38.4</ele>
      </trkpt>
      <trkpt lat="42.19042" lon="-70.79678">
        <ele>38.5</ele>
      </trkpt>
      <trkpt lat="42.19047" lon="-70.79668">
        <ele>39.2</ele>
      </trkpt>
      <trkpt lat="42.19052" lon="-70.79657">
        <ele>39.6</ele>
      </trkpt>
      <trkpt lat="42.19052" lon="-70.79656">
        <ele>39.6</ele>
      </trkpt>
      <trkpt lat="42.19052" lon="-70.796539">
        <ele>39.6</ele>
      </trkpt>
      <trkpt lat="42.19054" lon="-70.79644">
        <ele>39.8</ele>
      </trkpt>
      <trkpt lat="42.19056" lon="-70.79633">
        <ele>39.8</ele>
      </trkpt>
      <trkpt lat="42.19057" lon="-70.79623">
        <ele>39.8</ele>
      </trkpt>
      <trkpt lat="42.19059" lon="-70.79604">
        <ele>39.8</ele>
      </trkpt>
      <trkpt lat="42.19063" lon="-70.795779">
        <ele>39.8</ele>
      </trkpt>
      <trkpt lat="42.19067" lon="-70.79545">
        <ele>39.8</ele>
      </trkpt>
      <trkpt lat="42.19077" lon="-70.794839">
        <ele>37.4</ele>
      </trkpt>
      <trkpt lat="42.19084" lon="-70.79452">
        <ele>37.3</ele>
      </trkpt>
      <trkpt lat="42.19088" lon="-70.79438">
        <ele>37.3</ele>
      </trkpt>
      <trkpt lat="42.19088" lon="-70.79435">
        <ele>37.3</ele>
      </trkpt>
      <trkpt lat="42.1909" lon="-70.79431">
        <ele>37.4</ele>
      </trkpt>
      <trkpt lat="42.19093" lon="-70.79421">
        <ele>37.7</ele>
      </trkpt>
      <trkpt lat="42.190959" lon="-70.79416">
        <ele>37.8</ele>
      </trkpt>
      <trkpt lat="42.19097" lon="-70.79415">
        <ele>37.9</ele>
      </trkpt>
      <trkpt lat="42.19099" lon="-70.79412">
        <ele>38.0</ele>
      </trkpt>
      <trkpt lat="42.19101" lon="-70.7941">
        <ele>38.1</ele>
      </trkpt>
      <trkpt lat="42.19107" lon="-70.79406">
        <ele>38.4</ele>
      </trkpt>
      <trkpt lat="42.19109" lon="-70.79405">
        <ele>38.4</ele>
      </trkpt>
      <trkpt lat="42.19111" lon="-70.79403">
        <ele>38.6</ele>
      </trkpt>
      <trkpt lat="42.19114" lon="-70.79402">
        <ele>38.6</ele>
      </trkpt>
      <trkpt lat="42.19119" lon="-70.79401">
        <ele>38.7</ele>
      </trkpt>
      <trkpt lat="42.19133" lon="-70.794">
        <ele>38.6</ele>
      </trkpt>
      <trkpt lat="42.19148" lon="-70.79401">
        <ele>38.3</ele>
      </trkpt>
      <trkpt lat="42.19162" lon="-70.794">
        <ele>38.1</ele>
      </trkpt>
      <trkpt lat="42.19164" lon="-70.794">
        <ele>38.0</ele>
      </trkpt>
      <trkpt lat="42.19165" lon="-70.793989">
        <ele>38.1</ele>
      </trkpt>
      <trkpt lat="42.19169" lon="-70.79398">
        <ele>38.1</ele>
      </trkpt>
      <trkpt lat="42.19171" lon="-70.79396">
        <ele>38.2</ele>
      </trkpt>
      <trkpt lat="42.19173" lon="-70.79395">
        <ele>38.2</ele>
      </trkpt>
      <trkpt lat="42.19175" lon="-70.79392">
        <ele>38.4</ele>
      </trkpt>
      <trkpt lat="42.19176" lon="-70.79391">
        <ele>38.4</ele>
      </trkpt>
      <trkpt lat="42.1918" lon="-70.7938">
        <ele>39.2</ele>
      </trkpt>
      <trkpt lat="42.19192" lon="-70.79352">
        <ele>40.7</ele>
      </trkpt>
      <trkpt lat="42.19198" lon="-70.79338">
        <ele>40.7</ele>
      </trkpt>
      <trkpt lat="42.19207" lon="-70.79318">
        <ele>40.6</ele>
      </trkpt>
      <trkpt lat="42.19216" lon="-70.79294">
        <ele>40.3</ele>
      </trkpt>
      <trkpt lat="42.19223" lon="-70.79272">
        <ele>40.4</ele>
      </trkpt>
      <trkpt lat="42.192279" lon="-70.79254">
        <ele>40.4</ele>
      </trkpt>
      <trkpt lat="42.19231" lon="-70.79244">
        <ele>40.2</ele>
      </trkpt>
      <trkpt lat="42.19239" lon="-70.79221">
        <ele>39.5</ele>
      </trkpt>
      <trkpt lat="42.192459" lon="-70.79199">
        <ele>39.5</ele>
      </trkpt>
      <trkpt lat="42.19254" lon="-70.79165">
        <ele>39.0</ele>
      </trkpt>
      <trkpt lat="42.19259" lon="-70.79143">
        <ele>38.4</ele>
      </trkpt>
      <trkpt lat="42.19263" lon="-70.79119">
        <ele>38.0</ele>
      </trkpt>
      <trkpt lat="42.19272" lon="-70.79074">
        <ele>36.6</ele>
      </trkpt>
      <trkpt lat="42.19278" lon="-70.7904">
        <ele>35.7</ele>
      </trkpt>
      <trkpt lat="42.19285" lon="-70.78999">
        <ele>36.0</ele>
      </trkpt>
      <trkpt lat="42.19294" lon="-70.78942">
        <ele>35.1</ele>
      </trkpt>
      <trkpt lat="42.19299" lon="-70.78916">
        <ele>35.4</ele>
      </trkpt>
      <trkpt lat="42.193" lon="-70.78913">
        <ele>35.4</ele>
      </trkpt>
      <trkpt lat="42.19305" lon="-70.788929">
        <ele>35.3</ele>
      </trkpt>
      <trkpt lat="42.19311" lon="-70.78878">
        <ele>35.3</ele>
      </trkpt>
      <trkpt lat="42.19319" lon="-70.78867">
        <ele>35.3</ele>
      </trkpt>
      <trkpt lat="42.19327" lon="-70.78857">
        <ele>35.1</ele>
      </trkpt>
      <trkpt lat="42.19334" lon="-70.78853">
        <ele>35.1</ele>
      </trkpt>
      <trkpt lat="42.19344" lon="-70.78848">
        <ele>35.3</ele>
      </trkpt>
      <trkpt lat="42.19355" lon="-70.78844">
        <ele>35.6</ele>
      </trkpt>
      <trkpt lat="42.19368" lon="-70.78842">
        <ele>35.6</ele>
      </trkpt>
      <trkpt lat="42.1939" lon="-70.78843">
        <ele>35.6</ele>
      </trkpt>
      <trkpt lat="42.19432" lon="-70.78841">
        <ele>35.9</ele>
      </trkpt>
      <trkpt lat="42.19444" lon="-70.78837">
        <ele>36.1</ele>
      </trkpt>
      <trkpt lat="42.19452" lon="-70.78827">
        <ele>36.4</ele>
      </trkpt>
      <trkpt lat="42.19455" lon="-70.7882">
        <ele>36.5</ele>
      </trkpt>
      <trkpt lat="42.19457" lon="-70.78816">
        <ele>36.6</ele>
      </trkpt>
      <trkpt lat="42.19459" lon="-70.78805">
        <ele>36.8</ele>
      </trkpt>
      <trkpt lat="42.19459" lon="-70.787899">
        <ele>36.8</ele>
      </trkpt>
      <trkpt lat="42.19457" lon="-70.78775">
        <ele>36.8</ele>
      </trkpt>
      <trkpt lat="42.19452" lon="-70.78744">
        <ele>36.8</ele>
      </trkpt>
      <trkpt lat="42.19435" lon="-70.78624">
        <ele>36.8</ele>
      </trkpt>
      <trkpt lat="42.19429" lon="-70.78579">
        <ele>36.3</ele>
      </trkpt>
      <trkpt lat="42.19414" lon="-70.78485">
        <ele>32.8</ele>
      </trkpt>
      <trkpt lat="42.19409" lon="-70.78445">
        <ele>30.7</ele>
      </trkpt>
      <trkpt lat="42.19409" lon="-70.784319">
        <ele>29.9</ele>
      </trkpt>
      <trkpt lat="42.19409" lon="-70.78407">
        <ele>28.4</ele>
      </trkpt>
      <trkpt lat="42.1941" lon="-70.78369">
        <ele>26.6</ele>
      </trkpt>
      <trkpt lat="42.19412" lon="-70.78348">
        <ele>26.0</ele>
      </trkpt>
      <trkpt lat="42.19413" lon="-70.78308">
        <ele>25.0</ele>
      </trkpt>
      <trkpt lat="42.19418" lon="-70.78115">
        <ele>29.0</ele>
      </trkpt>
      <trkpt lat="42.19419" lon="-70.78098">
        <ele>29.6</ele>
      </trkpt>
      <trkpt lat="42.19422" lon="-70.78082">
        <ele>30.0</ele>
      </trkpt>
      <trkpt lat="42.19426" lon="-70.78064">
        <ele>30.4</ele>
      </trkpt>
      <trkpt lat="42.1943" lon="-70.78051">
        <ele>30.7</ele>
      </trkpt>
      <trkpt lat="42.19445" lon="-70.77995">
        <ele>30.7</ele>
      </trkpt>
      <trkpt lat="42.19452" lon="-70.77949">
        <ele>31.3</ele>
      </trkpt>
      <trkpt lat="42.19462" lon="-70.77882">
        <ele>31.6</ele>
      </trkpt>
      <trkpt lat="42.19464" lon="-70.7787">
        <ele>31.5</ele>
      </trkpt>
      <trkpt lat="42.19478" lon="-70.77762">
        <ele>31.1</ele>
      </trkpt>
      <trkpt lat="42.19487" lon="-70.77698">
        <ele>31.6</ele>
      </trkpt>
      <trkpt lat="42.19494" lon="-70.77654">
        <ele>31.5</ele>
      </trkpt>
      <trkpt lat="42.19501" lon="-70.77612">
        <ele>31.5</ele>
      </trkpt>
      <trkpt lat="42.19507" lon="-70.77573">
        <ele>30.8</ele>
      </trkpt>
      <trkpt lat="42.19513" lon="-70.775409">
        <ele>30.3</ele>
      </trkpt>
      <trkpt lat="42.19518" lon="-70.77518">
        <ele>30.4</ele>
      </trkpt>
      <trkpt lat="42.19524" lon="-70.77497">
        <ele>30.2</ele>
      </trkpt>
      <trkpt lat="42.1953" lon="-70.77469">
        <ele>29.6</ele>
      </trkpt>
      <trkpt lat="42.19533" lon="-70.77449">
        <ele>29.2</ele>
      </trkpt>
      <trkpt lat="42.19533" lon="-70.77381">
        <ele>26.3</ele>
      </trkpt>
      <trkpt lat="42.19531" lon="-70.7733">
        <ele>24.8</ele>
      </trkpt>
      <trkpt lat="42.1953" lon="-70.7731">
        <ele>24.3</ele>
      </trkpt>
      <trkpt lat="42.19532" lon="-70.77296">
        <ele>24.0</ele>
      </trkpt>
      <trkpt lat="42.19536" lon="-70.77287">
        <ele>23.6</ele>
      </trkpt>
      <trkpt lat="42.19539" lon="-70.77282">
        <ele>23.3</ele>
      </trkpt>
      <trkpt lat="42.19587" lon="-70.77234">
        <ele>19.0</ele>
      </trkpt>
      <trkpt lat="42.19614" lon="-70.77203">
        <ele>18.8</ele>
      </trkpt>
      <trkpt lat="42.1963" lon="-70.77179">
        <ele>18.2</ele>
      </trkpt>
      <trkpt lat="42.19644" lon="-70.77154">
        <ele>18.0</ele>
      </trkpt>
      <trkpt lat="42.19664" lon="-70.77114">
        <ele>18.4</ele>
      </trkpt>
      <trkpt lat="42.19677" lon="-70.77087">
        <ele>18.8</ele>
      </trkpt>
      <trkpt lat="42.19685" lon="-70.770709">
        <ele>18.7</ele>
      </trkpt>
      <trkpt lat="42.19688" lon="-70.77059">
        <ele>18.5</ele>
      </trkpt>
      <trkpt lat="42.19689" lon="-70.77052">
        <ele>18.5</ele>
      </trkpt>
      <trkpt lat="42.1969" lon="-70.77043">
        <ele>18.4</ele>
      </trkpt>
      <trkpt lat="42.19689" lon="-70.77027">
        <ele>18.2</ele>
      </trkpt>
      <trkpt lat="42.19679" lon="-70.76915">
        <ele>18.2</ele>
      </trkpt>
      <trkpt lat="42.19675" lon="-70.76876">
        <ele>18.7</ele>
      </trkpt>
      <trkpt lat="42.1967" lon="-70.76816">
        <ele>18.9</ele>
      </trkpt>
      <trkpt lat="42.196689" lon="-70.76802">
        <ele>19.0</ele>
      </trkpt>
      <trkpt lat="42.19668" lon="-70.76794">
        <ele>19.1</ele>
      </trkpt>
      <trkpt lat="42.19668" lon="-70.76786">
        <ele>19.3</ele>
      </trkpt>
      <trkpt lat="42.19667" lon="-70.76779">
        <ele>19.3</ele>
      </trkpt>
      <trkpt lat="42.19667" lon="-70.76773">
        <ele>19.4</ele>
      </trkpt>
      <trkpt lat="42.19667" lon="-70.76768">
        <ele>19.5</ele>
      </trkpt>
      <trkpt lat="42.19667" lon="-70.76761">
        <ele>19.6</ele>
      </trkpt>
      <trkpt lat="42.19668" lon="-70.76747">
        <ele>19.8</ele>
      </trkpt>
      <trkpt lat="42.196689" lon="-70.76738">
        <ele>19.9</ele>
      </trkpt>
      <trkpt lat="42.1967" lon="-70.76729">
        <ele>20.1</ele>
      </trkpt>
      <trkpt lat="42.19671" lon="-70.76718">
        <ele>20.3</ele>
      </trkpt>
      <trkpt lat="42.19674" lon="-70.76688">
        <ele>20.6</ele>
      </trkpt>
      <trkpt lat="42.19677" lon="-70.76665">
        <ele>20.9</ele>
      </trkpt>
      <trkpt lat="42.1968" lon="-70.76645">
        <ele>21.5</ele>
      </trkpt>
      <trkpt lat="42.19685" lon="-70.76618">
        <ele>21.9</ele>
      </trkpt>
      <trkpt lat="42.196869" lon="-70.76605">
        <ele>21.9</ele>
      </trkpt>
      <trkpt lat="42.1969" lon="-70.7659">
        <ele>22.0</ele>
      </trkpt>
      <trkpt lat="42.19693" lon="-70.7658">
        <ele>22.1</ele>
      </trkpt>
      <trkpt lat="42.19695" lon="-70.76572">
        <ele>22.1</ele>
      </trkpt>
      <trkpt lat="42.19698" lon="-70.76562">
        <ele>22.3</ele>
      </trkpt>
      <trkpt lat="42.19701" lon="-70.76551">
        <ele>22.4</ele>
      </trkpt>
      <trkpt lat="42.19705" lon="-70.76539">
        <ele>22.6</ele>
      </trkpt>
      <trkpt lat="42.1971" lon="-70.76528">
        <ele>22.7</ele>
      </trkpt>
      <trkpt lat="42.19714" lon="-70.76515">
        <ele>22.8</ele>
      </trkpt>
      <trkpt lat="42.19724" lon="-70.76491">
        <ele>23.3</ele>
      </trkpt>
      <trkpt lat="42.1973" lon="-70.76477">
        <ele>23.7</ele>
      </trkpt>
      <trkpt lat="42.19742" lon="-70.76451">
        <ele>23.9</ele>
      </trkpt>
      <trkpt lat="42.19749" lon="-70.764349">
        <ele>24.2</ele>
      </trkpt>
      <trkpt lat="42.19767" lon="-70.76395">
        <ele>24.8</ele>
      </trkpt>
      <trkpt lat="42.1978" lon="-70.76365">
        <ele>25.8</ele>
      </trkpt>
      <trkpt lat="42.19813" lon="-70.76286">
        <ele>28.4</ele>
      </trkpt>
      <trkpt lat="42.19825" lon="-70.76258">
        <ele>28.8</ele>
      </trkpt>
      <trkpt lat="42.19836" lon="-70.76231">
        <ele>29.6</ele>
      </trkpt>
      <trkpt lat="42.19853" lon="-70.761889">
        <ele>31.3</ele>
      </trkpt>
      <trkpt lat="42.19863" lon="-70.76164">
        <ele>32.5</ele>
      </trkpt>
      <trkpt lat="42.19902" lon="-70.7607">
        <ele>35.6</ele>
      </trkpt>
      <trkpt lat="42.19918" lon="-70.76028">
        <ele>36.2</ele>
      </trkpt>
      <trkpt lat="42.19927" lon="-70.75998">
        <ele>36.0</ele>
      </trkpt>
      <trkpt lat="42.199309" lon="-70.75984">
        <ele>35.6</ele>
      </trkpt>
      <trkpt lat="42.19934" lon="-70.75972">
        <ele>35.3</ele>
      </trkpt>
      <trkpt lat="42.19936" lon="-70.75963">
        <ele>35.0</ele>
      </trkpt>
      <trkpt lat="42.19939" lon="-70.75952">
        <ele>34.7</ele>
      </trkpt>
      <trkpt lat="42.1994" lon="-70.75941">
        <ele>34.4</ele>
      </trkpt>
      <trkpt lat="42.19942" lon="-70.75931">
        <ele>34.1</ele>
      </trkpt>
      <trkpt lat="42.19943" lon="-70.75922">
        <ele>33.9</ele>
      </trkpt>
      <trkpt lat="42.19944" lon="-70.75901">
        <ele>33.3</ele>
      </trkpt>
      <trkpt lat="42.19953" lon="-70.75783">
        <ele>32.6</ele>
      </trkpt>
      <trkpt lat="42.19957" lon="-70.75737">
        <ele>33.4</ele>
      </trkpt>
      <trkpt lat="42.19965" lon="-70.75643">
        <ele>35.3</ele>
      </trkpt>
      <trkpt lat="42.19968" lon="-70.75613">
        <ele>36.6</ele>
      </trkpt>
      <trkpt lat="42.19971" lon="-70.75579">
        <ele>38.4</ele>
      </trkpt>
      <trkpt lat="42.19972" lon="-70.75569">
        <ele>38.7</ele>
      </trkpt>
      <trkpt lat="42.19973" lon="-70.75542">
        <ele>38.6</ele>
      </trkpt>
      <trkpt lat="42.19974" lon="-70.75518">
        <ele>37.7</ele>
      </trkpt>
      <trkpt lat="42.19974" lon="-70.75501">
        <ele>36.9</ele>
      </trkpt>
      <trkpt lat="42.19973" lon="-70.75485">
        <ele>36.0</ele>
      </trkpt>
      <trkpt lat="42.19967" lon="-70.75415">
        <ele>34.7</ele>
      </trkpt>
      <trkpt lat="42.19963" lon="-70.75375">
        <ele>33.8</ele>
      </trkpt>
      <trkpt lat="42.19958" lon="-70.75368">
        <ele>33.6</ele>
      </trkpt>
      <trkpt lat="42.19953" lon="-70.7536">
        <ele>33.3</ele>
      </trkpt>
      <trkpt lat="42.199509" lon="-70.75358">
        <ele>33.3</ele>
      </trkpt>
      <trkpt lat="42.199509" lon="-70.75357">
        <ele>33.2</ele>
      </trkpt>
      <trkpt lat="42.19949" lon="-70.75355">
        <ele>33.2</ele>
      </trkpt>
      <trkpt lat="42.19948" lon="-70.75352">
        <ele>33.1</ele>
      </trkpt>
      <trkpt lat="42.19943" lon="-70.7534">
        <ele>33.0</ele>
      </trkpt>
      <trkpt lat="42.19873" lon="-70.75156">
        <ele>30.7</ele>
      </trkpt>
      <trkpt lat="42.19854" lon="-70.75108">
        <ele>29.7</ele>
      </trkpt>
      <trkpt lat="42.19831" lon="-70.7505">
        <ele>28.8</ele>
      </trkpt>
      <trkpt lat="42.19808" lon="-70.75017">
        <ele>28.6</ele>
      </trkpt>
      <trkpt lat="42.19803" lon="-70.75008">
        <ele>28.7</ele>
      </trkpt>
      <trkpt lat="42.19786" lon="-70.74981">
        <ele>28.8</ele>
      </trkpt>
      <trkpt lat="42.19783" lon="-70.74978">
        <ele>28.8</ele>
      </trkpt>
      <trkpt lat="42.197539" lon="-70.74934">
        <ele>28.4</ele>
      </trkpt>
      <trkpt lat="42.1974" lon="-70.7491">
        <ele>28.0</ele>
      </trkpt>
      <trkpt lat="42.197159" lon="-70.74867">
        <ele>27.0</ele>
      </trkpt>
      <trkpt lat="42.19705" lon="-70.74846">
        <ele>26.6</ele>
      </trkpt>
      <trkpt lat="42.19697" lon="-70.7483">
        <ele>26.0</ele>
      </trkpt>
      <trkpt lat="42.19685" lon="-70.74804">
        <ele>25.3</ele>
      </trkpt>
      <trkpt lat="42.196779" lon="-70.74789">
        <ele>25.1</ele>
      </trkpt>
      <trkpt lat="42.19675" lon="-70.7478">
        <ele>24.9</ele>
      </trkpt>
      <trkpt lat="42.1967" lon="-70.747649">
        <ele>24.7</ele>
      </trkpt>
      <trkpt lat="42.19665" lon="-70.7475">
        <ele>24.5</ele>
      </trkpt>
      <trkpt lat="42.19655" lon="-70.74714">
        <ele>23.9</ele>
      </trkpt>
      <trkpt lat="42.19644" lon="-70.74675">
        <ele>23.3</ele>
      </trkpt>
      <trkpt lat="42.196309" lon="-70.74629">
        <ele>22.6</ele>
      </trkpt>
      <trkpt lat="42.19627" lon="-70.74614">
        <ele>22.3</ele>
      </trkpt>
      <trkpt lat="42.196219" lon="-70.74598">
        <ele>22.1</ele>
      </trkpt>
      <trkpt lat="42.19618" lon="-70.74587">
        <ele>21.9</ele>
      </trkpt>
      <trkpt lat="42.19614" lon="-70.74576">
        <ele>21.7</ele>
      </trkpt>
      <trkpt lat="42.1961" lon="-70.74566">
        <ele>21.6</ele>
      </trkpt>
      <trkpt lat="42.19606" lon="-70.74555">
        <ele>21.5</ele>
      </trkpt>
      <trkpt lat="42.196" lon="-70.74541">
        <ele>21.3</ele>
      </trkpt>
      <trkpt lat="42.19589" lon="-70.74516">
        <ele>21.2</ele>
      </trkpt>
      <trkpt lat="42.19559" lon="-70.74451">
        <ele>20.7</ele>
      </trkpt>
      <trkpt lat="42.19546" lon="-70.74424">
        <ele>20.1</ele>
      </trkpt>
      <trkpt lat="42.19526" lon="-70.74379">
        <ele>19.8</ele>
      </trkpt>
      <trkpt lat="42.195189" lon="-70.74363">
        <ele>19.8</ele>
      </trkpt>
      <trkpt lat="42.19489" lon="-70.7429">
        <ele>18.4</ele>
      </trkpt>
      <trkpt lat="42.194809" lon="-70.74275">
        <ele>17.9</ele>
      </trkpt>
      <trkpt lat="42.19476" lon="-70.74266">
        <ele>17.5</ele>
      </trkpt>
      <trkpt lat="42.19467" lon="-70.74252">
        <ele>16.6</ele>
      </trkpt>
      <trkpt lat="42.19458" lon="-70.74238">
        <ele>16.0</ele>
      </trkpt>
      <trkpt lat="42.19449" lon="-70.74225">
        <ele>15.3</ele>
      </trkpt>
      <trkpt lat="42.19442" lon="-70.74214">
        <ele>14.5</ele>
      </trkpt>
      <trkpt lat="42.19436" lon="-70.74204">
        <ele>13.7</ele>
      </trkpt>
      <trkpt lat="42.19401" lon="-70.74151">
        <ele>10.6</ele>
      </trkpt>
      <trkpt lat="42.19366" lon="-70.74093">
        <ele>9.0</ele>
      </trkpt>
      <trkpt lat="42.19342" lon="-70.74045">
        <ele>9.8</ele>
      </trkpt>
      <trkpt lat="42.19326" lon="-70.74012">
        <ele>9.6</ele>
      </trkpt>
      <trkpt lat="42.19318" lon="-70.73994">
        <ele>9.3</ele>
      </trkpt>
      <trkpt lat="42.19285" lon="-70.73927">
        <ele>8.9</ele>
      </trkpt>
      <trkpt lat="42.19261" lon="-70.73878">
        <ele>8.9</ele>
      </trkpt>
      <trkpt lat="42.19257" lon="-70.73866">
        <ele>8.9</ele>
      </trkpt>
      <trkpt lat="42.1922" lon="-70.73771">
        <ele>8.9</ele>
      </trkpt>
      <trkpt lat="42.19214" lon="-70.73752">
        <ele>8.7</ele>
      </trkpt>
      <trkpt lat="42.19203" lon="-70.737219">
        <ele>9.1</ele>
      </trkpt>
      <trkpt lat="42.19201" lon="-70.73677">
        <ele>9.2</ele>
      </trkpt>
      <trkpt lat="42.19204" lon="-70.73633">
        <ele>9.3</ele>
      </trkpt>
      <trkpt lat="42.19205" lon="-70.736279">
        <ele>9.4</ele>
      </trkpt>
      <trkpt lat="42.19206" lon="-70.73577">
        <ele>10.1</ele>
      </trkpt>
      <trkpt lat="42.19207" lon="-70.73513">
        <ele>10.1</ele>
      </trkpt>
      <trkpt lat="42.19206" lon="-70.73485">
        <ele>10.1</ele>
      </trkpt>
      <trkpt lat="42.19205" lon="-70.7346">
        <ele>10.2</ele>
      </trkpt>
      <trkpt lat="42.19202" lon="-70.734309">
        <ele>10.8</ele>
      </trkpt>
      <trkpt lat="42.19201" lon="-70.734219">
        <ele>11.1</ele>
      </trkpt>
      <trkpt lat="42.192" lon="-70.73398">
        <ele>11.6</ele>
      </trkpt>
      <trkpt lat="42.19198" lon="-70.73354">
        <ele>12.1</ele>
      </trkpt>
      <trkpt lat="42.191989" lon="-70.733279">
        <ele>12.1</ele>
      </trkpt>
      <trkpt lat="42.19201" lon="-70.73296">
        <ele>12.1</ele>
      </trkpt>
      <trkpt lat="42.19205" lon="-70.73255">
        <ele>11.9</ele>
      </trkpt>
      <trkpt lat="42.19217" lon="-70.7312">
        <ele>10.1</ele>
      </trkpt>
      <trkpt lat="42.19227" lon="-70.73017">
        <ele>8.4</ele>
      </trkpt>
      <trkpt lat="42.19234" lon="-70.729519">
        <ele>6.1</ele>
      </trkpt>
      <trkpt lat="42.19238" lon="-70.72917">
        <ele>5.7</ele>
      </trkpt>
      <trkpt lat="42.19242" lon="-70.72892">
        <ele>4.8</ele>
      </trkpt>
      <trkpt lat="42.19242" lon="-70.72892">
        <ele>4.8</ele>
      </trkpt>
      <trkpt lat="42.19248" lon="-70.72857">
        <ele>4.1</ele>
      </trkpt>
      <trkpt lat="42.1925" lon="-70.72848">
        <ele>3.9</ele>
      </trkpt>
      <trkpt lat="42.19252" lon="-70.72833">
        <ele>3.5</ele>
      </trkpt>
      <trkpt lat="42.19251" lon="-70.728219">
        <ele>3.3</ele>
      </trkpt>
      <trkpt lat="42.1925" lon="-70.72808">
        <ele>3.1</ele>
      </trkpt>
      <trkpt lat="42.19247" lon="-70.72788">
        <ele>3.1</ele>
      </trkpt>
      <trkpt lat="42.19244" lon="-70.72768">
        <ele>3.3</ele>
      </trkpt>
      <trkpt lat="42.19239" lon="-70.72741">
        <ele>3.4</ele>
      </trkpt>
      <trkpt lat="42.19232" lon="-70.72699">
        <ele>3.5</ele>
      </trkpt>
      <trkpt lat="42.192279" lon="-70.726699">
        <ele>2.9</ele>
      </trkpt>
      <trkpt lat="42.19226" lon="-70.726519">
        <ele>2.4</ele>
      </trkpt>
      <trkpt lat="42.19222" lon="-70.72626">
        <ele>1.8</ele>
      </trkpt>
      <trkpt lat="42.19221" lon="-70.72609">
        <ele>1.7</ele>
      </trkpt>
      <trkpt lat="42.19221" lon="-70.72609">
        <ele>1.7</ele>
      </trkpt>
      <trkpt lat="42.19239" lon="-70.72619">
        <ele>1.9</ele>
      </trkpt>
      <trkpt lat="42.19247" lon="-70.72623">
        <ele>2.2</ele>
      </trkpt>
      <trkpt lat="42.19256" lon="-70.726249">
        <ele>2.5</ele>
      </trkpt>
      <trkpt lat="42.19265" lon="-70.72624">
        <ele>2.6</ele>
      </trkpt>
      <trkpt lat="42.19273" lon="-70.72622">
        <ele>2.7</ele>
      </trkpt>
      <trkpt lat="42.19278" lon="-70.72621">
        <ele>2.7</ele>
      </trkpt>
      <trkpt lat="42.19294" lon="-70.72615">
        <ele>2.7</ele>
      </trkpt>
      <trkpt lat="42.19303" lon="-70.7261">
        <ele>2.7</ele>
      </trkpt>
      <trkpt lat="42.19314" lon="-70.726">
        <ele>2.7</ele>
      </trkpt>
      <trkpt lat="42.19342" lon="-70.72574">
        <ele>2.9</ele>
      </trkpt>
      <trkpt lat="42.19342" lon="-70.72574">
        <ele>2.9</ele>
      </trkpt>
      <trkpt lat="42.19335" lon="-70.72555">
        <ele>2.8</ele>
      </trkpt>
      <trkpt lat="42.19332" lon="-70.72543">
        <ele>2.7</ele>
      </trkpt>
      <trkpt lat="42.19332" lon="-70.72536">
        <ele>2.7</ele>
      </trkpt>
      <trkpt lat="42.19332" lon="-70.72535">
        <ele>2.7</ele>
      </trkpt>
      <trkpt lat="42.19334" lon="-70.72524">
        <ele>2.8</ele>
      </trkpt>
      <trkpt lat="42.193399" lon="-70.72506">
        <ele>2.8</ele>
      </trkpt>
      <trkpt lat="42.19343" lon="-70.72499">
        <ele>2.7</ele>
      </trkpt>
      <trkpt lat="42.19345" lon="-70.72496">
        <ele>2.7</ele>
      </trkpt>
      <trkpt lat="42.19347" lon="-70.72493">
        <ele>2.7</ele>
      </trkpt>
      <trkpt lat="42.1936" lon="-70.72484">
        <ele>2.7</ele>
      </trkpt>
      <trkpt lat="42.19374" lon="-70.72475">
        <ele>2.7</ele>
      </trkpt>
      <trkpt lat="42.19379" lon="-70.72472">
        <ele>2.7</ele>
      </trkpt>
      <trkpt lat="42.19379" lon="-70.72472">
        <ele>2.7</ele>
      </trkpt>
      <trkpt lat="42.19375" lon="-70.72444">
        <ele>2.7</ele>
      </trkpt>
      <trkpt lat="42.19371" lon="-70.72417">
        <ele>2.7</ele>
      </trkpt>
      <trkpt lat="42.193689" lon="-70.72406">
        <ele>2.7</ele>
      </trkpt>
      <trkpt lat="42.19367" lon="-70.72394">
        <ele>2.8</ele>
      </trkpt>
      <trkpt lat="42.19367" lon="-70.72392">
        <ele>2.8</ele>
      </trkpt>
      <trkpt lat="42.19368" lon="-70.7239">
        <ele>2.8</ele>
      </trkpt>
      <trkpt lat="42.19373" lon="-70.72377">
        <ele>2.7</ele>
      </trkpt>
      <trkpt lat="42.19376" lon="-70.72372">
        <ele>2.7</ele>
      </trkpt>
      <trkpt lat="42.19379" lon="-70.72365">
        <ele>2.7</ele>
      </trkpt>
      <trkpt lat="42.19385" lon="-70.72356">
        <ele>2.8</ele>
      </trkpt>
      <trkpt lat="42.19389" lon="-70.723519">
        <ele>2.8</ele>
      </trkpt>
      <trkpt lat="42.19393" lon="-70.72348">
        <ele>2.7</ele>
      </trkpt>
      <trkpt lat="42.19399" lon="-70.72345">
        <ele>2.7</ele>
      </trkpt>
      <trkpt lat="42.19409" lon="-70.72341">
        <ele>2.3</ele>
      </trkpt>
      <trkpt lat="42.19423" lon="-70.72338">
        <ele>1.9</ele>
      </trkpt>
      <trkpt lat="42.19426" lon="-70.72337">
        <ele>1.8</ele>
      </trkpt>
      <trkpt lat="42.19436" lon="-70.72335">
        <ele>1.8</ele>
      </trkpt>
      <trkpt lat="42.19453" lon="-70.72335">
        <ele>1.8</ele>
      </trkpt>
      <trkpt lat="42.19458" lon="-70.72335">
        <ele>1.7</ele>
      </trkpt>
      <trkpt lat="42.19464" lon="-70.72338">
        <ele>1.6</ele>
      </trkpt>
      <trkpt lat="42.1947" lon="-70.723429">
        <ele>1.6</ele>
      </trkpt>
      <trkpt lat="42.19478" lon="-70.723519">
        <ele>1.7</ele>
      </trkpt>
      <trkpt lat="42.19482" lon="-70.72364">
        <ele>1.8</ele>
      </trkpt>
      <trkpt lat="42.19485" lon="-70.72378">
        <ele>1.8</ele>
      </trkpt>
      <trkpt lat="42.19488" lon="-70.72401">
        <ele>1.7</ele>
      </trkpt>
      <trkpt lat="42.19488" lon="-70.72401">
        <ele>1.7</ele>
      </trkpt>
      <trkpt lat="42.19494" lon="-70.724459">
        <ele>2.5</ele>
      </trkpt>
      <trkpt lat="42.19502" lon="-70.72507">
        <ele>2.7</ele>
      </trkpt>
      <trkpt lat="42.19502" lon="-70.72507">
        <ele>2.7</ele>
      </trkpt>
      <trkpt lat="42.19532" lon="-70.725">
        <ele>2.7</ele>
      </trkpt>
      <trkpt lat="42.19567" lon="-70.72492">
        <ele>2.7</ele>
      </trkpt>
      <trkpt lat="42.195749" lon="-70.7249">
        <ele>2.7</ele>
      </trkpt>
      <trkpt lat="42.19582" lon="-70.72488">
        <ele>2.7</ele>
      </trkpt>
      <trkpt lat="42.19589" lon="-70.72487">
        <ele>2.7</ele>
      </trkpt>
      <trkpt lat="42.19594" lon="-70.72486">
        <ele>2.7</ele>
      </trkpt>
      <trkpt lat="42.19605" lon="-70.72485">
        <ele>2.7</ele>
      </trkpt>
      <trkpt lat="42.19606" lon="-70.72485">
        <ele>2.7</ele>
      </trkpt>
      <trkpt lat="42.19612" lon="-70.72484">
        <ele>2.7</ele>
      </trkpt>
      <trkpt lat="42.1962" lon="-70.72484">
        <ele>2.7</ele>
      </trkpt>
      <trkpt lat="42.19625" lon="-70.72484">
        <ele>2.7</ele>
      </trkpt>
      <trkpt lat="42.19634" lon="-70.72484">
        <ele>2.8</ele>
      </trkpt>
      <trkpt lat="42.19658" lon="-70.72486">
        <ele>2.8</ele>
      </trkpt>
      <trkpt lat="42.19677" lon="-70.72489">
        <ele>2.8</ele>
      </trkpt>
      <trkpt lat="42.19686" lon="-70.72492">
        <ele>2.8</ele>
      </trkpt>
      <trkpt lat="42.19691" lon="-70.72494">
        <ele>2.8</ele>
      </trkpt>
      <trkpt lat="42.19705" lon="-70.72499">
        <ele>2.9</ele>
      </trkpt>
      <trkpt lat="42.19719" lon="-70.72506">
        <ele>2.9</ele>
      </trkpt>
      <trkpt lat="42.197249" lon="-70.7251">
        <ele>2.9</ele>
      </trkpt>
      <trkpt lat="42.19736" lon="-70.72517">
        <ele>3.1</ele>
      </trkpt>
      <trkpt lat="42.1975" lon="-70.72527">
        <ele>3.3</ele>
      </trkpt>
      <trkpt lat="42.19765" lon="-70.72539">
        <ele>3.3</ele>
      </trkpt>
      <trkpt lat="42.19765" lon="-70.72539">
        <ele>3.3</ele>
      </trkpt>
      <trkpt lat="42.19774" lon="-70.72551">
        <ele>3.0</ele>
      </trkpt>
      <trkpt lat="42.19776" lon="-70.72554">
        <ele>3.0</ele>
      </trkpt>
      <trkpt lat="42.19777" lon="-70.72556">
        <ele>3.0</ele>
      </trkpt>
      <trkpt lat="42.19779" lon="-70.72559">
        <ele>3.0</ele>
      </trkpt>
      <trkpt lat="42.197809" lon="-70.72563">
        <ele>3.0</ele>
      </trkpt>
      <trkpt lat="42.19782" lon="-70.725669">
        <ele>3.2</ele>
      </trkpt>
      <trkpt lat="42.19783" lon="-70.72572">
        <ele>3.3</ele>
      </trkpt>
      <trkpt lat="42.19784" lon="-70.72572">
        <ele>3.3</ele>
      </trkpt>
      <trkpt lat="42.19784" lon="-70.72577">
        <ele>3.5</ele>
      </trkpt>
      <trkpt lat="42.19785" lon="-70.72586">
        <ele>3.7</ele>
      </trkpt>
      <trkpt lat="42.19786" lon="-70.72609">
        <ele>4.3</ele>
      </trkpt>
      <trkpt lat="42.19787" lon="-70.726519">
        <ele>6.2</ele>
      </trkpt>
      <trkpt lat="42.19787" lon="-70.72675">
        <ele>7.3</ele>
      </trkpt>
      <trkpt lat="42.19788" lon="-70.72698">
        <ele>8.5</ele>
      </trkpt>
      <trkpt lat="42.19788" lon="-70.72698">
        <ele>8.5</ele>
      </trkpt>
      <trkpt lat="42.19814" lon="-70.72707">
        <ele>6.4</ele>
      </trkpt>
      <trkpt lat="42.19839" lon="-70.72714">
        <ele>4.3</ele>
      </trkpt>
      <trkpt lat="42.19861" lon="-70.7272">
        <ele>3.3</ele>
      </trkpt>
      <trkpt lat="42.1989" lon="-70.72727">
        <ele>3.1</ele>
      </trkpt>
      <trkpt lat="42.19901" lon="-70.7273">
        <ele>3.1</ele>
      </trkpt>
      <trkpt lat="42.19908" lon="-70.72732">
        <ele>3.2</ele>
      </trkpt>
      <trkpt lat="42.19923" lon="-70.72735">
        <ele>3.3</ele>
      </trkpt>
      <trkpt lat="42.19948" lon="-70.7274">
        <ele>3.2</ele>
      </trkpt>
      <trkpt lat="42.19963" lon="-70.72743">
        <ele>3.1</ele>
      </trkpt>
      <trkpt lat="42.19982" lon="-70.72745">
        <ele>3.2</ele>
      </trkpt>
      <trkpt lat="42.19997" lon="-70.727459">
        <ele>2.9</ele>
      </trkpt>
      <trkpt lat="42.20012" lon="-70.72745">
        <ele>2.5</ele>
      </trkpt>
      <trkpt lat="42.200249" lon="-70.72743">
        <ele>2.6</ele>
      </trkpt>
      <trkpt lat="42.20039" lon="-70.7274">
        <ele>2.8</ele>
      </trkpt>
      <trkpt lat="42.20066" lon="-70.72733">
        <ele>2.8</ele>
      </trkpt>
      <trkpt lat="42.20077" lon="-70.7273">
        <ele>2.8</ele>
      </trkpt>
      <trkpt lat="42.20086" lon="-70.727279">
        <ele>2.8</ele>
      </trkpt>
      <trkpt lat="42.20096" lon="-70.72727">
        <ele>2.7</ele>
      </trkpt>
      <trkpt lat="42.20102" lon="-70.72726">
        <ele>2.7</ele>
      </trkpt>
      <trkpt lat="42.20113" lon="-70.72724">
        <ele>2.7</ele>
      </trkpt>
      <trkpt lat="42.20113" lon="-70.72724">
        <ele>2.7</ele>
      </trkpt>
      <trkpt lat="42.20116" lon="-70.72718">
        <ele>2.7</ele>
      </trkpt>
      <trkpt lat="42.201189" lon="-70.72713">
        <ele>2.7</ele>
      </trkpt>
      <trkpt lat="42.20127" lon="-70.727">
        <ele>2.8</ele>
      </trkpt>
      <trkpt lat="42.20132" lon="-70.72694">
        <ele>2.8</ele>
      </trkpt>
      <trkpt lat="42.20163" lon="-70.726609">
        <ele>2.8</ele>
      </trkpt>
      <trkpt lat="42.201949" lon="-70.72624">
        <ele>2.7</ele>
      </trkpt>
      <trkpt lat="42.20202" lon="-70.72617">
        <ele>2.7</ele>
      </trkpt>
      <trkpt lat="42.20218" lon="-70.72597">
        <ele>3.2</ele>
      </trkpt>
      <trkpt lat="42.20229" lon="-70.72581">
        <ele>3.6</ele>
      </trkpt>
      <trkpt lat="42.20258" lon="-70.725399">
        <ele>3.5</ele>
      </trkpt>
      <trkpt lat="42.20274" lon="-70.72517">
        <ele>3.4</ele>
      </trkpt>
      <trkpt lat="42.20285" lon="-70.72502">
        <ele>3.5</ele>
      </trkpt>
      <trkpt lat="42.202889" lon="-70.72497">
        <ele>3.4</ele>
      </trkpt>
      <trkpt lat="42.20299" lon="-70.72485">
        <ele>3.4</ele>
      </trkpt>
      <trkpt lat="42.20314" lon="-70.7247">
        <ele>3.7</ele>
      </trkpt>
      <trkpt lat="42.20329" lon="-70.72459">
        <ele>3.8</ele>
      </trkpt>
      <trkpt lat="42.203449" lon="-70.7245">
        <ele>3.6</ele>
      </trkpt>
      <trkpt lat="42.203719" lon="-70.7244">
        <ele>2.8</ele>
      </trkpt>
      <trkpt lat="42.20395" lon="-70.72436">
        <ele>2.7</ele>
      </trkpt>
      <trkpt lat="42.20407" lon="-70.724369">
        <ele>2.7</ele>
      </trkpt>
      <trkpt lat="42.2042" lon="-70.72438">
        <ele>2.7</ele>
      </trkpt>
      <trkpt lat="42.20453" lon="-70.72443">
        <ele>2.7</ele>
      </trkpt>
      <trkpt lat="42.20478" lon="-70.724459">
        <ele>2.8</ele>
      </trkpt>
      <trkpt lat="42.20499" lon="-70.72449">
        <ele>2.8</ele>
      </trkpt>
      <trkpt lat="42.20518" lon="-70.72449">
        <ele>2.9</ele>
      </trkpt>
      <trkpt lat="42.20543" lon="-70.72448">
        <ele>2.8</ele>
      </trkpt>
      <trkpt lat="42.20573" lon="-70.72443">
        <ele>2.7</ele>
      </trkpt>
      <trkpt lat="42.20595" lon="-70.724369">
        <ele>2.7</ele>
      </trkpt>
      <trkpt lat="42.206069" lon="-70.72432">
        <ele>2.7</ele>
      </trkpt>
      <trkpt lat="42.20614" lon="-70.72429">
        <ele>2.7</ele>
      </trkpt>
      <trkpt lat="42.20626" lon="-70.72423">
        <ele>2.7</ele>
      </trkpt>
      <trkpt lat="42.20641" lon="-70.72412">
        <ele>2.7</ele>
      </trkpt>
      <trkpt lat="42.20656" lon="-70.72402">
        <ele>2.7</ele>
      </trkpt>
      <trkpt lat="42.2066" lon="-70.72397">
        <ele>2.7</ele>
      </trkpt>
      <trkpt lat="42.20687" lon="-70.72362">
        <ele>2.7</ele>
      </trkpt>
      <trkpt lat="42.20719" lon="-70.72322">
        <ele>2.7</ele>
      </trkpt>
      <trkpt lat="42.20727" lon="-70.72309">
        <ele>2.7</ele>
      </trkpt>
      <trkpt lat="42.20732" lon="-70.72304">
        <ele>2.7</ele>
      </trkpt>
      <trkpt lat="42.20734" lon="-70.723">
        <ele>2.7</ele>
      </trkpt>
      <trkpt lat="42.20736" lon="-70.72297">
        <ele>2.7</ele>
      </trkpt>
      <trkpt lat="42.207389" lon="-70.72289">
        <ele>2.7</ele>
      </trkpt>
      <trkpt lat="42.207389" lon="-70.72289">
        <ele>2.7</ele>
      </trkpt>
      <trkpt lat="42.20741" lon="-70.72277">
        <ele>2.7</ele>
      </trkpt>
      <trkpt lat="42.207479" lon="-70.72225">
        <ele>2.7</ele>
      </trkpt>
      <trkpt lat="42.20751" lon="-70.72193">
        <ele>2.7</ele>
      </trkpt>
      <trkpt lat="42.20752" lon="-70.7218">
        <ele>2.7</ele>
      </trkpt>
      <trkpt lat="42.20752" lon="-70.72171">
        <ele>2.7</ele>
      </trkpt>
      <trkpt lat="42.20753" lon="-70.72165">
        <ele>2.7</ele>
      </trkpt>
      <trkpt lat="42.20753" lon="-70.72158">
        <ele>2.7</ele>
      </trkpt>
      <trkpt lat="42.20753" lon="-70.72153">
        <ele>2.7</ele>
      </trkpt>
      <trkpt lat="42.20753" lon="-70.72149">
        <ele>2.7</ele>
      </trkpt>
      <trkpt lat="42.20752" lon="-70.721369">
        <ele>2.7</ele>
      </trkpt>
      <trkpt lat="42.20751" lon="-70.72122">
        <ele>2.7</ele>
      </trkpt>
      <trkpt lat="42.207479" lon="-70.72094">
        <ele>2.4</ele>
      </trkpt>
      <trkpt lat="42.20746" lon="-70.72084">
        <ele>2.1</ele>
      </trkpt>
      <trkpt lat="42.20744" lon="-70.72071">
        <ele>1.6</ele>
      </trkpt>
      <trkpt lat="42.2074" lon="-70.7205">
        <ele>1.0</ele>
      </trkpt>
      <trkpt lat="42.20737" lon="-70.72033">
        <ele>0.7</ele>
      </trkpt>
      <trkpt lat="42.20734" lon="-70.72013">
        <ele>1.0</ele>
      </trkpt>
      <trkpt lat="42.207299" lon="-70.71992">
        <ele>1.9</ele>
      </trkpt>
      <trkpt lat="42.20725" lon="-70.719579">
        <ele>2.6</ele>
      </trkpt>
      <trkpt lat="42.20723" lon="-70.7195">
        <ele>2.6</ele>
      </trkpt>
      <trkpt lat="42.20722" lon="-70.71944">
        <ele>2.5</ele>
      </trkpt>
      <trkpt lat="42.2072" lon="-70.71939">
        <ele>2.3</ele>
      </trkpt>
      <trkpt lat="42.20717" lon="-70.7193">
        <ele>2.2</ele>
      </trkpt>
      <trkpt lat="42.20713" lon="-70.71919">
        <ele>2.3</ele>
      </trkpt>
      <trkpt lat="42.20707" lon="-70.71907">
        <ele>2.5</ele>
      </trkpt>
      <trkpt lat="42.20703" lon="-70.719">
        <ele>2.7</ele>
      </trkpt>
      <trkpt lat="42.207" lon="-70.71894">
        <ele>2.7</ele>
      </trkpt>
      <trkpt lat="42.20696" lon="-70.71889">
        <ele>2.7</ele>
      </trkpt>
      <trkpt lat="42.206919" lon="-70.71884">
        <ele>2.6</ele>
      </trkpt>
      <trkpt lat="42.20682" lon="-70.71874">
        <ele>2.5</ele>
      </trkpt>
      <trkpt lat="42.20666" lon="-70.71862">
        <ele>2.2</ele>
      </trkpt>
      <trkpt lat="42.20651" lon="-70.71852">
        <ele>1.3</ele>
      </trkpt>
      <trkpt lat="42.20649" lon="-70.71851">
        <ele>1.2</ele>
      </trkpt>
      <trkpt lat="42.206359" lon="-70.71841">
        <ele>1.8</ele>
      </trkpt>
      <trkpt lat="42.20629" lon="-70.71836">
        <ele>2.2</ele>
      </trkpt>
      <trkpt lat="42.20619" lon="-70.718279">
        <ele>2.4</ele>
      </trkpt>
      <trkpt lat="42.20611" lon="-70.71822">
        <ele>2.1</ele>
      </trkpt>
      <trkpt lat="42.20605" lon="-70.71815">
        <ele>1.9</ele>
      </trkpt>
      <trkpt lat="42.205979" lon="-70.71809">
        <ele>1.7</ele>
      </trkpt>
      <trkpt lat="42.20592" lon="-70.71803">
        <ele>1.8</ele>
      </trkpt>
      <trkpt lat="42.20584" lon="-70.71794">
        <ele>2.2</ele>
      </trkpt>
      <trkpt lat="42.20575" lon="-70.71784">
        <ele>2.5</ele>
      </trkpt>
      <trkpt lat="42.20554" lon="-70.71758">
        <ele>1.4</ele>
      </trkpt>
      <trkpt lat="42.20536" lon="-70.71733">
        <ele>1.4</ele>
      </trkpt>
      <trkpt lat="42.20525" lon="-70.71717">
        <ele>2.2</ele>
      </trkpt>
      <trkpt lat="42.20516" lon="-70.71704">
        <ele>2.4</ele>
      </trkpt>
      <trkpt lat="42.20512" lon="-70.71697">
        <ele>2.4</ele>
      </trkpt>
      <trkpt lat="42.2051" lon="-70.71693">
        <ele>2.4</ele>
      </trkpt>
      <trkpt lat="42.20507" lon="-70.71688">
        <ele>2.4</ele>
      </trkpt>
      <trkpt lat="42.20502" lon="-70.71678">
        <ele>2.5</ele>
      </trkpt>
      <trkpt lat="42.20498" lon="-70.7167">
        <ele>2.5</ele>
      </trkpt>
      <trkpt lat="42.20496" lon="-70.71664">
        <ele>2.6</ele>
      </trkpt>
      <trkpt lat="42.20494" lon="-70.7166">
        <ele>2.6</ele>
      </trkpt>
      <trkpt lat="42.20492" lon="-70.71655">
        <ele>2.7</ele>
      </trkpt>
      <trkpt lat="42.20492" lon="-70.71653">
        <ele>2.7</ele>
      </trkpt>
      <trkpt lat="42.20491" lon="-70.71651">
        <ele>2.7</ele>
      </trkpt>
      <trkpt lat="42.20491" lon="-70.71647">
        <ele>2.7</ele>
      </trkpt>
      <trkpt lat="42.20491" lon="-70.71643">
        <ele>2.7</ele>
      </trkpt>
      <trkpt lat="42.20491" lon="-70.71641">
        <ele>2.7</ele>
      </trkpt>
      <trkpt lat="42.20491" lon="-70.71639">
        <ele>2.7</ele>
      </trkpt>
      <trkpt lat="42.20491" lon="-70.71638">
        <ele>2.7</ele>
      </trkpt>
      <trkpt lat="42.20492" lon="-70.71637">
        <ele>2.7</ele>
      </trkpt>
      <trkpt lat="42.20492" lon="-70.71635">
        <ele>2.7</ele>
      </trkpt>
      <trkpt lat="42.20493" lon="-70.716309">
        <ele>2.7</ele>
      </trkpt>
      <trkpt lat="42.20494" lon="-70.71625">
        <ele>2.7</ele>
      </trkpt>
      <trkpt lat="42.20496" lon="-70.71621">
        <ele>2.7</ele>
      </trkpt>
      <trkpt lat="42.20498" lon="-70.71616">
        <ele>2.7</ele>
      </trkpt>
      <trkpt lat="42.20499" lon="-70.71614">
        <ele>2.7</ele>
      </trkpt>
      <trkpt lat="42.205" lon="-70.71611">
        <ele>2.7</ele>
      </trkpt>
      <trkpt lat="42.20503" lon="-70.71609">
        <ele>2.7</ele>
      </trkpt>
      <trkpt lat="42.20505" lon="-70.71607">
        <ele>2.7</ele>
      </trkpt>
      <trkpt lat="42.20506" lon="-70.71606">
        <ele>2.7</ele>
      </trkpt>
      <trkpt lat="42.20509" lon="-70.71604">
        <ele>2.7</ele>
      </trkpt>
      <trkpt lat="42.20511" lon="-70.71603">
        <ele>2.7</ele>
      </trkpt>
      <trkpt lat="42.20514" lon="-70.71603">
        <ele>2.7</ele>
      </trkpt>
      <trkpt lat="42.20516" lon="-70.71603">
        <ele>2.7</ele>
      </trkpt>
      <trkpt lat="42.2052" lon="-70.71603">
        <ele>2.7</ele>
      </trkpt>
      <trkpt lat="42.20526" lon="-70.71604">
        <ele>2.7</ele>
      </trkpt>
      <trkpt lat="42.2053" lon="-70.71605">
        <ele>2.7</ele>
      </trkpt>
      <trkpt lat="42.20541" lon="-70.71607">
        <ele>2.7</ele>
      </trkpt>
      <trkpt lat="42.20541" lon="-70.71607">
        <ele>2.7</ele>
      </trkpt>
      <trkpt lat="42.206069" lon="-70.71635">
        <ele>2.7</ele>
      </trkpt>
      <trkpt lat="42.206449" lon="-70.71653">
        <ele>2.7</ele>
      </trkpt>
      <trkpt lat="42.20648" lon="-70.71656">
        <ele>2.7</ele>
      </trkpt>
      <trkpt lat="42.206539" lon="-70.716579">
        <ele>2.7</ele>
      </trkpt>
      <trkpt lat="42.20659" lon="-70.71662">
        <ele>2.7</ele>
      </trkpt>
      <trkpt lat="42.20662" lon="-70.71664">
        <ele>2.7</ele>
      </trkpt>
      <trkpt lat="42.20665" lon="-70.71666">
        <ele>2.7</ele>
      </trkpt>
      <trkpt lat="42.2067" lon="-70.7167">
        <ele>2.7</ele>
      </trkpt>
      <trkpt lat="42.20673" lon="-70.71674">
        <ele>2.7</ele>
      </trkpt>
      <trkpt lat="42.20678" lon="-70.71678">
        <ele>2.7</ele>
      </trkpt>
      <trkpt lat="42.206829" lon="-70.71684">
        <ele>2.7</ele>
      </trkpt>
      <trkpt lat="42.20688" lon="-70.71689">
        <ele>2.7</ele>
      </trkpt>
      <trkpt lat="42.207009" lon="-70.71705">
        <ele>2.7</ele>
      </trkpt>
      <trkpt lat="42.20724" lon="-70.71732">
        <ele>2.7</ele>
      </trkpt>
      <trkpt lat="42.20752" lon="-70.71764">
        <ele>2.7</ele>
      </trkpt>
      <trkpt lat="42.20772" lon="-70.717879">
        <ele>2.7</ele>
      </trkpt>
      <trkpt lat="42.2079" lon="-70.71809">
        <ele>2.7</ele>
      </trkpt>
      <trkpt lat="42.20802" lon="-70.71823">
        <ele>2.7</ele>
      </trkpt>
      <trkpt lat="42.20809" lon="-70.71832">
        <ele>2.7</ele>
      </trkpt>
      <trkpt lat="42.20813" lon="-70.71839">
        <ele>2.7</ele>
      </trkpt>
      <trkpt lat="42.20817" lon="-70.718459">
        <ele>2.7</ele>
      </trkpt>
      <trkpt lat="42.2082" lon="-70.71851">
        <ele>2.7</ele>
      </trkpt>
      <trkpt lat="42.20823" lon="-70.71858">
        <ele>2.7</ele>
      </trkpt>
      <trkpt lat="42.20825" lon="-70.71863">
        <ele>2.7</ele>
      </trkpt>
      <trkpt lat="42.20827" lon="-70.71871">
        <ele>2.7</ele>
      </trkpt>
      <trkpt lat="42.20828" lon="-70.71877">
        <ele>2.7</ele>
      </trkpt>
      <trkpt lat="42.2083" lon="-70.71883">
        <ele>2.7</ele>
      </trkpt>
      <trkpt lat="42.20831" lon="-70.71888">
        <ele>2.7</ele>
      </trkpt>
      <trkpt lat="42.20831" lon="-70.71893">
        <ele>2.7</ele>
      </trkpt>
      <trkpt lat="42.20831" lon="-70.71898">
        <ele>2.7</ele>
      </trkpt>
      <trkpt lat="42.20831" lon="-70.71904">
        <ele>2.7</ele>
      </trkpt>
      <trkpt lat="42.20831" lon="-70.71913">
        <ele>2.7</ele>
      </trkpt>
      <trkpt lat="42.20831" lon="-70.71916">
        <ele>2.7</ele>
      </trkpt>
      <trkpt lat="42.20831" lon="-70.71921">
        <ele>2.7</ele>
      </trkpt>
      <trkpt lat="42.2083" lon="-70.71925">
        <ele>2.7</ele>
      </trkpt>
      <trkpt lat="42.2083" lon="-70.71929">
        <ele>2.7</ele>
      </trkpt>
      <trkpt lat="42.20828" lon="-70.71936">
        <ele>2.7</ele>
      </trkpt>
      <trkpt lat="42.20826" lon="-70.71941">
        <ele>2.7</ele>
      </trkpt>
      <trkpt lat="42.20825" lon="-70.71945">
        <ele>2.7</ele>
      </trkpt>
      <trkpt lat="42.20822" lon="-70.71951">
        <ele>2.7</ele>
      </trkpt>
      <trkpt lat="42.2082" lon="-70.71955">
        <ele>2.7</ele>
      </trkpt>
      <trkpt lat="42.20817" lon="-70.71959">
        <ele>2.7</ele>
      </trkpt>
      <trkpt lat="42.20815" lon="-70.71963">
        <ele>2.7</ele>
      </trkpt>
      <trkpt lat="42.20811" lon="-70.71969">
        <ele>2.7</ele>
      </trkpt>
      <trkpt lat="42.20801" lon="-70.7198">
        <ele>2.7</ele>
      </trkpt>
      <trkpt lat="42.207769" lon="-70.72005">
        <ele>2.7</ele>
      </trkpt>
      <trkpt lat="42.20763" lon="-70.72022">
        <ele>2.8</ele>
      </trkpt>
      <trkpt lat="42.20759" lon="-70.72027">
        <ele>2.7</ele>
      </trkpt>
      <trkpt lat="42.20756" lon="-70.72032">
        <ele>2.4</ele>
      </trkpt>
      <trkpt lat="42.20754" lon="-70.72036">
        <ele>2.2</ele>
      </trkpt>
      <trkpt lat="42.20752" lon="-70.72039">
        <ele>2.1</ele>
      </trkpt>
      <trkpt lat="42.20751" lon="-70.72042">
        <ele>2.0</ele>
      </trkpt>
      <trkpt lat="42.2075" lon="-70.72046">
        <ele>1.8</ele>
      </trkpt>
      <trkpt lat="42.20749" lon="-70.72049">
        <ele>1.8</ele>
      </trkpt>
      <trkpt lat="42.20744" lon="-70.72071">
        <ele>1.6</ele>
      </trkpt>
      <trkpt lat="42.20744" lon="-70.72071">
        <ele>1.6</ele>
      </trkpt>
      <trkpt lat="42.20746" lon="-70.72084">
        <ele>2.1</ele>
      </trkpt>
      <trkpt lat="42.207479" lon="-70.72094">
        <ele>2.4</ele>
      </trkpt>
      <trkpt lat="42.20751" lon="-70.72122">
        <ele>2.7</ele>
      </trkpt>
      <trkpt lat="42.20752" lon="-70.721369">
        <ele>2.7</ele>
      </trkpt>
      <trkpt lat="42.20753" lon="-70.72149">
        <ele>2.7</ele>
      </trkpt>
      <trkpt lat="42.20753" lon="-70.72153">
        <ele>2.7</ele>
      </trkpt>
      <trkpt lat="42.20753" lon="-70.72158">
        <ele>2.7</ele>
      </trkpt>
      <trkpt lat="42.20753" lon="-70.72165">
        <ele>2.7</ele>
      </trkpt>
      <trkpt lat="42.20752" lon="-70.72171">
        <ele>2.7</ele>
      </trkpt>
      <trkpt lat="42.20752" lon="-70.7218">
        <ele>2.7</ele>
      </trkpt>
      <trkpt lat="42.20751" lon="-70.72193">
        <ele>2.7</ele>
      </trkpt>
      <trkpt lat="42.207479" lon="-70.72225">
        <ele>2.7</ele>
      </trkpt>
      <trkpt lat="42.207479" lon="-70.72225">
        <ele>2.7</ele>
      </trkpt>
      <trkpt lat="42.20752" lon="-70.72226">
        <ele>2.7</ele>
      </trkpt>
      <trkpt lat="42.20753" lon="-70.72226">
        <ele>2.7</ele>
      </trkpt>
      <trkpt lat="42.20754" lon="-70.72227">
        <ele>2.7</ele>
      </trkpt>
      <trkpt lat="42.20755" lon="-70.72227">
        <ele>2.7</ele>
      </trkpt>
      <trkpt lat="42.20756" lon="-70.72229">
        <ele>2.7</ele>
      </trkpt>
      <trkpt lat="42.207569" lon="-70.722309">
        <ele>2.7</ele>
      </trkpt>
      <trkpt lat="42.20763" lon="-70.72242">
        <ele>2.7</ele>
      </trkpt>
      <trkpt lat="42.20772" lon="-70.72259">
        <ele>2.7</ele>
      </trkpt>
      <trkpt lat="42.207859" lon="-70.72287">
        <ele>2.7</ele>
      </trkpt>
      <trkpt lat="42.20796" lon="-70.72313">
        <ele>2.7</ele>
      </trkpt>
      <trkpt lat="42.20809" lon="-70.72342">
        <ele>2.7</ele>
      </trkpt>
      <trkpt lat="42.20821" lon="-70.72366">
        <ele>2.7</ele>
      </trkpt>
      <trkpt lat="42.20827" lon="-70.72377">
        <ele>2.7</ele>
      </trkpt>
      <trkpt lat="42.20832" lon="-70.72388">
        <ele>2.7</ele>
      </trkpt>
      <trkpt lat="42.20864" lon="-70.72438">
        <ele>2.7</ele>
      </trkpt>
      <trkpt lat="42.20877" lon="-70.72459">
        <ele>2.7</ele>
      </trkpt>
      <trkpt lat="42.20901" lon="-70.72498">
        <ele>2.7</ele>
      </trkpt>
      <trkpt lat="42.20902" lon="-70.72499">
        <ele>2.7</ele>
      </trkpt>
      <trkpt lat="42.20911" lon="-70.72517">
        <ele>2.7</ele>
      </trkpt>
      <trkpt lat="42.20922" lon="-70.72542">
        <ele>2.7</ele>
      </trkpt>
      <trkpt lat="42.20929" lon="-70.7256">
        <ele>2.7</ele>
      </trkpt>
      <trkpt lat="42.209359" lon="-70.72579">
        <ele>2.7</ele>
      </trkpt>
      <trkpt lat="42.20943" lon="-70.72602">
        <ele>2.7</ele>
      </trkpt>
      <trkpt lat="42.20948" lon="-70.72619">
        <ele>2.7</ele>
      </trkpt>
      <trkpt lat="42.20955" lon="-70.7265">
        <ele>2.7</ele>
      </trkpt>
      <trkpt lat="42.20959" lon="-70.72669">
        <ele>2.7</ele>
      </trkpt>
      <trkpt lat="42.20959" lon="-70.72669">
        <ele>2.7</ele>
      </trkpt>
      <trkpt lat="42.20969" lon="-70.72714">
        <ele>2.7</ele>
      </trkpt>
      <trkpt lat="42.20978" lon="-70.72766">
        <ele>2.7</ele>
      </trkpt>
      <trkpt lat="42.209919" lon="-70.72816">
        <ele>2.7</ele>
      </trkpt>
      <trkpt lat="42.20996" lon="-70.72832">
        <ele>2.7</ele>
      </trkpt>
      <trkpt lat="42.21002" lon="-70.72853">
        <ele>2.7</ele>
      </trkpt>
      <trkpt lat="42.21014" lon="-70.72893">
        <ele>2.7</ele>
      </trkpt>
      <trkpt lat="42.21032" lon="-70.729519">
        <ele>2.8</ele>
      </trkpt>
      <trkpt lat="42.21061" lon="-70.73044">
        <ele>3.9</ele>
      </trkpt>
      <trkpt lat="42.2107" lon="-70.73073">
        <ele>4.2</ele>
      </trkpt>
      <trkpt lat="42.21076" lon="-70.73097">
        <ele>4.5</ele>
      </trkpt>
      <trkpt lat="42.2108" lon="-70.73102">
        <ele>4.6</ele>
      </trkpt>
      <trkpt lat="42.21089" lon="-70.73123">
        <ele>4.8</ele>
      </trkpt>
      <trkpt lat="42.21099" lon="-70.73151">
        <ele>4.7</ele>
      </trkpt>
      <trkpt lat="42.21108" lon="-70.73174">
        <ele>4.7</ele>
      </trkpt>
      <trkpt lat="42.21119" lon="-70.73199">
        <ele>4.8</ele>
      </trkpt>
      <trkpt lat="42.21125" lon="-70.73213">
        <ele>4.8</ele>
      </trkpt>
      <trkpt lat="42.21132" lon="-70.73228">
        <ele>4.7</ele>
      </trkpt>
      <trkpt lat="42.21138" lon="-70.73242">
        <ele>4.8</ele>
      </trkpt>
      <trkpt lat="42.211509" lon="-70.7326">
        <ele>4.8</ele>
      </trkpt>
      <trkpt lat="42.21206" lon="-70.7333">
        <ele>4.8</ele>
      </trkpt>
      <trkpt lat="42.21295" lon="-70.73441">
        <ele>4.7</ele>
      </trkpt>
      <trkpt lat="42.21312" lon="-70.73459">
        <ele>4.7</ele>
      </trkpt>
      <trkpt lat="42.2134" lon="-70.73494">
        <ele>5.0</ele>
      </trkpt>
      <trkpt lat="42.21351" lon="-70.73509">
        <ele>5.4</ele>
      </trkpt>
      <trkpt lat="42.21416" lon="-70.73599">
        <ele>5.7</ele>
      </trkpt>
      <trkpt lat="42.21461" lon="-70.73665">
        <ele>5.7</ele>
      </trkpt>
      <trkpt lat="42.21473" lon="-70.73679">
        <ele>5.7</ele>
      </trkpt>
      <trkpt lat="42.2151" lon="-70.737219">
        <ele>5.7</ele>
      </trkpt>
      <trkpt lat="42.21566" lon="-70.73774">
        <ele>5.0</ele>
      </trkpt>
      <trkpt lat="42.2161" lon="-70.73813">
        <ele>4.6</ele>
      </trkpt>
      <trkpt lat="42.21614" lon="-70.7382">
        <ele>4.8</ele>
      </trkpt>
      <trkpt lat="42.21616" lon="-70.73824">
        <ele>4.9</ele>
      </trkpt>
      <trkpt lat="42.21616" lon="-70.7383">
        <ele>5.0</ele>
      </trkpt>
      <trkpt lat="42.21616" lon="-70.7383">
        <ele>5.0</ele>
      </trkpt>
      <trkpt lat="42.21614" lon="-70.73835">
        <ele>5.2</ele>
      </trkpt>
      <trkpt lat="42.21609" lon="-70.738429">
        <ele>5.5</ele>
      </trkpt>
      <trkpt lat="42.21571" lon="-70.73891">
        <ele>6.7</ele>
      </trkpt>
      <trkpt lat="42.21544" lon="-70.739279">
        <ele>7.7</ele>
      </trkpt>
      <trkpt lat="42.21482" lon="-70.74011">
        <ele>10.9</ele>
      </trkpt>
      <trkpt lat="42.21482" lon="-70.74011">
        <ele>10.9</ele>
      </trkpt>
      <trkpt lat="42.21488" lon="-70.74021">
        <ele>10.8</ele>
      </trkpt>
      <trkpt lat="42.21525" lon="-70.74079">
        <ele>10.2</ele>
      </trkpt>
      <trkpt lat="42.21542" lon="-70.74104">
        <ele>9.9</ele>
      </trkpt>
      <trkpt lat="42.21567" lon="-70.74142">
        <ele>9.2</ele>
      </trkpt>
      <trkpt lat="42.2161" lon="-70.742099">
        <ele>7.7</ele>
      </trkpt>
      <trkpt lat="42.21654" lon="-70.74278">
        <ele>7.0</ele>
      </trkpt>
      <trkpt lat="42.21672" lon="-70.74306">
        <ele>6.4</ele>
      </trkpt>
      <trkpt lat="42.21697" lon="-70.74345">
        <ele>5.4</ele>
      </trkpt>
      <trkpt lat="42.21728" lon="-70.74393">
        <ele>4.6</ele>
      </trkpt>
      <trkpt lat="42.21739" lon="-70.74411">
        <ele>4.6</ele>
      </trkpt>
      <trkpt lat="42.21746" lon="-70.74423">
        <ele>4.3</ele>
      </trkpt>
      <trkpt lat="42.21751" lon="-70.74432">
        <ele>4.0</ele>
      </trkpt>
      <trkpt lat="42.21757" lon="-70.74442">
        <ele>3.7</ele>
      </trkpt>
      <trkpt lat="42.217619" lon="-70.74451">
        <ele>3.5</ele>
      </trkpt>
      <trkpt lat="42.21766" lon="-70.74459">
        <ele>3.3</ele>
      </trkpt>
      <trkpt lat="42.217709" lon="-70.74472">
        <ele>2.9</ele>
      </trkpt>
      <trkpt lat="42.21777" lon="-70.74484">
        <ele>2.7</ele>
      </trkpt>
      <trkpt lat="42.21784" lon="-70.74502">
        <ele>2.7</ele>
      </trkpt>
      <trkpt lat="42.21792" lon="-70.74522">
        <ele>2.7</ele>
      </trkpt>
      <trkpt lat="42.21802" lon="-70.74546">
        <ele>2.7</ele>
      </trkpt>
      <trkpt lat="42.21813" lon="-70.74575">
        <ele>2.7</ele>
      </trkpt>
      <trkpt lat="42.21834" lon="-70.7463">
        <ele>2.8</ele>
      </trkpt>
      <trkpt lat="42.21847" lon="-70.74667">
        <ele>3.0</ele>
      </trkpt>
      <trkpt lat="42.21855" lon="-70.74692">
        <ele>3.3</ele>
      </trkpt>
      <trkpt lat="42.218739" lon="-70.74754">
        <ele>3.8</ele>
      </trkpt>
      <trkpt lat="42.21908" lon="-70.74861">
        <ele>3.2</ele>
      </trkpt>
      <trkpt lat="42.21936" lon="-70.74954">
        <ele>3.6</ele>
      </trkpt>
      <trkpt lat="42.21946" lon="-70.74987">
        <ele>4.3</ele>
      </trkpt>
      <trkpt lat="42.21947" lon="-70.7499">
        <ele>4.4</ele>
      </trkpt>
      <trkpt lat="42.21953" lon="-70.75009">
        <ele>4.9</ele>
      </trkpt>
      <trkpt lat="42.21957" lon="-70.75023">
        <ele>5.3</ele>
      </trkpt>
      <trkpt lat="42.2196" lon="-70.75035">
        <ele>5.6</ele>
      </trkpt>
      <trkpt lat="42.21963" lon="-70.75042">
        <ele>5.8</ele>
      </trkpt>
      <trkpt lat="42.21966" lon="-70.75051">
        <ele>6.1</ele>
      </trkpt>
      <trkpt lat="42.2197" lon="-70.75062">
        <ele>6.6</ele>
      </trkpt>
      <trkpt lat="42.21974" lon="-70.75071">
        <ele>7.0</ele>
      </trkpt>
      <trkpt lat="42.219769" lon="-70.75078">
        <ele>7.3</ele>
      </trkpt>
      <trkpt lat="42.21981" lon="-70.75086">
        <ele>7.7</ele>
      </trkpt>
      <trkpt lat="42.21984" lon="-70.750919">
        <ele>8.0</ele>
      </trkpt>
      <trkpt lat="42.21987" lon="-70.75096">
        <ele>8.2</ele>
      </trkpt>
      <trkpt lat="42.21989" lon="-70.751009">
        <ele>8.5</ele>
      </trkpt>
      <trkpt lat="42.21992" lon="-70.75105">
        <ele>8.7</ele>
      </trkpt>
      <trkpt lat="42.21996" lon="-70.751099">
        <ele>8.9</ele>
      </trkpt>
      <trkpt lat="42.21999" lon="-70.75114">
        <ele>9.1</ele>
      </trkpt>
      <trkpt lat="42.22004" lon="-70.751189">
        <ele>9.2</ele>
      </trkpt>
      <trkpt lat="42.22008" lon="-70.75123">
        <ele>9.3</ele>
      </trkpt>
      <trkpt lat="42.220149" lon="-70.75129">
        <ele>9.5</ele>
      </trkpt>
      <trkpt lat="42.2202" lon="-70.75134">
        <ele>9.6</ele>
      </trkpt>
      <trkpt lat="42.22032" lon="-70.75144">
        <ele>9.7</ele>
      </trkpt>
      <trkpt lat="42.22043" lon="-70.75152">
        <ele>9.7</ele>
      </trkpt>
      <trkpt lat="42.22057" lon="-70.75164">
        <ele>10.1</ele>
      </trkpt>
      <trkpt lat="42.22083" lon="-70.75184">
        <ele>10.9</ele>
      </trkpt>
      <trkpt lat="42.22139" lon="-70.7523">
        <ele>12.5</ele>
      </trkpt>
      <trkpt lat="42.22191" lon="-70.75272">
        <ele>13.4</ele>
      </trkpt>
      <trkpt lat="42.22236" lon="-70.75309">
        <ele>14.7</ele>
      </trkpt>
      <trkpt lat="42.22255" lon="-70.75324">
        <ele>14.7</ele>
      </trkpt>
      <trkpt lat="42.22286" lon="-70.7535">
        <ele>12.8</ele>
      </trkpt>
      <trkpt lat="42.22294" lon="-70.753559">
        <ele>12.4</ele>
      </trkpt>
      <trkpt lat="42.22301" lon="-70.75363">
        <ele>12.2</ele>
      </trkpt>
      <trkpt lat="42.223059" lon="-70.75367">
        <ele>12.0</ele>
      </trkpt>
      <trkpt lat="42.22312" lon="-70.753739">
        <ele>11.9</ele>
      </trkpt>
      <trkpt lat="42.22317" lon="-70.7538">
        <ele>11.7</ele>
      </trkpt>
      <trkpt lat="42.22322" lon="-70.75386">
        <ele>11.3</ele>
      </trkpt>
      <trkpt lat="42.22326" lon="-70.753919">
        <ele>11.0</ele>
      </trkpt>
      <trkpt lat="42.22331" lon="-70.75399">
        <ele>10.6</ele>
      </trkpt>
      <trkpt lat="42.22334" lon="-70.75405">
        <ele>10.5</ele>
      </trkpt>
      <trkpt lat="42.22338" lon="-70.75413">
        <ele>10.4</ele>
      </trkpt>
      <trkpt lat="42.22341" lon="-70.75419">
        <ele>10.4</ele>
      </trkpt>
      <trkpt lat="42.223439" lon="-70.75425">
        <ele>10.4</ele>
      </trkpt>
      <trkpt lat="42.22347" lon="-70.75433">
        <ele>10.5</ele>
      </trkpt>
      <trkpt lat="42.22349" lon="-70.75439">
        <ele>10.5</ele>
      </trkpt>
      <trkpt lat="42.22354" lon="-70.75453">
        <ele>10.5</ele>
      </trkpt>
      <trkpt lat="42.22356" lon="-70.75458">
        <ele>10.4</ele>
      </trkpt>
      <trkpt lat="42.22357" lon="-70.75464">
        <ele>10.4</ele>
      </trkpt>
      <trkpt lat="42.2236" lon="-70.75473">
        <ele>10.3</ele>
      </trkpt>
      <trkpt lat="42.22361" lon="-70.7548">
        <ele>10.3</ele>
      </trkpt>
      <trkpt lat="42.223619" lon="-70.75485">
        <ele>10.2</ele>
      </trkpt>
      <trkpt lat="42.22363" lon="-70.7549">
        <ele>10.1</ele>
      </trkpt>
      <trkpt lat="42.22365" lon="-70.75501">
        <ele>9.8</ele>
      </trkpt>
      <trkpt lat="42.22366" lon="-70.75508">
        <ele>9.6</ele>
      </trkpt>
      <trkpt lat="42.22367" lon="-70.75515">
        <ele>9.4</ele>
      </trkpt>
      <trkpt lat="42.22367" lon="-70.75522">
        <ele>9.2</ele>
      </trkpt>
      <trkpt lat="42.22368" lon="-70.75529">
        <ele>8.9</ele>
      </trkpt>
      <trkpt lat="42.22369" lon="-70.75536">
        <ele>8.7</ele>
      </trkpt>
      <trkpt lat="42.22369" lon="-70.75546">
        <ele>8.3</ele>
      </trkpt>
      <trkpt lat="42.2237" lon="-70.75556">
        <ele>7.9</ele>
      </trkpt>
      <trkpt lat="42.223709" lon="-70.75587">
        <ele>7.0</ele>
      </trkpt>
      <trkpt lat="42.22372" lon="-70.75614">
        <ele>6.7</ele>
      </trkpt>
      <trkpt lat="42.22372" lon="-70.75637">
        <ele>6.8</ele>
      </trkpt>
      <trkpt lat="42.22373" lon="-70.75676">
        <ele>6.2</ele>
      </trkpt>
      <trkpt lat="42.22374" lon="-70.75691">
        <ele>5.7</ele>
      </trkpt>
      <trkpt lat="42.22375" lon="-70.7571">
        <ele>5.0</ele>
      </trkpt>
      <trkpt lat="42.22376" lon="-70.75726">
        <ele>4.7</ele>
      </trkpt>
      <trkpt lat="42.22378" lon="-70.75739">
        <ele>4.5</ele>
      </trkpt>
      <trkpt lat="42.2238" lon="-70.757499">
        <ele>4.3</ele>
      </trkpt>
      <trkpt lat="42.22383" lon="-70.75761">
        <ele>3.9</ele>
      </trkpt>
      <trkpt lat="42.22386" lon="-70.75773">
        <ele>3.5</ele>
      </trkpt>
      <trkpt lat="42.2239" lon="-70.757859">
        <ele>3.0</ele>
      </trkpt>
      <trkpt lat="42.22396" lon="-70.75802">
        <ele>2.7</ele>
      </trkpt>
      <trkpt lat="42.22399" lon="-70.75808">
        <ele>2.5</ele>
      </trkpt>
      <trkpt lat="42.22403" lon="-70.75816">
        <ele>2.2</ele>
      </trkpt>
      <trkpt lat="42.22408" lon="-70.75826">
        <ele>2.0</ele>
      </trkpt>
      <trkpt lat="42.22414" lon="-70.75836">
        <ele>1.8</ele>
      </trkpt>
      <trkpt lat="42.22421" lon="-70.75847">
        <ele>1.8</ele>
      </trkpt>
      <trkpt lat="42.22428" lon="-70.75855">
        <ele>1.8</ele>
      </trkpt>
      <trkpt lat="42.22434" lon="-70.75863">
        <ele>1.8</ele>
      </trkpt>
      <trkpt lat="42.22442" lon="-70.75872">
        <ele>1.8</ele>
      </trkpt>
      <trkpt lat="42.22449" lon="-70.75879">
        <ele>1.8</ele>
      </trkpt>
      <trkpt lat="42.22467" lon="-70.75896">
        <ele>1.8</ele>
      </trkpt>
      <trkpt lat="42.22497" lon="-70.75922">
        <ele>1.8</ele>
      </trkpt>
      <trkpt lat="42.225029" lon="-70.75928">
        <ele>1.8</ele>
      </trkpt>
      <trkpt lat="42.22703" lon="-70.7611">
        <ele>3.4</ele>
      </trkpt>
      <trkpt lat="42.22716" lon="-70.76122">
        <ele>3.8</ele>
      </trkpt>
      <trkpt lat="42.22736" lon="-70.76141">
        <ele>3.7</ele>
      </trkpt>
      <trkpt lat="42.227559" lon="-70.76159">
        <ele>3.6</ele>
      </trkpt>
      <trkpt lat="42.22775" lon="-70.76176">
        <ele>3.4</ele>
      </trkpt>
      <trkpt lat="42.22784" lon="-70.76184">
        <ele>3.1</ele>
      </trkpt>
      <trkpt lat="42.227939" lon="-70.76194">
        <ele>2.8</ele>
      </trkpt>
      <trkpt lat="42.22813" lon="-70.7621">
        <ele>3.3</ele>
      </trkpt>
      <trkpt lat="42.22827" lon="-70.76223">
        <ele>3.6</ele>
      </trkpt>
      <trkpt lat="42.22837" lon="-70.76233">
        <ele>3.2</ele>
      </trkpt>
      <trkpt lat="42.22856" lon="-70.76251">
        <ele>2.8</ele>
      </trkpt>
      <trkpt lat="42.22882" lon="-70.76273">
        <ele>2.8</ele>
      </trkpt>
      <trkpt lat="42.22893" lon="-70.762829">
        <ele>2.8</ele>
      </trkpt>
      <trkpt lat="42.22912" lon="-70.76297">
        <ele>2.3</ele>
      </trkpt>
      <trkpt lat="42.22917" lon="-70.76301">
        <ele>2.1</ele>
      </trkpt>
      <trkpt lat="42.22929" lon="-70.76308">
        <ele>1.8</ele>
      </trkpt>
      <trkpt lat="42.22949" lon="-70.76318">
        <ele>1.8</ele>
      </trkpt>
      <trkpt lat="42.22967" lon="-70.76326">
        <ele>1.8</ele>
      </trkpt>
      <trkpt lat="42.22976" lon="-70.76331">
        <ele>1.8</ele>
      </trkpt>
      <trkpt lat="42.22993" lon="-70.76337">
        <ele>1.8</ele>
      </trkpt>
      <trkpt lat="42.230089" lon="-70.76342">
        <ele>1.8</ele>
      </trkpt>
      <trkpt lat="42.23018" lon="-70.76345">
        <ele>1.8</ele>
      </trkpt>
      <trkpt lat="42.23034" lon="-70.763499">
        <ele>2.2</ele>
      </trkpt>
      <trkpt lat="42.23057" lon="-70.76358">
        <ele>2.5</ele>
      </trkpt>
      <trkpt lat="42.230759" lon="-70.76364">
        <ele>2.6</ele>
      </trkpt>
      <trkpt lat="42.2311" lon="-70.76375">
        <ele>2.7</ele>
      </trkpt>
      <trkpt lat="42.23128" lon="-70.76382">
        <ele>2.9</ele>
      </trkpt>
      <trkpt lat="42.23162" lon="-70.76393">
        <ele>2.9</ele>
      </trkpt>
      <trkpt lat="42.23164" lon="-70.76394">
        <ele>2.8</ele>
      </trkpt>
      <trkpt lat="42.23202" lon="-70.76407">
        <ele>3.7</ele>
      </trkpt>
      <trkpt lat="42.23239" lon="-70.7642">
        <ele>4.0</ele>
      </trkpt>
      <trkpt lat="42.2325" lon="-70.76424">
        <ele>4.2</ele>
      </trkpt>
      <trkpt lat="42.23257" lon="-70.76427">
        <ele>4.3</ele>
      </trkpt>
      <trkpt lat="42.23257" lon="-70.76427">
        <ele>4.3</ele>
      </trkpt>
      <trkpt lat="42.23266" lon="-70.76411">
        <ele>3.9</ele>
      </trkpt>
      <trkpt lat="42.232729" lon="-70.76396">
        <ele>3.7</ele>
      </trkpt>
      <trkpt lat="42.23295" lon="-70.763499">
        <ele>3.7</ele>
      </trkpt>
      <trkpt lat="42.23316" lon="-70.76309">
        <ele>3.8</ele>
      </trkpt>
      <trkpt lat="42.233199" lon="-70.76301">
        <ele>3.8</ele>
      </trkpt>
      <trkpt lat="42.23355" lon="-70.76228">
        <ele>4.4</ele>
      </trkpt>
      <trkpt lat="42.23378" lon="-70.76183">
        <ele>4.3</ele>
      </trkpt>
      <trkpt lat="42.23404" lon="-70.7613">
        <ele>4.8</ele>
      </trkpt>
      <trkpt lat="42.23418" lon="-70.76102">
        <ele>4.8</ele>
      </trkpt>
      <trkpt lat="42.23433" lon="-70.76072">
        <ele>4.6</ele>
      </trkpt>
      <trkpt lat="42.23455" lon="-70.76025">
        <ele>4.1</ele>
      </trkpt>
      <trkpt lat="42.23461" lon="-70.76014">
        <ele>3.8</ele>
      </trkpt>
      <trkpt lat="42.23463" lon="-70.7601">
        <ele>3.7</ele>
      </trkpt>
      <trkpt lat="42.23466" lon="-70.76009">
        <ele>3.6</ele>
      </trkpt>
      <trkpt lat="42.234699" lon="-70.76008">
        <ele>3.6</ele>
      </trkpt>
      <trkpt lat="42.23478" lon="-70.76009">
        <ele>3.8</ele>
      </trkpt>
      <trkpt lat="42.23487" lon="-70.76012">
        <ele>4.2</ele>
      </trkpt>
      <trkpt lat="42.2352" lon="-70.76023">
        <ele>5.0</ele>
      </trkpt>
      <trkpt lat="42.235639" lon="-70.76036">
        <ele>4.9</ele>
      </trkpt>
      <trkpt lat="42.235639" lon="-70.76036">
        <ele>4.9</ele>
      </trkpt>
      <trkpt lat="42.23664" lon="-70.76066">
        <ele>4.8</ele>
      </trkpt>
      <trkpt lat="42.23774" lon="-70.760859">
        <ele>5.9</ele>
      </trkpt>
      <trkpt lat="42.23819" lon="-70.760949">
        <ele>5.1</ele>
      </trkpt>
      <trkpt lat="42.23862" lon="-70.76104">
        <ele>5.2</ele>
      </trkpt>
      <trkpt lat="42.23891" lon="-70.76112">
        <ele>4.2</ele>
      </trkpt>
      <trkpt lat="42.23891" lon="-70.76111">
        <ele>4.3</ele>
      </trkpt>
      <trkpt lat="42.23898" lon="-70.76113">
        <ele>4.0</ele>
      </trkpt>
      <trkpt lat="42.23927" lon="-70.76124">
        <ele>1.8</ele>
      </trkpt>
      <trkpt lat="42.2396" lon="-70.7614">
        <ele>2.7</ele>
      </trkpt>
      <trkpt lat="42.23983" lon="-70.761529">
        <ele>2.9</ele>
      </trkpt>
      <trkpt lat="42.23983" lon="-70.761529">
        <ele>2.9</ele>
      </trkpt>
      <trkpt lat="42.239289" lon="-70.76291">
        <ele>2.8</ele>
      </trkpt>
      <trkpt lat="42.23898" lon="-70.76371">
        <ele>2.1</ele>
      </trkpt>
      <trkpt lat="42.23872" lon="-70.764349">
        <ele>2.8</ele>
      </trkpt>
      <trkpt lat="42.23862" lon="-70.76458">
        <ele>2.8</ele>
      </trkpt>
      <trkpt lat="42.23837" lon="-70.76522">
        <ele>4.4</ele>
      </trkpt>
      <trkpt lat="42.23812" lon="-70.7659">
        <ele>6.5</ele>
      </trkpt>
      <trkpt lat="42.23789" lon="-70.766499">
        <ele>8.1</ele>
      </trkpt>
      <trkpt lat="42.23769" lon="-70.76697">
        <ele>7.2</ele>
      </trkpt>
      <trkpt lat="42.23756" lon="-70.76728">
        <ele>4.9</ele>
      </trkpt>
      <trkpt lat="42.23754" lon="-70.7673">
        <ele>4.8</ele>
      </trkpt>
      <trkpt lat="42.2375" lon="-70.76733">
        <ele>4.6</ele>
      </trkpt>
      <trkpt lat="42.2375" lon="-70.76733">
        <ele>4.6</ele>
      </trkpt>
      <trkpt lat="42.23748" lon="-70.76733">
        <ele>4.6</ele>
      </trkpt>
      <trkpt lat="42.23745" lon="-70.76733">
        <ele>4.6</ele>
      </trkpt>
      <trkpt lat="42.23742" lon="-70.76733">
        <ele>4.6</ele>
      </trkpt>
      <trkpt lat="42.237319" lon="-70.7673">
        <ele>4.8</ele>
      </trkpt>
      <trkpt lat="42.23715" lon="-70.76725">
        <ele>5.1</ele>
      </trkpt>
      <trkpt lat="42.23692" lon="-70.767169">
        <ele>5.6</ele>
      </trkpt>
      <trkpt lat="42.23641" lon="-70.76699">
        <ele>4.8</ele>
      </trkpt>
      <trkpt lat="42.23624" lon="-70.76692">
        <ele>5.2</ele>
      </trkpt>
      <trkpt lat="42.23612" lon="-70.76685">
        <ele>6.0</ele>
      </trkpt>
      <trkpt lat="42.23595" lon="-70.76673">
        <ele>6.9</ele>
      </trkpt>
      <trkpt lat="42.23575" lon="-70.76657">
        <ele>7.2</ele>
      </trkpt>
      <trkpt lat="42.23562" lon="-70.76648">
        <ele>7.6</ele>
      </trkpt>
      <trkpt lat="42.23552" lon="-70.7664">
        <ele>7.7</ele>
      </trkpt>
      <trkpt lat="42.23537" lon="-70.76629">
        <ele>7.9</ele>
      </trkpt>
      <trkpt lat="42.23495" lon="-70.76595">
        <ele>8.4</ele>
      </trkpt>
      <trkpt lat="42.23482" lon="-70.76585">
        <ele>8.2</ele>
      </trkpt>
      <trkpt lat="42.23474" lon="-70.76579">
        <ele>8.2</ele>
      </trkpt>
      <trkpt lat="42.23458" lon="-70.76567">
        <ele>7.5</ele>
      </trkpt>
      <trkpt lat="42.23436" lon="-70.7655">
        <ele>5.7</ele>
      </trkpt>
      <trkpt lat="42.23431" lon="-70.765469">
        <ele>5.8</ele>
      </trkpt>
      <trkpt lat="42.23413" lon="-70.76532">
        <ele>6.0</ele>
      </trkpt>
      <trkpt lat="42.23399" lon="-70.76522">
        <ele>5.8</ele>
      </trkpt>
      <trkpt lat="42.23352" lon="-70.76487">
        <ele>5.6</ele>
      </trkpt>
      <trkpt lat="42.2333" lon="-70.764709">
        <ele>4.8</ele>
      </trkpt>
      <trkpt lat="42.23301" lon="-70.76449">
        <ele>4.8</ele>
      </trkpt>
      <trkpt lat="42.23269" lon="-70.76429">
        <ele>4.3</ele>
      </trkpt>
      <trkpt lat="42.23264" lon="-70.76427">
        <ele>4.3</ele>
      </trkpt>
      <trkpt lat="42.23257" lon="-70.76427">
        <ele>4.3</ele>
      </trkpt>
      <trkpt lat="42.23257" lon="-70.76427">
        <ele>4.3</ele>
      </trkpt>
      <trkpt lat="42.23249" lon="-70.764439">
        <ele>4.5</ele>
      </trkpt>
      <trkpt lat="42.23198" lon="-70.76549">
        <ele>3.7</ele>
      </trkpt>
      <trkpt lat="42.23187" lon="-70.76573">
        <ele>3.4</ele>
      </trkpt>
      <trkpt lat="42.23178" lon="-70.76589">
        <ele>3.2</ele>
      </trkpt>
      <trkpt lat="42.231699" lon="-70.76603">
        <ele>3.1</ele>
      </trkpt>
      <trkpt lat="42.23168" lon="-70.76607">
        <ele>3.2</ele>
      </trkpt>
      <trkpt lat="42.23156" lon="-70.76624">
        <ele>3.3</ele>
      </trkpt>
      <trkpt lat="42.23151" lon="-70.76631">
        <ele>3.4</ele>
      </trkpt>
      <trkpt lat="42.23137" lon="-70.766499">
        <ele>3.3</ele>
      </trkpt>
      <trkpt lat="42.23126" lon="-70.76664">
        <ele>3.2</ele>
      </trkpt>
      <trkpt lat="42.23107" lon="-70.76688">
        <ele>3.5</ele>
      </trkpt>
      <trkpt lat="42.23093" lon="-70.76705">
        <ele>4.0</ele>
      </trkpt>
      <trkpt lat="42.23083" lon="-70.76718">
        <ele>4.3</ele>
      </trkpt>
      <trkpt lat="42.23071" lon="-70.767349">
        <ele>4.5</ele>
      </trkpt>
      <trkpt lat="42.230559" lon="-70.76758">
        <ele>5.1</ele>
      </trkpt>
      <trkpt lat="42.23054" lon="-70.767619">
        <ele>5.2</ele>
      </trkpt>
      <trkpt lat="42.23039" lon="-70.76795">
        <ele>6.2</ele>
      </trkpt>
      <trkpt lat="42.23027" lon="-70.76825">
        <ele>7.4</ele>
      </trkpt>
      <trkpt lat="42.23018" lon="-70.76853">
        <ele>7.6</ele>
      </trkpt>
      <trkpt lat="42.23012" lon="-70.76875">
        <ele>8.0</ele>
      </trkpt>
      <trkpt lat="42.23005" lon="-70.76902">
        <ele>8.7</ele>
      </trkpt>
      <trkpt lat="42.22964" lon="-70.77064">
        <ele>8.6</ele>
      </trkpt>
      <trkpt lat="42.22964" lon="-70.77064">
        <ele>8.6</ele>
      </trkpt>
      <trkpt lat="42.23008" lon="-70.77082">
        <ele>9.8</ele>
      </trkpt>
      <trkpt lat="42.23018" lon="-70.77087">
        <ele>9.8</ele>
      </trkpt>
      <trkpt lat="42.230289" lon="-70.77094">
        <ele>9.9</ele>
      </trkpt>
      <trkpt lat="42.23044" lon="-70.77107">
        <ele>10.1</ele>
      </trkpt>
      <trkpt lat="42.23045" lon="-70.77108">
        <ele>10.1</ele>
      </trkpt>
      <trkpt lat="42.23058" lon="-70.77122">
        <ele>10.4</ele>
      </trkpt>
      <trkpt lat="42.23074" lon="-70.77145">
        <ele>10.7</ele>
      </trkpt>
      <trkpt lat="42.23083" lon="-70.77162">
        <ele>10.8</ele>
      </trkpt>
      <trkpt lat="42.23089" lon="-70.77173">
        <ele>10.9</ele>
      </trkpt>
      <trkpt lat="42.23101" lon="-70.77196">
        <ele>11.5</ele>
      </trkpt>
      <trkpt lat="42.23111" lon="-70.77216">
        <ele>12.3</ele>
      </trkpt>
      <trkpt lat="42.23119" lon="-70.77239">
        <ele>14.1</ele>
      </trkpt>
      <trkpt lat="42.23124" lon="-70.772499">
        <ele>14.9</ele>
      </trkpt>
      <trkpt lat="42.23129" lon="-70.7726">
        <ele>15.4</ele>
      </trkpt>
      <trkpt lat="42.23143" lon="-70.77284">
        <ele>16.8</ele>
      </trkpt>
      <trkpt lat="42.23162" lon="-70.77295">
        <ele>18.1</ele>
      </trkpt>
      <trkpt lat="42.23187" lon="-70.77312">
        <ele>19.0</ele>
      </trkpt>
      <trkpt lat="42.23199" lon="-70.7732">
        <ele>19.7</ele>
      </trkpt>
      <trkpt lat="42.23211" lon="-70.77327">
        <ele>20.0</ele>
      </trkpt>
      <trkpt lat="42.23219" lon="-70.77336">
        <ele>19.6</ele>
      </trkpt>
      <trkpt lat="42.23224" lon="-70.77349">
        <ele>18.4</ele>
      </trkpt>
      <trkpt lat="42.23233" lon="-70.77381">
        <ele>16.4</ele>
      </trkpt>
      <trkpt lat="42.23242" lon="-70.77413">
        <ele>14.9</ele>
      </trkpt>
      <trkpt lat="42.23249" lon="-70.77432">
        <ele>13.9</ele>
      </trkpt>
      <trkpt lat="42.23254" lon="-70.77451">
        <ele>13.2</ele>
      </trkpt>
      <trkpt lat="42.23259" lon="-70.77478">
        <ele>13.7</ele>
      </trkpt>
      <trkpt lat="42.23263" lon="-70.77502">
        <ele>14.8</ele>
      </trkpt>
      <trkpt lat="42.23271" lon="-70.77552">
        <ele>16.1</ele>
      </trkpt>
      <trkpt lat="42.23276" lon="-70.7757">
        <ele>16.1</ele>
      </trkpt>
      <trkpt lat="42.23285" lon="-70.77586">
        <ele>16.0</ele>
      </trkpt>
      <trkpt lat="42.23299" lon="-70.77603">
        <ele>15.6</ele>
      </trkpt>
      <trkpt lat="42.23327" lon="-70.7762">
        <ele>14.8</ele>
      </trkpt>
      <trkpt lat="42.23348" lon="-70.776259">
        <ele>15.1</ele>
      </trkpt>
      <trkpt lat="42.23377" lon="-70.77628">
        <ele>15.2</ele>
      </trkpt>
      <trkpt lat="42.23435" lon="-70.7763">
        <ele>13.3</ele>
      </trkpt>
      <trkpt lat="42.2346" lon="-70.77631">
        <ele>12.2</ele>
      </trkpt>
      <trkpt lat="42.23485" lon="-70.77638">
        <ele>10.7</ele>
      </trkpt>
      <trkpt lat="42.234969" lon="-70.77643">
        <ele>10.1</ele>
      </trkpt>
      <trkpt lat="42.23503" lon="-70.77648">
        <ele>9.7</ele>
      </trkpt>
      <trkpt lat="42.23509" lon="-70.77661">
        <ele>9.4</ele>
      </trkpt>
      <trkpt lat="42.23513" lon="-70.77672">
        <ele>9.6</ele>
      </trkpt>
      <trkpt lat="42.23515" lon="-70.77685">
        <ele>10.2</ele>
      </trkpt>
      <trkpt lat="42.23515" lon="-70.77703">
        <ele>11.5</ele>
      </trkpt>
      <trkpt lat="42.23514" lon="-70.77725">
        <ele>12.8</ele>
      </trkpt>
      <trkpt lat="42.23512" lon="-70.77741">
        <ele>13.5</ele>
      </trkpt>
      <trkpt lat="42.23511" lon="-70.77763">
        <ele>13.5</ele>
      </trkpt>
      <trkpt lat="42.2351" lon="-70.77781">
        <ele>13.1</ele>
      </trkpt>
      <trkpt lat="42.23507" lon="-70.77843">
        <ele>13.6</ele>
      </trkpt>
      <trkpt lat="42.23504" lon="-70.77897">
        <ele>13.3</ele>
      </trkpt>
      <trkpt lat="42.23501" lon="-70.77921">
        <ele>11.9</ele>
      </trkpt>
      <trkpt lat="42.23496" lon="-70.7794">
        <ele>11.1</ele>
      </trkpt>
      <trkpt lat="42.23487" lon="-70.77964">
        <ele>11.0</ele>
      </trkpt>
      <trkpt lat="42.23485" lon="-70.77971">
        <ele>11.2</ele>
      </trkpt>
      <trkpt lat="42.23475" lon="-70.77992">
        <ele>11.9</ele>
      </trkpt>
      <trkpt lat="42.23465" lon="-70.78016">
        <ele>12.9</ele>
      </trkpt>
      <trkpt lat="42.23438" lon="-70.78077">
        <ele>12.6</ele>
      </trkpt>
      <trkpt lat="42.23434" lon="-70.780869">
        <ele>12.3</ele>
      </trkpt>
      <trkpt lat="42.23434" lon="-70.78091">
        <ele>12.1</ele>
      </trkpt>
      <trkpt lat="42.23434" lon="-70.78091">
        <ele>12.1</ele>
      </trkpt>
      <trkpt lat="42.23434" lon="-70.781">
        <ele>11.7</ele>
      </trkpt>
      <trkpt lat="42.23435" lon="-70.78106">
        <ele>11.5</ele>
      </trkpt>
      <trkpt lat="42.23438" lon="-70.78116">
        <ele>11.1</ele>
      </trkpt>
      <trkpt lat="42.23445" lon="-70.78136">
        <ele>10.3</ele>
      </trkpt>
      <trkpt lat="42.23476" lon="-70.78197">
        <ele>8.1</ele>
      </trkpt>
      <trkpt lat="42.23484" lon="-70.78212">
        <ele>7.5</ele>
      </trkpt>
      <trkpt lat="42.2352" lon="-70.782839">
        <ele>7.1</ele>
      </trkpt>
      <trkpt lat="42.23527" lon="-70.78299">
        <ele>7.0</ele>
      </trkpt>
      <trkpt lat="42.23536" lon="-70.78314">
        <ele>6.8</ele>
      </trkpt>
      <trkpt lat="42.23538" lon="-70.78318">
        <ele>6.9</ele>
      </trkpt>
      <trkpt lat="42.23552" lon="-70.78337">
        <ele>6.9</ele>
      </trkpt>
      <trkpt lat="42.23562" lon="-70.7835">
        <ele>6.8</ele>
      </trkpt>
      <trkpt lat="42.23566" lon="-70.78357">
        <ele>6.9</ele>
      </trkpt>
      <trkpt lat="42.23567" lon="-70.78363">
        <ele>7.1</ele>
      </trkpt>
      <trkpt lat="42.23568" lon="-70.78368">
        <ele>7.3</ele>
      </trkpt>
      <trkpt lat="42.23568" lon="-70.78368">
        <ele>7.3</ele>
      </trkpt>
      <trkpt lat="42.23565" lon="-70.78374">
        <ele>7.8</ele>
      </trkpt>
      <trkpt lat="42.23563" lon="-70.78379">
        <ele>8.0</ele>
      </trkpt>
      <trkpt lat="42.23558" lon="-70.78388">
        <ele>8.4</ele>
      </trkpt>
      <trkpt lat="42.23539" lon="-70.7842">
        <ele>10.2</ele>
      </trkpt>
      <trkpt lat="42.23511" lon="-70.78467">
        <ele>12.3</ele>
      </trkpt>
      <trkpt lat="42.23505" lon="-70.78475">
        <ele>12.7</ele>
      </trkpt>
      <trkpt lat="42.23505" lon="-70.78475">
        <ele>12.7</ele>
      </trkpt>
      <trkpt lat="42.23515" lon="-70.78486">
        <ele>11.9</ele>
      </trkpt>
      <trkpt lat="42.23536" lon="-70.78511">
        <ele>10.6</ele>
      </trkpt>
      <trkpt lat="42.23545" lon="-70.78522">
        <ele>9.9</ele>
      </trkpt>
      <trkpt lat="42.2356" lon="-70.78538">
        <ele>9.1</ele>
      </trkpt>
      <trkpt lat="42.23568" lon="-70.78547">
        <ele>8.8</ele>
      </trkpt>
      <trkpt lat="42.23586" lon="-70.78568">
        <ele>8.2</ele>
      </trkpt>
      <trkpt lat="42.23603" lon="-70.78588">
        <ele>7.7</ele>
      </trkpt>
      <trkpt lat="42.2361" lon="-70.78596">
        <ele>7.3</ele>
      </trkpt>
      <trkpt lat="42.236109" lon="-70.78597">
        <ele>7.3</ele>
      </trkpt>
      <trkpt lat="42.236199" lon="-70.7861">
        <ele>6.9</ele>
      </trkpt>
      <trkpt lat="42.23627" lon="-70.78619">
        <ele>6.8</ele>
      </trkpt>
      <trkpt lat="42.23641" lon="-70.78646">
        <ele>6.5</ele>
      </trkpt>
      <trkpt lat="42.2365" lon="-70.78665">
        <ele>6.1</ele>
      </trkpt>
      <trkpt lat="42.23655" lon="-70.78677">
        <ele>5.8</ele>
      </trkpt>
      <trkpt lat="42.23657" lon="-70.78682">
        <ele>5.7</ele>
      </trkpt>
      <trkpt lat="42.23661" lon="-70.786959">
        <ele>5.1</ele>
      </trkpt>
      <trkpt lat="42.23665" lon="-70.78709">
        <ele>4.3</ele>
      </trkpt>
      <trkpt lat="42.236669" lon="-70.78719">
        <ele>3.3</ele>
      </trkpt>
      <trkpt lat="42.23669" lon="-70.78727">
        <ele>2.4</ele>
      </trkpt>
      <trkpt lat="42.2367" lon="-70.78736">
        <ele>1.4</ele>
      </trkpt>
      <trkpt lat="42.23671" lon="-70.78746">
        <ele>0.4</ele>
      </trkpt>
      <trkpt lat="42.23671" lon="-70.78757">
        <ele>-0.1</ele>
      </trkpt>
      <trkpt lat="42.23672" lon="-70.78771">
        <ele>-0.3</ele>
      </trkpt>
      <trkpt lat="42.23672" lon="-70.788">
        <ele>0.4</ele>
      </trkpt>
      <trkpt lat="42.23671" lon="-70.78807">
        <ele>0.7</ele>
      </trkpt>
      <trkpt lat="42.23672" lon="-70.788169">
        <ele>1.4</ele>
      </trkpt>
      <trkpt lat="42.23673" lon="-70.7883">
        <ele>2.6</ele>
      </trkpt>
      <trkpt lat="42.23674" lon="-70.78839">
        <ele>3.6</ele>
      </trkpt>
      <trkpt lat="42.23677" lon="-70.78849">
        <ele>5.3</ele>
      </trkpt>
      <trkpt lat="42.23679" lon="-70.78856">
        <ele>6.4</ele>
      </trkpt>
      <trkpt lat="42.23684" lon="-70.78865">
        <ele>8.0</ele>
      </trkpt>
      <trkpt lat="42.23689" lon="-70.78873">
        <ele>8.5</ele>
      </trkpt>
      <trkpt lat="42.23693" lon="-70.78881">
        <ele>7.8</ele>
      </trkpt>
      <trkpt lat="42.23699" lon="-70.78889">
        <ele>6.5</ele>
      </trkpt>
      <trkpt lat="42.23705" lon="-70.78897">
        <ele>5.3</ele>
      </trkpt>
      <trkpt lat="42.2371" lon="-70.789019">
        <ele>5.0</ele>
      </trkpt>
      <trkpt lat="42.23713" lon="-70.78905">
        <ele>4.8</ele>
      </trkpt>
      <trkpt lat="42.23717" lon="-70.78908">
        <ele>4.9</ele>
      </trkpt>
      <trkpt lat="42.237229" lon="-70.78912">
        <ele>4.8</ele>
      </trkpt>
      <trkpt lat="42.23738" lon="-70.78919">
        <ele>4.6</ele>
      </trkpt>
      <trkpt lat="42.23749" lon="-70.78924">
        <ele>3.3</ele>
      </trkpt>
      <trkpt lat="42.237609" lon="-70.7893">
        <ele>1.1</ele>
      </trkpt>
      <trkpt lat="42.237789" lon="-70.78938"/>
      <trkpt lat="42.23783" lon="-70.78941"/>
      <trkpt lat="42.23787" lon="-70.78945"/>
      <trkpt lat="42.2379" lon="-70.7895"/>
      <trkpt lat="42.23793" lon="-70.78955"/>
      <trkpt lat="42.23797" lon="-70.78965"/>
      <trkpt lat="42.238" lon="-70.78972">
        <ele>0.2</ele>
      </trkpt>
      <trkpt lat="42.23806" lon="-70.78986">
        <ele>1.5</ele>
      </trkpt>
      <trkpt lat="42.23812" lon="-70.79">
        <ele>2.8</ele>
      </trkpt>
      <trkpt lat="42.23824" lon="-70.79025">
        <ele>3.6</ele>
      </trkpt>
      <trkpt lat="42.23832" lon="-70.79038">
        <ele>3.5</ele>
      </trkpt>
      <trkpt lat="42.23847" lon="-70.790629">
        <ele>2.7</ele>
      </trkpt>
      <trkpt lat="42.23852" lon="-70.7907">
        <ele>2.2</ele>
      </trkpt>
      <trkpt lat="42.23858" lon="-70.79078">
        <ele>1.9</ele>
      </trkpt>
      <trkpt lat="42.23863" lon="-70.79084">
        <ele>2.0</ele>
      </trkpt>
      <trkpt lat="42.2387" lon="-70.79091">
        <ele>2.3</ele>
      </trkpt>
      <trkpt lat="42.23872" lon="-70.79093">
        <ele>2.4</ele>
      </trkpt>
      <trkpt lat="42.23877" lon="-70.79096">
        <ele>2.6</ele>
      </trkpt>
      <trkpt lat="42.23881" lon="-70.790989">
        <ele>2.7</ele>
      </trkpt>
      <trkpt lat="42.23886" lon="-70.79101">
        <ele>2.6</ele>
      </trkpt>
      <trkpt lat="42.23903" lon="-70.79107">
        <ele>2.0</ele>
      </trkpt>
      <trkpt lat="42.239109" lon="-70.79109">
        <ele>1.9</ele>
      </trkpt>
      <trkpt lat="42.23919" lon="-70.79112">
        <ele>2.0</ele>
      </trkpt>
      <trkpt lat="42.23924" lon="-70.79114">
        <ele>2.2</ele>
      </trkpt>
      <trkpt lat="42.239289" lon="-70.791169">
        <ele>2.5</ele>
      </trkpt>
      <trkpt lat="42.23937" lon="-70.79122">
        <ele>2.8</ele>
      </trkpt>
      <trkpt lat="42.2394" lon="-70.79125">
        <ele>3.0</ele>
      </trkpt>
      <trkpt lat="42.23944" lon="-70.79128">
        <ele>3.1</ele>
      </trkpt>
      <trkpt lat="42.2395" lon="-70.79133">
        <ele>3.1</ele>
      </trkpt>
      <trkpt lat="42.23954" lon="-70.79138">
        <ele>3.3</ele>
      </trkpt>
      <trkpt lat="42.2396" lon="-70.79145">
        <ele>3.4</ele>
      </trkpt>
      <trkpt lat="42.23964" lon="-70.79152">
        <ele>3.6</ele>
      </trkpt>
      <trkpt lat="42.23969" lon="-70.79161">
        <ele>3.7</ele>
      </trkpt>
      <trkpt lat="42.23975" lon="-70.79174">
        <ele>3.7</ele>
      </trkpt>
      <trkpt lat="42.23978" lon="-70.79183">
        <ele>3.7</ele>
      </trkpt>
      <trkpt lat="42.23981" lon="-70.79195">
        <ele>3.4</ele>
      </trkpt>
      <trkpt lat="42.23982" lon="-70.792019">
        <ele>3.0</ele>
      </trkpt>
      <trkpt lat="42.23984" lon="-70.79214">
        <ele>2.1</ele>
      </trkpt>
      <trkpt lat="42.239849" lon="-70.79226">
        <ele>1.2</ele>
      </trkpt>
      <trkpt lat="42.239849" lon="-70.79234">
        <ele>0.9</ele>
      </trkpt>
      <trkpt lat="42.239849" lon="-70.79244">
        <ele>0.7</ele>
      </trkpt>
      <trkpt lat="42.23984" lon="-70.79253">
        <ele>0.7</ele>
      </trkpt>
      <trkpt lat="42.23981" lon="-70.79266">
        <ele>1.2</ele>
      </trkpt>
      <trkpt lat="42.23975" lon="-70.79298">
        <ele>1.9</ele>
      </trkpt>
      <trkpt lat="42.239669" lon="-70.79333">
        <ele>3.0</ele>
      </trkpt>
      <trkpt lat="42.23963" lon="-70.79352">
        <ele>3.3</ele>
      </trkpt>
      <trkpt lat="42.23962" lon="-70.79356">
        <ele>3.3</ele>
      </trkpt>
      <trkpt lat="42.23961" lon="-70.79366">
        <ele>3.1</ele>
      </trkpt>
      <trkpt lat="42.2396" lon="-70.79379">
        <ele>2.9</ele>
      </trkpt>
      <trkpt lat="42.239579" lon="-70.79391">
        <ele>3.0</ele>
      </trkpt>
      <trkpt lat="42.239589" lon="-70.794008">
        <ele>2.9</ele>
      </trkpt>
      <trkpt lat="42.23959" lon="-70.79402">
        <ele>2.9</ele>
      </trkpt>
      <trkpt lat="42.23959" lon="-70.79409">
        <ele>3.0</ele>
      </trkpt>
      <trkpt lat="42.2396" lon="-70.79423">
        <ele>3.2</ele>
      </trkpt>
      <trkpt lat="42.23962" lon="-70.79437">
        <ele>3.4</ele>
      </trkpt>
      <trkpt lat="42.23964" lon="-70.79447">
        <ele>3.6</ele>
      </trkpt>
      <trkpt lat="42.239669" lon="-70.79459">
        <ele>3.7</ele>
      </trkpt>
      <trkpt lat="42.2397" lon="-70.79467">
        <ele>3.7</ele>
      </trkpt>
      <trkpt lat="42.23973" lon="-70.7947">
        <ele>3.6</ele>
      </trkpt>
      <trkpt lat="42.23975" lon="-70.79473">
        <ele>3.6</ele>
      </trkpt>
      <trkpt lat="42.2398" lon="-70.79479">
        <ele>3.7</ele>
      </trkpt>
      <trkpt lat="42.24006" lon="-70.79507">
        <ele>3.8</ele>
      </trkpt>
      <trkpt lat="42.24006" lon="-70.79507">
        <ele>3.8</ele>
      </trkpt>
      <trkpt lat="42.2402" lon="-70.79518">
        <ele>3.9</ele>
      </trkpt>
      <trkpt lat="42.24027" lon="-70.79519">
        <ele>4.1</ele>
      </trkpt>
      <trkpt lat="42.24033" lon="-70.79519">
        <ele>4.3</ele>
      </trkpt>
      <trkpt lat="42.24039" lon="-70.79517">
        <ele>4.5</ele>
      </trkpt>
      <trkpt lat="42.24048" lon="-70.79514">
        <ele>4.8</ele>
      </trkpt>
      <trkpt lat="42.24054" lon="-70.79514">
        <ele>4.9</ele>
      </trkpt>
      <trkpt lat="42.24054" lon="-70.79514">
        <ele>4.9</ele>
      </trkpt>
      <trkpt lat="42.24055" lon="-70.79494">
        <ele>4.8</ele>
      </trkpt>
      <trkpt lat="42.24054" lon="-70.79488">
        <ele>4.7</ele>
      </trkpt>
      <trkpt lat="42.24054" lon="-70.79476">
        <ele>4.7</ele>
      </trkpt>
      <trkpt lat="42.24055" lon="-70.79461">
        <ele>4.8</ele>
      </trkpt>
      <trkpt lat="42.24055" lon="-70.79455">
        <ele>4.6</ele>
      </trkpt>
      <trkpt lat="42.24055" lon="-70.79451">
        <ele>4.5</ele>
      </trkpt>
      <trkpt lat="42.24056" lon="-70.79444">
        <ele>4.1</ele>
      </trkpt>
      <trkpt lat="42.24058" lon="-70.79437">
        <ele>3.7</ele>
      </trkpt>
      <trkpt lat="42.240609" lon="-70.7943">
        <ele>3.4</ele>
      </trkpt>
      <trkpt lat="42.24066" lon="-70.79418">
        <ele>2.9</ele>
      </trkpt>
      <trkpt lat="42.24072" lon="-70.794079">
        <ele>2.8</ele>
      </trkpt>
      <trkpt lat="42.24083" lon="-70.79388">
        <ele>2.1</ele>
      </trkpt>
      <trkpt lat="42.24088" lon="-70.79378">
        <ele>1.7</ele>
      </trkpt>
      <trkpt lat="42.240989" lon="-70.79355">
        <ele>1.7</ele>
      </trkpt>
      <trkpt lat="42.24109" lon="-70.79334">
        <ele>2.2</ele>
      </trkpt>
      <trkpt lat="42.24111" lon="-70.79327">
        <ele>2.3</ele>
      </trkpt>
      <trkpt lat="42.24113" lon="-70.79322">
        <ele>2.4</ele>
      </trkpt>
      <trkpt lat="42.24115" lon="-70.79318">
        <ele>2.4</ele>
      </trkpt>
      <trkpt lat="42.241169" lon="-70.7931">
        <ele>2.4</ele>
      </trkpt>
      <trkpt lat="42.24119" lon="-70.79302">
        <ele>2.4</ele>
      </trkpt>
      <trkpt lat="42.2412" lon="-70.79294">
        <ele>2.2</ele>
      </trkpt>
      <trkpt lat="42.24123" lon="-70.79267">
        <ele>1.8</ele>
      </trkpt>
      <trkpt lat="42.24124" lon="-70.79256">
        <ele>1.8</ele>
      </trkpt>
      <trkpt lat="42.24127" lon="-70.79244">
        <ele>1.8</ele>
      </trkpt>
      <trkpt lat="42.24132" lon="-70.79236">
        <ele>1.8</ele>
      </trkpt>
      <trkpt lat="42.24137" lon="-70.79233">
        <ele>1.8</ele>
      </trkpt>
      <trkpt lat="42.24151" lon="-70.79227">
        <ele>1.8</ele>
      </trkpt>
      <trkpt lat="42.24181" lon="-70.79215">
        <ele>1.6</ele>
      </trkpt>
      <trkpt lat="42.242" lon="-70.79206">
        <ele>1.9</ele>
      </trkpt>
      <trkpt lat="42.24221" lon="-70.79195">
        <ele>1.8</ele>
      </trkpt>
      <trkpt lat="42.24239" lon="-70.79187">
        <ele>1.7</ele>
      </trkpt>
      <trkpt lat="42.24257" lon="-70.79178">
        <ele>1.6</ele>
      </trkpt>
      <trkpt lat="42.24277" lon="-70.79167">
        <ele>1.9</ele>
      </trkpt>
      <trkpt lat="42.24283" lon="-70.79164">
        <ele>2.0</ele>
      </trkpt>
      <trkpt lat="42.2429" lon="-70.79162">
        <ele>2.3</ele>
      </trkpt>
      <trkpt lat="42.2429" lon="-70.79162">
        <ele>2.3</ele>
      </trkpt>
      <trkpt lat="42.24301" lon="-70.791659">
        <ele>3.2</ele>
      </trkpt>
      <trkpt lat="42.243139" lon="-70.791749">
        <ele>3.8</ele>
      </trkpt>
      <trkpt lat="42.24331" lon="-70.79191">
        <ele>3.7</ele>
      </trkpt>
      <trkpt lat="42.24341" lon="-70.79201">
        <ele>3.4</ele>
      </trkpt>
      <trkpt lat="42.24345" lon="-70.79204">
        <ele>3.5</ele>
      </trkpt>
      <trkpt lat="42.243519" lon="-70.79208">
        <ele>4.1</ele>
      </trkpt>
      <trkpt lat="42.24368" lon="-70.79217">
        <ele>5.1</ele>
      </trkpt>
      <trkpt lat="42.243899" lon="-70.79226">
        <ele>3.9</ele>
      </trkpt>
      <trkpt lat="42.24407" lon="-70.79234">
        <ele>3.4</ele>
      </trkpt>
      <trkpt lat="42.2444" lon="-70.79246">
        <ele>4.1</ele>
      </trkpt>
      <trkpt lat="42.24454" lon="-70.79249">
        <ele>4.2</ele>
      </trkpt>
      <trkpt lat="42.24467" lon="-70.7925">
        <ele>4.3</ele>
      </trkpt>
      <trkpt lat="42.24497" lon="-70.79247">
        <ele>4.7</ele>
      </trkpt>
      <trkpt lat="42.24518" lon="-70.79242">
        <ele>4.7</ele>
      </trkpt>
      <trkpt lat="42.24533" lon="-70.79238">
        <ele>4.3</ele>
      </trkpt>
      <trkpt lat="42.24594" lon="-70.79228">
        <ele>3.5</ele>
      </trkpt>
      <trkpt lat="42.246519" lon="-70.79223">
        <ele>2.0</ele>
      </trkpt>
      <trkpt lat="42.24683" lon="-70.79221">
        <ele>1.7</ele>
      </trkpt>
      <trkpt lat="42.24716" lon="-70.79218">
        <ele>1.6</ele>
      </trkpt>
      <trkpt lat="42.24738" lon="-70.79217">
        <ele>1.7</ele>
      </trkpt>
      <trkpt lat="42.24744" lon="-70.79216">
        <ele>1.7</ele>
      </trkpt>
      <trkpt lat="42.24756" lon="-70.79216">
        <ele>1.7</ele>
      </trkpt>
      <trkpt lat="42.24782" lon="-70.79216">
        <ele>1.9</ele>
      </trkpt>
      <trkpt lat="42.24809" lon="-70.79218">
        <ele>2.0</ele>
      </trkpt>
      <trkpt lat="42.24815" lon="-70.79218">
        <ele>2.0</ele>
      </trkpt>
      <trkpt lat="42.24837" lon="-70.79221">
        <ele>2.1</ele>
      </trkpt>
      <trkpt lat="42.24873" lon="-70.79224">
        <ele>2.5</ele>
      </trkpt>
      <trkpt lat="42.24883" lon="-70.79226">
        <ele>2.5</ele>
      </trkpt>
      <trkpt lat="42.24902" lon="-70.79226">
        <ele>2.0</ele>
      </trkpt>
      <trkpt lat="42.24924" lon="-70.79227">
        <ele>1.8</ele>
      </trkpt>
      <trkpt lat="42.24941" lon="-70.7923">
        <ele>1.9</ele>
      </trkpt>
      <trkpt lat="42.2495" lon="-70.79233">
        <ele>2.0</ele>
      </trkpt>
      <trkpt lat="42.24959" lon="-70.79236">
        <ele>2.2</ele>
      </trkpt>
      <trkpt lat="42.24972" lon="-70.79241">
        <ele>2.2</ele>
      </trkpt>
      <trkpt lat="42.25005" lon="-70.7925">
        <ele>1.9</ele>
      </trkpt>
      <trkpt lat="42.25019" lon="-70.79253">
        <ele>1.7</ele>
      </trkpt>
      <trkpt lat="42.25043" lon="-70.79258">
        <ele>1.7</ele>
      </trkpt>
      <trkpt lat="42.25057" lon="-70.79263">
        <ele>1.7</ele>
      </trkpt>
      <trkpt lat="42.25065" lon="-70.79266">
        <ele>1.8</ele>
      </trkpt>
      <trkpt lat="42.25071" lon="-70.79273">
        <ele>2.4</ele>
      </trkpt>
      <trkpt lat="42.25079" lon="-70.79285">
        <ele>3.6</ele>
      </trkpt>
      <trkpt lat="42.250839" lon="-70.79294">
        <ele>4.3</ele>
      </trkpt>
      <trkpt lat="42.25086" lon="-70.79301">
        <ele>4.6</ele>
      </trkpt>
      <trkpt lat="42.25088" lon="-70.7931">
        <ele>4.9</ele>
      </trkpt>
      <trkpt lat="42.25091" lon="-70.7934">
        <ele>5.1</ele>
      </trkpt>
      <trkpt lat="42.25092" lon="-70.79352">
        <ele>5.3</ele>
      </trkpt>
      <trkpt lat="42.25092" lon="-70.7936">
        <ele>5.4</ele>
      </trkpt>
      <trkpt lat="42.25094" lon="-70.79385">
        <ele>5.5</ele>
      </trkpt>
      <trkpt lat="42.25095" lon="-70.794">
        <ele>5.6</ele>
      </trkpt>
      <trkpt lat="42.25096" lon="-70.79414">
        <ele>5.6</ele>
      </trkpt>
      <trkpt lat="42.25099" lon="-70.79429">
        <ele>5.7</ele>
      </trkpt>
      <trkpt lat="42.25099" lon="-70.79429">
        <ele>5.7</ele>
      </trkpt>
      <trkpt lat="42.25109" lon="-70.79447">
        <ele>6.0</ele>
      </trkpt>
      <trkpt lat="42.25115" lon="-70.794569">
        <ele>6.2</ele>
      </trkpt>
      <trkpt lat="42.25122" lon="-70.79461">
        <ele>6.2</ele>
      </trkpt>
      <trkpt lat="42.25144" lon="-70.7948">
        <ele>5.5</ele>
      </trkpt>
      <trkpt lat="42.25158" lon="-70.79491">
        <ele>5.0</ele>
      </trkpt>
      <trkpt lat="42.25166" lon="-70.79499">
        <ele>4.7</ele>
      </trkpt>
      <trkpt lat="42.25174" lon="-70.79505">
        <ele>4.3</ele>
      </trkpt>
      <trkpt lat="42.25181" lon="-70.79509">
        <ele>4.0</ele>
      </trkpt>
      <trkpt lat="42.2519" lon="-70.795109">
        <ele>3.5</ele>
      </trkpt>
      <trkpt lat="42.25194" lon="-70.79512">
        <ele>3.4</ele>
      </trkpt>
      <trkpt lat="42.25198" lon="-70.795109">
        <ele>3.2</ele>
      </trkpt>
      <trkpt lat="42.25203" lon="-70.795109">
        <ele>3.0</ele>
      </trkpt>
      <trkpt lat="42.25209" lon="-70.79509">
        <ele>2.8</ele>
      </trkpt>
      <trkpt lat="42.25217" lon="-70.79506">
        <ele>2.3</ele>
      </trkpt>
      <trkpt lat="42.25226" lon="-70.79504">
        <ele>1.2</ele>
      </trkpt>
      <trkpt lat="42.25235" lon="-70.795">
        <ele>0.1</ele>
      </trkpt>
      <trkpt lat="42.25242" lon="-70.79498"/>
      <trkpt lat="42.25247" lon="-70.79497">
        <ele>-0.2</ele>
      </trkpt>
      <trkpt lat="42.25253" lon="-70.79495"/>
      <trkpt lat="42.25258" lon="-70.79494">
        <ele>0.5</ele>
      </trkpt>
      <trkpt lat="42.25264" lon="-70.794929">
        <ele>1.9</ele>
      </trkpt>
      <trkpt lat="42.25269" lon="-70.794929">
        <ele>3.2</ele>
      </trkpt>
      <trkpt lat="42.25273" lon="-70.79494">
        <ele>3.2</ele>
      </trkpt>
      <trkpt lat="42.25277" lon="-70.79496">
        <ele>3.2</ele>
      </trkpt>
      <trkpt lat="42.25279" lon="-70.79499">
        <ele>3.2</ele>
      </trkpt>
      <trkpt lat="42.252809" lon="-70.795019">
        <ele>3.3</ele>
      </trkpt>
      <trkpt lat="42.25285" lon="-70.79512">
        <ele>3.7</ele>
      </trkpt>
      <trkpt lat="42.25287" lon="-70.7952">
        <ele>4.0</ele>
      </trkpt>
      <trkpt lat="42.25293" lon="-70.79541">
        <ele>4.2</ele>
      </trkpt>
      <trkpt lat="42.25296" lon="-70.795509">
        <ele>4.3</ele>
      </trkpt>
      <trkpt lat="42.25298" lon="-70.79559">
        <ele>4.6</ele>
      </trkpt>
      <trkpt lat="42.25301" lon="-70.79566">
        <ele>4.9</ele>
      </trkpt>
      <trkpt lat="42.25303" lon="-70.79574">
        <ele>5.1</ele>
      </trkpt>
      <trkpt lat="42.25305" lon="-70.79581">
        <ele>5.1</ele>
      </trkpt>
      <trkpt lat="42.25306" lon="-70.795869">
        <ele>5.1</ele>
      </trkpt>
      <trkpt lat="42.25307" lon="-70.79589">
        <ele>5.2</ele>
      </trkpt>
      <trkpt lat="42.25308" lon="-70.79593">
        <ele>5.2</ele>
      </trkpt>
      <trkpt lat="42.25309" lon="-70.79603">
        <ele>4.9</ele>
      </trkpt>
      <trkpt lat="42.25311" lon="-70.79617">
        <ele>4.5</ele>
      </trkpt>
      <trkpt lat="42.25312" lon="-70.79629">
        <ele>4.3</ele>
      </trkpt>
      <trkpt lat="42.25313" lon="-70.79635">
        <ele>4.3</ele>
      </trkpt>
      <trkpt lat="42.25313" lon="-70.79641">
        <ele>4.3</ele>
      </trkpt>
      <trkpt lat="42.25315" lon="-70.79648">
        <ele>4.5</ele>
      </trkpt>
      <trkpt lat="42.25316" lon="-70.79655">
        <ele>4.6</ele>
      </trkpt>
      <trkpt lat="42.25318" lon="-70.79662">
        <ele>4.6</ele>
      </trkpt>
      <trkpt lat="42.25322" lon="-70.7967">
        <ele>4.7</ele>
      </trkpt>
      <trkpt lat="42.25325" lon="-70.79678">
        <ele>4.5</ele>
      </trkpt>
      <trkpt lat="42.25333" lon="-70.79688">
        <ele>4.6</ele>
      </trkpt>
      <trkpt lat="42.253369" lon="-70.79692">
        <ele>4.6</ele>
      </trkpt>
      <trkpt lat="42.25339" lon="-70.79694">
        <ele>4.6</ele>
      </trkpt>
      <trkpt lat="42.25347" lon="-70.797">
        <ele>4.7</ele>
      </trkpt>
      <trkpt lat="42.25352" lon="-70.79703">
        <ele>4.7</ele>
      </trkpt>
      <trkpt lat="42.25359" lon="-70.79706">
        <ele>4.9</ele>
      </trkpt>
      <trkpt lat="42.25364" lon="-70.797079">
        <ele>5.1</ele>
      </trkpt>
      <trkpt lat="42.2537" lon="-70.79709">
        <ele>5.4</ele>
      </trkpt>
      <trkpt lat="42.25379" lon="-70.7971">
        <ele>6.7</ele>
      </trkpt>
      <trkpt lat="42.25387" lon="-70.7971">
        <ele>6.9</ele>
      </trkpt>
      <trkpt lat="42.25394" lon="-70.79709">
        <ele>6.6</ele>
      </trkpt>
      <trkpt lat="42.25402" lon="-70.797079">
        <ele>5.9</ele>
      </trkpt>
      <trkpt lat="42.25409" lon="-70.797079">
        <ele>5.1</ele>
      </trkpt>
      <trkpt lat="42.25414" lon="-70.797079">
        <ele>4.8</ele>
      </trkpt>
      <trkpt lat="42.25417" lon="-70.7971">
        <ele>4.4</ele>
      </trkpt>
      <trkpt lat="42.25423" lon="-70.79712">
        <ele>3.6</ele>
      </trkpt>
      <trkpt lat="42.25427" lon="-70.79715">
        <ele>3.1</ele>
      </trkpt>
      <trkpt lat="42.254309" lon="-70.79719">
        <ele>2.7</ele>
      </trkpt>
      <trkpt lat="42.25434" lon="-70.79722">
        <ele>2.4</ele>
      </trkpt>
      <trkpt lat="42.25436" lon="-70.79725">
        <ele>2.3</ele>
      </trkpt>
      <trkpt lat="42.25438" lon="-70.79729">
        <ele>2.2</ele>
      </trkpt>
      <trkpt lat="42.254399" lon="-70.79732">
        <ele>2.1</ele>
      </trkpt>
      <trkpt lat="42.25442" lon="-70.79736">
        <ele>2.0</ele>
      </trkpt>
      <trkpt lat="42.25444" lon="-70.7974">
        <ele>2.0</ele>
      </trkpt>
      <trkpt lat="42.25446" lon="-70.79744">
        <ele>2.0</ele>
      </trkpt>
      <trkpt lat="42.25447" lon="-70.79745">
        <ele>2.0</ele>
      </trkpt>
      <trkpt lat="42.25448" lon="-70.79747">
        <ele>2.0</ele>
      </trkpt>
      <trkpt lat="42.25451" lon="-70.79777">
        <ele>2.1</ele>
      </trkpt>
      <trkpt lat="42.25453" lon="-70.79798">
        <ele>2.2</ele>
      </trkpt>
      <trkpt lat="42.25455" lon="-70.79819">
        <ele>2.3</ele>
      </trkpt>
      <trkpt lat="42.25458" lon="-70.79841">
        <ele>2.3</ele>
      </trkpt>
      <trkpt lat="42.254689" lon="-70.79885">
        <ele>2.4</ele>
      </trkpt>
      <trkpt lat="42.25475" lon="-70.79908">
        <ele>2.4</ele>
      </trkpt>
      <trkpt lat="42.25482" lon="-70.79929">
        <ele>2.3</ele>
      </trkpt>
      <trkpt lat="42.25493" lon="-70.79959">
        <ele>2.5</ele>
      </trkpt>
      <trkpt lat="42.255" lon="-70.79974">
        <ele>2.9</ele>
      </trkpt>
      <trkpt lat="42.25509" lon="-70.79991">
        <ele>3.2</ele>
      </trkpt>
      <trkpt lat="42.25519" lon="-70.80007">
        <ele>3.3</ele>
      </trkpt>
      <trkpt lat="42.25536" lon="-70.80032">
        <ele>3.2</ele>
      </trkpt>
      <trkpt lat="42.25558" lon="-70.80062">
        <ele>3.2</ele>
      </trkpt>
      <trkpt lat="42.25578" lon="-70.80089">
        <ele>3.2</ele>
      </trkpt>
      <trkpt lat="42.25596" lon="-70.80114">
        <ele>3.3</ele>
      </trkpt>
      <trkpt lat="42.25614" lon="-70.80137">
        <ele>3.4</ele>
      </trkpt>
      <trkpt lat="42.25625" lon="-70.801509">
        <ele>3.3</ele>
      </trkpt>
      <trkpt lat="42.25636" lon="-70.80164">
        <ele>3.3</ele>
      </trkpt>
      <trkpt lat="42.25655" lon="-70.80181">
        <ele>3.2</ele>
      </trkpt>
      <trkpt lat="42.25673" lon="-70.801959">
        <ele>3.0</ele>
      </trkpt>
      <trkpt lat="42.25704" lon="-70.80216">
        <ele>2.1</ele>
      </trkpt>
      <trkpt lat="42.25708" lon="-70.80219">
        <ele>1.9</ele>
      </trkpt>
      <trkpt lat="42.25719" lon="-70.80225">
        <ele>1.4</ele>
      </trkpt>
      <trkpt lat="42.25725" lon="-70.80229">
        <ele>1.3</ele>
      </trkpt>
      <trkpt lat="42.257309" lon="-70.80231">
        <ele>1.3</ele>
      </trkpt>
      <trkpt lat="42.257689" lon="-70.80242">
        <ele>3.1</ele>
      </trkpt>
      <trkpt lat="42.25772" lon="-70.80243">
        <ele>3.3</ele>
      </trkpt>
      <trkpt lat="42.25776" lon="-70.802449">
        <ele>3.6</ele>
      </trkpt>
      <trkpt lat="42.25781" lon="-70.80248">
        <ele>4.0</ele>
      </trkpt>
      <trkpt lat="42.25783" lon="-70.80251">
        <ele>4.2</ele>
      </trkpt>
      <trkpt lat="42.25786" lon="-70.802539">
        <ele>4.5</ele>
      </trkpt>
      <trkpt lat="42.2579" lon="-70.8026">
        <ele>4.8</ele>
      </trkpt>
      <trkpt lat="42.25797" lon="-70.802719">
        <ele>5.5</ele>
      </trkpt>
      <trkpt lat="42.25803" lon="-70.80289">
        <ele>6.3</ele>
      </trkpt>
      <trkpt lat="42.2582" lon="-70.80344">
        <ele>8.2</ele>
      </trkpt>
      <trkpt lat="42.25821" lon="-70.8035">
        <ele>8.2</ele>
      </trkpt>
      <trkpt lat="42.25821" lon="-70.80358">
        <ele>8.3</ele>
      </trkpt>
      <trkpt lat="42.25814" lon="-70.80485">
        <ele>9.8</ele>
      </trkpt>
      <trkpt lat="42.25813" lon="-70.80485">
        <ele>9.8</ele>
      </trkpt>
      <trkpt lat="42.25813" lon="-70.80497">
        <ele>10.0</ele>
      </trkpt>
      <trkpt lat="42.25811" lon="-70.80524">
        <ele>10.0</ele>
      </trkpt>
      <trkpt lat="42.25812" lon="-70.80546">
        <ele>9.5</ele>
      </trkpt>
      <trkpt lat="42.25812" lon="-70.80555">
        <ele>9.1</ele>
      </trkpt>
      <trkpt lat="42.25814" lon="-70.80564">
        <ele>8.7</ele>
      </trkpt>
      <trkpt lat="42.25817" lon="-70.80576">
        <ele>8.0</ele>
      </trkpt>
      <trkpt lat="42.25822" lon="-70.80585">
        <ele>7.2</ele>
      </trkpt>
      <trkpt lat="42.25828" lon="-70.80595">
        <ele>6.2</ele>
      </trkpt>
      <trkpt lat="42.25885" lon="-70.8067">
        <ele>2.6</ele>
      </trkpt>
      <trkpt lat="42.25939" lon="-70.80744">
        <ele>2.9</ele>
      </trkpt>
      <trkpt lat="42.25947" lon="-70.80759">
        <ele>2.9</ele>
      </trkpt>
      <trkpt lat="42.25952" lon="-70.80772">
        <ele>2.9</ele>
      </trkpt>
      <trkpt lat="42.25955" lon="-70.80784">
        <ele>2.9</ele>
      </trkpt>
      <trkpt lat="42.25958" lon="-70.80801">
        <ele>2.8</ele>
      </trkpt>
      <trkpt lat="42.25963" lon="-70.80856">
        <ele>2.6</ele>
      </trkpt>
      <trkpt lat="42.25964" lon="-70.808719">
        <ele>2.5</ele>
      </trkpt>
      <trkpt lat="42.259659" lon="-70.80899">
        <ele>2.2</ele>
      </trkpt>
      <trkpt lat="42.25967" lon="-70.80917">
        <ele>2.0</ele>
      </trkpt>
      <trkpt lat="42.2597" lon="-70.80988">
        <ele>1.4</ele>
      </trkpt>
      <trkpt lat="42.25974" lon="-70.81037">
        <ele>1.6</ele>
      </trkpt>
      <trkpt lat="42.25977" lon="-70.81055">
        <ele>1.7</ele>
      </trkpt>
      <trkpt lat="42.25982" lon="-70.81072">
        <ele>1.8</ele>
      </trkpt>
      <trkpt lat="42.25986" lon="-70.81084">
        <ele>1.8</ele>
      </trkpt>
      <trkpt lat="42.25986" lon="-70.81084">
        <ele>1.8</ele>
      </trkpt>
      <trkpt lat="42.26" lon="-70.81105">
        <ele>2.3</ele>
      </trkpt>
      <trkpt lat="42.26009" lon="-70.81116">
        <ele>2.6</ele>
      </trkpt>
      <trkpt lat="42.26017" lon="-70.81124">
        <ele>2.7</ele>
      </trkpt>
      <trkpt lat="42.26025" lon="-70.81132">
        <ele>3.1</ele>
      </trkpt>
      <trkpt lat="42.26033" lon="-70.8114">
        <ele>4.0</ele>
      </trkpt>
      <trkpt lat="42.26042" lon="-70.81149">
        <ele>4.8</ele>
      </trkpt>
      <trkpt lat="42.26049" lon="-70.81158">
        <ele>5.2</ele>
      </trkpt>
      <trkpt lat="42.26055" lon="-70.81167">
        <ele>5.5</ele>
      </trkpt>
      <trkpt lat="42.260599" lon="-70.81178">
        <ele>5.9</ele>
      </trkpt>
      <trkpt lat="42.26064" lon="-70.81189">
        <ele>6.5</ele>
      </trkpt>
      <trkpt lat="42.26068" lon="-70.81204">
        <ele>7.4</ele>
      </trkpt>
      <trkpt lat="42.26068" lon="-70.81211">
        <ele>7.5</ele>
      </trkpt>
      <trkpt lat="42.260689" lon="-70.81219">
        <ele>7.8</ele>
      </trkpt>
      <trkpt lat="42.26071" lon="-70.81244">
        <ele>9.9</ele>
      </trkpt>
      <trkpt lat="42.26072" lon="-70.81255">
        <ele>10.8</ele>
      </trkpt>
      <trkpt lat="42.26073" lon="-70.8126">
        <ele>11.3</ele>
      </trkpt>
      <trkpt lat="42.26075" lon="-70.812659">
        <ele>11.8</ele>
      </trkpt>
      <trkpt lat="42.26077" lon="-70.81271">
        <ele>12.0</ele>
      </trkpt>
      <trkpt lat="42.26079" lon="-70.81275">
        <ele>12.2</ele>
      </trkpt>
      <trkpt lat="42.26085" lon="-70.81284">
        <ele>12.4</ele>
      </trkpt>
      <trkpt lat="42.26103" lon="-70.81307">
        <ele>11.7</ele>
      </trkpt>
      <trkpt lat="42.26117" lon="-70.81327">
        <ele>11.1</ele>
      </trkpt>
      <trkpt lat="42.26124" lon="-70.81336">
        <ele>11.0</ele>
      </trkpt>
      <trkpt lat="42.261339" lon="-70.81349">
        <ele>11.0</ele>
      </trkpt>
      <trkpt lat="42.26136" lon="-70.813509">
        <ele>11.1</ele>
      </trkpt>
      <trkpt lat="42.2614" lon="-70.81355">
        <ele>11.2</ele>
      </trkpt>
      <trkpt lat="42.26152" lon="-70.81364">
        <ele>11.5</ele>
      </trkpt>
      <trkpt lat="42.26171" lon="-70.81376">
        <ele>11.3</ele>
      </trkpt>
      <trkpt lat="42.26179" lon="-70.8138">
        <ele>11.2</ele>
      </trkpt>
      <trkpt lat="42.262" lon="-70.8139">
        <ele>10.9</ele>
      </trkpt>
      <trkpt lat="42.26213" lon="-70.81396">
        <ele>10.7</ele>
      </trkpt>
      <trkpt lat="42.26231" lon="-70.81403">
        <ele>10.3</ele>
      </trkpt>
      <trkpt lat="42.26238" lon="-70.81407">
        <ele>10.2</ele>
      </trkpt>
      <trkpt lat="42.26244" lon="-70.81411">
        <ele>10.0</ele>
      </trkpt>
      <trkpt lat="42.262479" lon="-70.81416">
        <ele>9.9</ele>
      </trkpt>
      <trkpt lat="42.26252" lon="-70.81421">
        <ele>9.8</ele>
      </trkpt>
      <trkpt lat="42.26256" lon="-70.814269">
        <ele>9.7</ele>
      </trkpt>
      <trkpt lat="42.26258" lon="-70.81433">
        <ele>9.8</ele>
      </trkpt>
      <trkpt lat="42.26262" lon="-70.81441">
        <ele>9.8</ele>
      </trkpt>
      <trkpt lat="42.26264" lon="-70.81448">
        <ele>10.0</ele>
      </trkpt>
      <trkpt lat="42.26268" lon="-70.81462">
        <ele>10.3</ele>
      </trkpt>
      <trkpt lat="42.26271" lon="-70.81476">
        <ele>10.5</ele>
      </trkpt>
      <trkpt lat="42.26273" lon="-70.81484">
        <ele>10.5</ele>
      </trkpt>
      <trkpt lat="42.262749" lon="-70.81493">
        <ele>10.5</ele>
      </trkpt>
      <trkpt lat="42.26277" lon="-70.81508">
        <ele>10.6</ele>
      </trkpt>
      <trkpt lat="42.2628" lon="-70.81533">
        <ele>10.8</ele>
      </trkpt>
      <trkpt lat="42.26283" lon="-70.81553">
        <ele>10.8</ele>
      </trkpt>
      <trkpt lat="42.26286" lon="-70.81576">
        <ele>10.5</ele>
      </trkpt>
      <trkpt lat="42.26287" lon="-70.81596">
        <ele>10.2</ele>
      </trkpt>
      <trkpt lat="42.26288" lon="-70.81618">
        <ele>10.0</ele>
      </trkpt>
      <trkpt lat="42.26292" lon="-70.81661">
        <ele>10.3</ele>
      </trkpt>
      <trkpt lat="42.262949" lon="-70.81673">
        <ele>10.4</ele>
      </trkpt>
      <trkpt lat="42.26298" lon="-70.81694">
        <ele>10.8</ele>
      </trkpt>
      <trkpt lat="42.26299" lon="-70.81708">
        <ele>11.1</ele>
      </trkpt>
      <trkpt lat="42.26299" lon="-70.81722">
        <ele>11.8</ele>
      </trkpt>
      <trkpt lat="42.26297" lon="-70.81768">
        <ele>13.3</ele>
      </trkpt>
      <trkpt lat="42.26298" lon="-70.81802">
        <ele>13.6</ele>
      </trkpt>
      <trkpt lat="42.26298" lon="-70.81813">
        <ele>13.7</ele>
      </trkpt>
      <trkpt lat="42.26299" lon="-70.8182">
        <ele>13.8</ele>
      </trkpt>
      <trkpt lat="42.26301" lon="-70.81842">
        <ele>13.9</ele>
      </trkpt>
      <trkpt lat="42.26306" lon="-70.81893">
        <ele>14.0</ele>
      </trkpt>
      <trkpt lat="42.26307" lon="-70.81916">
        <ele>14.1</ele>
      </trkpt>
      <trkpt lat="42.26308" lon="-70.81932">
        <ele>14.1</ele>
      </trkpt>
      <trkpt lat="42.26308" lon="-70.81952">
        <ele>14.1</ele>
      </trkpt>
      <trkpt lat="42.26306" lon="-70.82021">
        <ele>14.2</ele>
      </trkpt>
      <trkpt lat="42.26308" lon="-70.82052">
        <ele>14.1</ele>
      </trkpt>
      <trkpt lat="42.26309" lon="-70.82055">
        <ele>14.1</ele>
      </trkpt>
      <trkpt lat="42.2631" lon="-70.8206">
        <ele>14.1</ele>
      </trkpt>
      <trkpt lat="42.263129" lon="-70.8207">
        <ele>14.0</ele>
      </trkpt>
      <trkpt lat="42.26319" lon="-70.82086">
        <ele>14.0</ele>
      </trkpt>
      <trkpt lat="42.26326" lon="-70.82102">
        <ele>13.8</ele>
      </trkpt>
      <trkpt lat="42.2633" lon="-70.821119">
        <ele>13.7</ele>
      </trkpt>
      <trkpt lat="42.26334" lon="-70.82123">
        <ele>13.7</ele>
      </trkpt>
      <trkpt lat="42.26336" lon="-70.82132">
        <ele>13.7</ele>
      </trkpt>
      <trkpt lat="42.26338" lon="-70.82141">
        <ele>13.7</ele>
      </trkpt>
      <trkpt lat="42.26339" lon="-70.82152">
        <ele>13.8</ele>
      </trkpt>
      <trkpt lat="42.2634" lon="-70.82162">
        <ele>13.8</ele>
      </trkpt>
      <trkpt lat="42.2634" lon="-70.82172">
        <ele>13.9</ele>
      </trkpt>
      <trkpt lat="42.26341" lon="-70.8219">
        <ele>13.9</ele>
      </trkpt>
      <trkpt lat="42.26341" lon="-70.822">
        <ele>14.0</ele>
      </trkpt>
      <trkpt lat="42.26342" lon="-70.82219">
        <ele>13.9</ele>
      </trkpt>
      <trkpt lat="42.26342" lon="-70.8224">
        <ele>13.4</ele>
      </trkpt>
      <trkpt lat="42.26342" lon="-70.8226">
        <ele>11.5</ele>
      </trkpt>
      <trkpt lat="42.26341" lon="-70.822819">
        <ele>10.5</ele>
      </trkpt>
      <trkpt lat="42.26341" lon="-70.82303">
        <ele>8.4</ele>
      </trkpt>
      <trkpt lat="42.26341" lon="-70.82317">
        <ele>7.7</ele>
      </trkpt>
      <trkpt lat="42.26342" lon="-70.823269">
        <ele>7.4</ele>
      </trkpt>
      <trkpt lat="42.26343" lon="-70.82338">
        <ele>7.1</ele>
      </trkpt>
      <trkpt lat="42.26344" lon="-70.82353">
        <ele>7.6</ele>
      </trkpt>
      <trkpt lat="42.26349" lon="-70.82389">
        <ele>8.0</ele>
      </trkpt>
      <trkpt lat="42.263509" lon="-70.82404">
        <ele>8.1</ele>
      </trkpt>
      <trkpt lat="42.26352" lon="-70.82411">
        <ele>8.1</ele>
      </trkpt>
      <trkpt lat="42.26356" lon="-70.82442">
        <ele>8.0</ele>
      </trkpt>
      <trkpt lat="42.26365" lon="-70.82492">
        <ele>7.3</ele>
      </trkpt>
      <trkpt lat="42.263689" lon="-70.82517">
        <ele>6.1</ele>
      </trkpt>
      <trkpt lat="42.2637" lon="-70.82527">
        <ele>5.6</ele>
      </trkpt>
      <trkpt lat="42.2637" lon="-70.8253">
        <ele>5.5</ele>
      </trkpt>
      <trkpt lat="42.2637" lon="-70.825329">
        <ele>5.4</ele>
      </trkpt>
      <trkpt lat="42.2637" lon="-70.82536">
        <ele>5.3</ele>
      </trkpt>
      <trkpt lat="42.2637" lon="-70.82546">
        <ele>5.3</ele>
      </trkpt>
      <trkpt lat="42.2637" lon="-70.82546">
        <ele>5.3</ele>
      </trkpt>
      <trkpt lat="42.26415" lon="-70.82597">
        <ele>3.8</ele>
      </trkpt>
      <trkpt lat="42.26427" lon="-70.82611">
        <ele>3.6</ele>
      </trkpt>
      <trkpt lat="42.26436" lon="-70.82621">
        <ele>3.6</ele>
      </trkpt>
      <trkpt lat="42.26437" lon="-70.82622">
        <ele>3.6</ele>
      </trkpt>
      <trkpt lat="42.26451" lon="-70.82639">
        <ele>3.7</ele>
      </trkpt>
      <trkpt lat="42.26458" lon="-70.82646">
        <ele>3.7</ele>
      </trkpt>
      <trkpt lat="42.264719" lon="-70.82663">
        <ele>3.9</ele>
      </trkpt>
      <trkpt lat="42.26483" lon="-70.82677">
        <ele>4.0</ele>
      </trkpt>
      <trkpt lat="42.26487" lon="-70.82683">
        <ele>4.0</ele>
      </trkpt>
      <trkpt lat="42.264919" lon="-70.8269">
        <ele>4.0</ele>
      </trkpt>
      <trkpt lat="42.26494" lon="-70.826939">
        <ele>4.0</ele>
      </trkpt>
      <trkpt lat="42.26497" lon="-70.82699">
        <ele>4.0</ele>
      </trkpt>
      <trkpt lat="42.265009" lon="-70.82706">
        <ele>4.1</ele>
      </trkpt>
      <trkpt lat="42.26505" lon="-70.82715">
        <ele>4.0</ele>
      </trkpt>
      <trkpt lat="42.26505" lon="-70.82715">
        <ele>4.0</ele>
      </trkpt>
      <trkpt lat="42.26506" lon="-70.82719">
        <ele>4.0</ele>
      </trkpt>
      <trkpt lat="42.26507" lon="-70.82722">
        <ele>4.0</ele>
      </trkpt>
      <trkpt lat="42.26508" lon="-70.82727">
        <ele>3.9</ele>
      </trkpt>
      <trkpt lat="42.26509" lon="-70.82732">
        <ele>3.8</ele>
      </trkpt>
      <trkpt lat="42.265099" lon="-70.82737">
        <ele>3.7</ele>
      </trkpt>
      <trkpt lat="42.26511" lon="-70.82743">
        <ele>3.6</ele>
      </trkpt>
      <trkpt lat="42.26513" lon="-70.8276">
        <ele>3.2</ele>
      </trkpt>
      <trkpt lat="42.26516" lon="-70.82795">
        <ele>1.5</ele>
      </trkpt>
      <trkpt lat="42.26518" lon="-70.82814">
        <ele>1.4</ele>
      </trkpt>
      <trkpt lat="42.26521" lon="-70.82832">
        <ele>1.4</ele>
      </trkpt>
      <trkpt lat="42.26525" lon="-70.82848">
        <ele>1.5</ele>
      </trkpt>
      <trkpt lat="42.26529" lon="-70.82862">
        <ele>1.6</ele>
      </trkpt>
      <trkpt lat="42.26532" lon="-70.82871">
        <ele>1.7</ele>
      </trkpt>
      <trkpt lat="42.265389" lon="-70.82888">
        <ele>1.9</ele>
      </trkpt>
      <trkpt lat="42.26543" lon="-70.82897">
        <ele>1.9</ele>
      </trkpt>
      <trkpt lat="42.26562" lon="-70.82938">
        <ele>2.1</ele>
      </trkpt>
      <trkpt lat="42.26582" lon="-70.8298">
        <ele>1.9</ele>
      </trkpt>
      <trkpt lat="42.26597" lon="-70.83013">
        <ele>1.9</ele>
      </trkpt>
      <trkpt lat="42.26602" lon="-70.83025">
        <ele>1.9</ele>
      </trkpt>
      <trkpt lat="42.26606" lon="-70.83036">
        <ele>1.9</ele>
      </trkpt>
      <trkpt lat="42.26609" lon="-70.83046">
        <ele>1.8</ele>
      </trkpt>
      <trkpt lat="42.26611" lon="-70.83054">
        <ele>1.7</ele>
      </trkpt>
      <trkpt lat="42.266129" lon="-70.83063">
        <ele>1.7</ele>
      </trkpt>
      <trkpt lat="42.26615" lon="-70.83073">
        <ele>1.6</ele>
      </trkpt>
      <trkpt lat="42.26618" lon="-70.83091">
        <ele>1.5</ele>
      </trkpt>
      <trkpt lat="42.26621" lon="-70.8311">
        <ele>1.4</ele>
      </trkpt>
      <trkpt lat="42.26623" lon="-70.83127">
        <ele>1.2</ele>
      </trkpt>
      <trkpt lat="42.26625" lon="-70.83145">
        <ele>1.2</ele>
      </trkpt>
      <trkpt lat="42.26627" lon="-70.83169">
        <ele>1.2</ele>
      </trkpt>
      <trkpt lat="42.26628" lon="-70.83189">
        <ele>1.3</ele>
      </trkpt>
      <trkpt lat="42.26629" lon="-70.83227">
        <ele>1.6</ele>
      </trkpt>
      <trkpt lat="42.26631" lon="-70.833119">
        <ele>2.1</ele>
      </trkpt>
      <trkpt lat="42.26632" lon="-70.8335">
        <ele>2.2</ele>
      </trkpt>
      <trkpt lat="42.26633" lon="-70.833699">
        <ele>2.2</ele>
      </trkpt>
      <trkpt lat="42.26634" lon="-70.833879">
        <ele>2.2</ele>
      </trkpt>
      <trkpt lat="42.26635" lon="-70.83407">
        <ele>2.1</ele>
      </trkpt>
      <trkpt lat="42.26636" lon="-70.83419">
        <ele>2.1</ele>
      </trkpt>
      <trkpt lat="42.26638" lon="-70.83434">
        <ele>2.0</ele>
      </trkpt>
      <trkpt lat="42.26641" lon="-70.83462">
        <ele>1.7</ele>
      </trkpt>
      <trkpt lat="42.26645" lon="-70.83494">
        <ele>1.5</ele>
      </trkpt>
      <trkpt lat="42.2665" lon="-70.83533">
        <ele>1.6</ele>
      </trkpt>
      <trkpt lat="42.26654" lon="-70.83562">
        <ele>1.7</ele>
      </trkpt>
      <trkpt lat="42.26657" lon="-70.83583">
        <ele>1.6</ele>
      </trkpt>
      <trkpt lat="42.266599" lon="-70.83595">
        <ele>1.7</ele>
      </trkpt>
      <trkpt lat="42.26665" lon="-70.83617">
        <ele>1.7</ele>
      </trkpt>
      <trkpt lat="42.26675" lon="-70.836519">
        <ele>1.8</ele>
      </trkpt>
      <trkpt lat="42.26678" lon="-70.8366">
        <ele>1.8</ele>
      </trkpt>
      <trkpt lat="42.2669" lon="-70.836969">
        <ele>1.7</ele>
      </trkpt>
      <trkpt lat="42.267069" lon="-70.83742">
        <ele>1.6</ele>
      </trkpt>
      <trkpt lat="42.26709" lon="-70.83748">
        <ele>1.6</ele>
      </trkpt>
      <trkpt lat="42.26713" lon="-70.83762">
        <ele>1.5</ele>
      </trkpt>
      <trkpt lat="42.26715" lon="-70.83772">
        <ele>1.5</ele>
      </trkpt>
      <trkpt lat="42.26719" lon="-70.83786">
        <ele>1.5</ele>
      </trkpt>
      <trkpt lat="42.26721" lon="-70.83804">
        <ele>1.5</ele>
      </trkpt>
      <trkpt lat="42.26722" lon="-70.83817">
        <ele>1.5</ele>
      </trkpt>
      <trkpt lat="42.26722" lon="-70.83828">
        <ele>1.5</ele>
      </trkpt>
      <trkpt lat="42.26723" lon="-70.83845">
        <ele>1.5</ele>
      </trkpt>
      <trkpt lat="42.26722" lon="-70.83869">
        <ele>1.6</ele>
      </trkpt>
      <trkpt lat="42.26721" lon="-70.83882">
        <ele>1.7</ele>
      </trkpt>
      <trkpt lat="42.267159" lon="-70.83962">
        <ele>3.0</ele>
      </trkpt>
      <trkpt lat="42.26713" lon="-70.84">
        <ele>3.7</ele>
      </trkpt>
      <trkpt lat="42.2671" lon="-70.84032">
        <ele>3.9</ele>
      </trkpt>
      <trkpt lat="42.26708" lon="-70.84048">
        <ele>3.8</ele>
      </trkpt>
      <trkpt lat="42.26704" lon="-70.840639">
        <ele>3.7</ele>
      </trkpt>
      <trkpt lat="42.26702" lon="-70.84069">
        <ele>3.7</ele>
      </trkpt>
      <trkpt lat="42.26694" lon="-70.84089">
        <ele>3.5</ele>
      </trkpt>
      <trkpt lat="42.26658" lon="-70.84159">
        <ele>0.4</ele>
      </trkpt>
      <trkpt lat="42.2665" lon="-70.841759">
        <ele>0.4</ele>
      </trkpt>
      <trkpt lat="42.26637" lon="-70.84201">
        <ele>0.4</ele>
      </trkpt>
      <trkpt lat="42.26627" lon="-70.84219">
        <ele>0.6</ele>
      </trkpt>
      <trkpt lat="42.26619" lon="-70.84233">
        <ele>0.9</ele>
      </trkpt>
      <trkpt lat="42.26612" lon="-70.84248">
        <ele>1.5</ele>
      </trkpt>
      <trkpt lat="42.26607" lon="-70.84262">
        <ele>2.5</ele>
      </trkpt>
      <trkpt lat="42.26598" lon="-70.84301">
        <ele>5.8</ele>
      </trkpt>
      <trkpt lat="42.26592" lon="-70.84332">
        <ele>7.4</ele>
      </trkpt>
      <trkpt lat="42.26584" lon="-70.84371">
        <ele>8.7</ele>
      </trkpt>
      <trkpt lat="42.26575" lon="-70.84432">
        <ele>11.4</ele>
      </trkpt>
      <trkpt lat="42.26562" lon="-70.84522">
        <ele>14.8</ele>
      </trkpt>
      <trkpt lat="42.2656" lon="-70.84564">
        <ele>15.1</ele>
      </trkpt>
      <trkpt lat="42.2656" lon="-70.84581">
        <ele>15.2</ele>
      </trkpt>
      <trkpt lat="42.26562" lon="-70.84665">
        <ele>16.3</ele>
      </trkpt>
      <trkpt lat="42.26562" lon="-70.84681">
        <ele>16.3</ele>
      </trkpt>
      <trkpt lat="42.26563" lon="-70.84728">
        <ele>15.9</ele>
      </trkpt>
      <trkpt lat="42.26563" lon="-70.84763">
        <ele>15.2</ele>
      </trkpt>
      <trkpt lat="42.26563" lon="-70.84775">
        <ele>15.2</ele>
      </trkpt>
      <trkpt lat="42.26565" lon="-70.84847">
        <ele>14.7</ele>
      </trkpt>
      <trkpt lat="42.26565" lon="-70.848789">
        <ele>12.6</ele>
      </trkpt>
      <trkpt lat="42.26567" lon="-70.84944">
        <ele>6.8</ele>
      </trkpt>
      <trkpt lat="42.26567" lon="-70.84944">
        <ele>6.8</ele>
      </trkpt>
      <trkpt lat="42.2659" lon="-70.8496">
        <ele>7.0</ele>
      </trkpt>
      <trkpt lat="42.26652" lon="-70.84995">
        <ele>4.7</ele>
      </trkpt>
      <trkpt lat="42.26683" lon="-70.85015">
        <ele>4.9</ele>
      </trkpt>
      <trkpt lat="42.26691" lon="-70.8502">
        <ele>4.9</ele>
      </trkpt>
      <trkpt lat="42.26697" lon="-70.85025">
        <ele>4.7</ele>
      </trkpt>
      <trkpt lat="42.26702" lon="-70.850309">
        <ele>4.5</ele>
      </trkpt>
      <trkpt lat="42.26705" lon="-70.85035">
        <ele>4.4</ele>
      </trkpt>
      <trkpt lat="42.267069" lon="-70.85038">
        <ele>4.3</ele>
      </trkpt>
      <trkpt lat="42.26709" lon="-70.85042">
        <ele>4.1</ele>
      </trkpt>
      <trkpt lat="42.26711" lon="-70.85045">
        <ele>4.0</ele>
      </trkpt>
      <trkpt lat="42.26714" lon="-70.850489">
        <ele>3.8</ele>
      </trkpt>
      <trkpt lat="42.26717" lon="-70.85056">
        <ele>3.6</ele>
      </trkpt>
      <trkpt lat="42.26728" lon="-70.85083">
        <ele>2.5</ele>
      </trkpt>
      <trkpt lat="42.26755" lon="-70.85155">
        <ele>1.3</ele>
      </trkpt>
      <trkpt lat="42.2677" lon="-70.8519">
        <ele>1.1</ele>
      </trkpt>
      <trkpt lat="42.26784" lon="-70.85222">
        <ele>0.9</ele>
      </trkpt>
      <trkpt lat="42.26795" lon="-70.85242">
        <ele>0.8</ele>
      </trkpt>
      <trkpt lat="42.26832" lon="-70.85307">
        <ele>0.5</ele>
      </trkpt>
      <trkpt lat="42.26843" lon="-70.85329">
        <ele>0.5</ele>
      </trkpt>
      <trkpt lat="42.26854" lon="-70.85345">
        <ele>0.5</ele>
      </trkpt>
      <trkpt lat="42.26865" lon="-70.85363">
        <ele>0.5</ele>
      </trkpt>
      <trkpt lat="42.26891" lon="-70.85405">
        <ele>0.5</ele>
      </trkpt>
      <trkpt lat="42.269039" lon="-70.85426">
        <ele>0.5</ele>
      </trkpt>
      <trkpt lat="42.2691" lon="-70.85436">
        <ele>0.5</ele>
      </trkpt>
      <trkpt lat="42.26934" lon="-70.85471">
        <ele>0.5</ele>
      </trkpt>
      <trkpt lat="42.26943" lon="-70.85485">
        <ele>0.5</ele>
      </trkpt>
      <trkpt lat="42.26948" lon="-70.85493">
        <ele>0.6</ele>
      </trkpt>
      <trkpt lat="42.26963" lon="-70.85515">
        <ele>0.6</ele>
      </trkpt>
      <trkpt lat="42.26975" lon="-70.85533">
        <ele>0.6</ele>
      </trkpt>
      <trkpt lat="42.27034" lon="-70.85619">
        <ele>0.7</ele>
      </trkpt>
      <trkpt lat="42.27058" lon="-70.85653">
        <ele>0.7</ele>
      </trkpt>
      <trkpt lat="42.27069" lon="-70.85669">
        <ele>0.7</ele>
      </trkpt>
      <trkpt lat="42.27138" lon="-70.85764">
        <ele>0.8</ele>
      </trkpt>
      <trkpt lat="42.27149" lon="-70.85778">
        <ele>0.8</ele>
      </trkpt>
      <trkpt lat="42.27165" lon="-70.858">
        <ele>0.9</ele>
      </trkpt>
      <trkpt lat="42.27173" lon="-70.85811">
        <ele>0.9</ele>
      </trkpt>
      <trkpt lat="42.27179" lon="-70.858189">
        <ele>0.9</ele>
      </trkpt>
      <trkpt lat="42.27184" lon="-70.85827">
        <ele>0.9</ele>
      </trkpt>
      <trkpt lat="42.27203" lon="-70.85853">
        <ele>1.0</ele>
      </trkpt>
      <trkpt lat="42.27216" lon="-70.85873">
        <ele>1.0</ele>
      </trkpt>
      <trkpt lat="42.27216" lon="-70.85873">
        <ele>1.0</ele>
      </trkpt>
      <trkpt lat="42.27226" lon="-70.85878">
        <ele>1.0</ele>
      </trkpt>
      <trkpt lat="42.27238" lon="-70.85884">
        <ele>0.9</ele>
      </trkpt>
      <trkpt lat="42.27248" lon="-70.85888">
        <ele>0.8</ele>
      </trkpt>
      <trkpt lat="42.2726" lon="-70.858949">
        <ele>0.7</ele>
      </trkpt>
      <trkpt lat="42.272709" lon="-70.85903">
        <ele>0.6</ele>
      </trkpt>
      <trkpt lat="42.27273" lon="-70.859039">
        <ele>0.6</ele>
      </trkpt>
      <trkpt lat="42.27286" lon="-70.85914">
        <ele>0.6</ele>
      </trkpt>
      <trkpt lat="42.273" lon="-70.85927">
        <ele>0.5</ele>
      </trkpt>
      <trkpt lat="42.27318" lon="-70.85945">
        <ele>0.5</ele>
      </trkpt>
      <trkpt lat="42.273269" lon="-70.85953">
        <ele>0.5</ele>
      </trkpt>
      <trkpt lat="42.2734" lon="-70.85965">
        <ele>0.5</ele>
      </trkpt>
      <trkpt lat="42.27357" lon="-70.85981">
        <ele>0.6</ele>
      </trkpt>
      <trkpt lat="42.27373" lon="-70.859979">
        <ele>0.7</ele>
      </trkpt>
      <trkpt lat="42.273829" lon="-70.86009">
        <ele>0.7</ele>
      </trkpt>
      <trkpt lat="42.27391" lon="-70.86018">
        <ele>0.7</ele>
      </trkpt>
      <trkpt lat="42.27406" lon="-70.86035">
        <ele>0.6</ele>
      </trkpt>
      <trkpt lat="42.27432" lon="-70.86064">
        <ele>0.6</ele>
      </trkpt>
      <trkpt lat="42.274479" lon="-70.86082">
        <ele>0.6</ele>
      </trkpt>
      <trkpt lat="42.274679" lon="-70.86106">
        <ele>0.6</ele>
      </trkpt>
      <trkpt lat="42.27499" lon="-70.86141">
        <ele>0.5</ele>
      </trkpt>
      <trkpt lat="42.27519" lon="-70.86165">
        <ele>0.5</ele>
      </trkpt>
      <trkpt lat="42.27546" lon="-70.861949">
        <ele>0.4</ele>
      </trkpt>
      <trkpt lat="42.275799" lon="-70.86233">
        <ele>0.4</ele>
      </trkpt>
      <trkpt lat="42.27586" lon="-70.86239">
        <ele>0.4</ele>
      </trkpt>
      <trkpt lat="42.27587" lon="-70.86241">
        <ele>0.4</ele>
      </trkpt>
      <trkpt lat="42.275889" lon="-70.86243">
        <ele>0.4</ele>
      </trkpt>
      <trkpt lat="42.2759" lon="-70.86244">
        <ele>0.4</ele>
      </trkpt>
      <trkpt lat="42.27591" lon="-70.86247">
        <ele>0.4</ele>
      </trkpt>
      <trkpt lat="42.27593" lon="-70.862489">
        <ele>0.4</ele>
      </trkpt>
      <trkpt lat="42.27594" lon="-70.86252">
        <ele>0.5</ele>
      </trkpt>
      <trkpt lat="42.27595" lon="-70.86255">
        <ele>0.5</ele>
      </trkpt>
      <trkpt lat="42.27597" lon="-70.86258">
        <ele>0.5</ele>
      </trkpt>
      <trkpt lat="42.275979" lon="-70.86261">
        <ele>0.5</ele>
      </trkpt>
      <trkpt lat="42.275979" lon="-70.86263">
        <ele>0.6</ele>
      </trkpt>
      <trkpt lat="42.27599" lon="-70.86264">
        <ele>0.6</ele>
      </trkpt>
      <trkpt lat="42.27599" lon="-70.86265">
        <ele>0.6</ele>
      </trkpt>
      <trkpt lat="42.27599" lon="-70.86267">
        <ele>0.6</ele>
      </trkpt>
      <trkpt lat="42.276" lon="-70.86269">
        <ele>0.6</ele>
      </trkpt>
      <trkpt lat="42.276" lon="-70.86272">
        <ele>0.6</ele>
      </trkpt>
      <trkpt lat="42.276" lon="-70.86274">
        <ele>0.7</ele>
      </trkpt>
      <trkpt lat="42.27601" lon="-70.86277">
        <ele>0.7</ele>
      </trkpt>
      <trkpt lat="42.27601" lon="-70.86279">
        <ele>0.7</ele>
      </trkpt>
      <trkpt lat="42.27601" lon="-70.86281">
        <ele>0.7</ele>
      </trkpt>
      <trkpt lat="42.27602" lon="-70.86291">
        <ele>0.8</ele>
      </trkpt>
      <trkpt lat="42.27602" lon="-70.86291">
        <ele>0.8</ele>
      </trkpt>
      <trkpt lat="42.27614" lon="-70.862889">
        <ele>0.6</ele>
      </trkpt>
      <trkpt lat="42.27623" lon="-70.8629">
        <ele>0.5</ele>
      </trkpt>
      <trkpt lat="42.27628" lon="-70.8629">
        <ele>0.4</ele>
      </trkpt>
      <trkpt lat="42.27633" lon="-70.86291">
        <ele>0.4</ele>
      </trkpt>
      <trkpt lat="42.27637" lon="-70.86293">
        <ele>0.4</ele>
      </trkpt>
      <trkpt lat="42.27641" lon="-70.86295">
        <ele>0.3</ele>
      </trkpt>
      <trkpt lat="42.27644" lon="-70.86297">
        <ele>0.3</ele>
      </trkpt>
      <trkpt lat="42.27648" lon="-70.86299">
        <ele>0.3</ele>
      </trkpt>
      <trkpt lat="42.27654" lon="-70.86305">
        <ele>0.3</ele>
      </trkpt>
      <trkpt lat="42.27656" lon="-70.86306">
        <ele>0.3</ele>
      </trkpt>
      <trkpt lat="42.27711" lon="-70.8636">
        <ele>0.2</ele>
      </trkpt>
      <trkpt lat="42.2775" lon="-70.864">
        <ele>0.2</ele>
      </trkpt>
      <trkpt lat="42.27798" lon="-70.86452">
        <ele>0.2</ele>
      </trkpt>
      <trkpt lat="42.27814" lon="-70.86472">
        <ele>1.0</ele>
      </trkpt>
      <trkpt lat="42.27878" lon="-70.86555">
        <ele>3.3</ele>
      </trkpt>
      <trkpt lat="42.27892" lon="-70.86572">
        <ele>3.3</ele>
      </trkpt>
      <trkpt lat="42.27912" lon="-70.86599">
        <ele>3.5</ele>
      </trkpt>
      <trkpt lat="42.27923" lon="-70.86613">
        <ele>3.5</ele>
      </trkpt>
      <trkpt lat="42.27929" lon="-70.86622">
        <ele>3.5</ele>
      </trkpt>
      <trkpt lat="42.27934" lon="-70.86629">
        <ele>3.5</ele>
      </trkpt>
      <trkpt lat="42.27939" lon="-70.86637">
        <ele>3.5</ele>
      </trkpt>
      <trkpt lat="42.2795" lon="-70.86656">
        <ele>3.4</ele>
      </trkpt>
      <trkpt lat="42.27959" lon="-70.86673">
        <ele>3.3</ele>
      </trkpt>
      <trkpt lat="42.27959" lon="-70.86673">
        <ele>3.3</ele>
      </trkpt>
      <trkpt lat="42.27988" lon="-70.86668">
        <ele>3.2</ele>
      </trkpt>
      <trkpt lat="42.27996" lon="-70.86667">
        <ele>3.1</ele>
      </trkpt>
      <trkpt lat="42.280029" lon="-70.86668">
        <ele>3.1</ele>
      </trkpt>
      <trkpt lat="42.28008" lon="-70.86669">
        <ele>3.0</ele>
      </trkpt>
      <trkpt lat="42.28011" lon="-70.8667">
        <ele>3.0</ele>
      </trkpt>
      <trkpt lat="42.28013" lon="-70.86672">
        <ele>3.0</ele>
      </trkpt>
      <trkpt lat="42.28016" lon="-70.866739">
        <ele>3.0</ele>
      </trkpt>
      <trkpt lat="42.28017" lon="-70.86676">
        <ele>3.0</ele>
      </trkpt>
      <trkpt lat="42.2802" lon="-70.86679">
        <ele>3.0</ele>
      </trkpt>
      <trkpt lat="42.28022" lon="-70.86682">
        <ele>3.0</ele>
      </trkpt>
      <trkpt lat="42.28027" lon="-70.86693">
        <ele>3.0</ele>
      </trkpt>
      <trkpt lat="42.28027" lon="-70.86693">
        <ele>3.0</ele>
      </trkpt>
      <trkpt lat="42.28053" lon="-70.86748">
        <ele>2.9</ele>
      </trkpt>
      <trkpt lat="42.28069" lon="-70.86778">
        <ele>2.9</ele>
      </trkpt>
      <trkpt lat="42.28082" lon="-70.86802">
        <ele>2.9</ele>
      </trkpt>
      <trkpt lat="42.28102" lon="-70.86835">
        <ele>2.9</ele>
      </trkpt>
      <trkpt lat="42.28111" lon="-70.8685">
        <ele>2.9</ele>
      </trkpt>
      <trkpt lat="42.28119" lon="-70.86862">
        <ele>2.9</ele>
      </trkpt>
      <trkpt lat="42.28128" lon="-70.86874">
        <ele>2.8</ele>
      </trkpt>
      <trkpt lat="42.28135" lon="-70.86882">
        <ele>2.9</ele>
      </trkpt>
      <trkpt lat="42.28152" lon="-70.86903">
        <ele>2.8</ele>
      </trkpt>
      <trkpt lat="42.28169" lon="-70.86922">
        <ele>2.8</ele>
      </trkpt>
      <trkpt lat="42.28179" lon="-70.86933">
        <ele>2.8</ele>
      </trkpt>
      <trkpt lat="42.28188" lon="-70.86942">
        <ele>2.8</ele>
      </trkpt>
      <trkpt lat="42.28217" lon="-70.86967">
        <ele>2.8</ele>
      </trkpt>
      <trkpt lat="42.28281" lon="-70.87023">
        <ele>2.8</ele>
      </trkpt>
      <trkpt lat="42.28292" lon="-70.87033">
        <ele>2.8</ele>
      </trkpt>
      <trkpt lat="42.28344" lon="-70.87079">
        <ele>2.8</ele>
      </trkpt>
      <trkpt lat="42.28395" lon="-70.87123">
        <ele>2.8</ele>
      </trkpt>
      <trkpt lat="42.28438" lon="-70.8716">
        <ele>2.8</ele>
      </trkpt>
      <trkpt lat="42.28492" lon="-70.87197">
        <ele>2.8</ele>
      </trkpt>
      <trkpt lat="42.28524" lon="-70.87217">
        <ele>2.8</ele>
      </trkpt>
      <trkpt lat="42.28608" lon="-70.87276">
        <ele>2.8</ele>
      </trkpt>
      <trkpt lat="42.28665" lon="-70.87315">
        <ele>2.9</ele>
      </trkpt>
      <trkpt lat="42.286969" lon="-70.87337">
        <ele>2.9</ele>
      </trkpt>
      <trkpt lat="42.28776" lon="-70.87391">
        <ele>2.8</ele>
      </trkpt>
      <trkpt lat="42.2882" lon="-70.87421">
        <ele>2.8</ele>
      </trkpt>
      <trkpt lat="42.2904" lon="-70.87559">
        <ele>3.3</ele>
      </trkpt>
      <trkpt lat="42.29149" lon="-70.87629">
        <ele>3.7</ele>
      </trkpt>
      <trkpt lat="42.29237" lon="-70.876859">
        <ele>3.6</ele>
      </trkpt>
      <trkpt lat="42.29265" lon="-70.877039">
        <ele>3.5</ele>
      </trkpt>
      <trkpt lat="42.29265" lon="-70.877039">
        <ele>3.5</ele>
      </trkpt>
      <trkpt lat="42.29277" lon="-70.87649">
        <ele>3.2</ele>
      </trkpt>
      <trkpt lat="42.2928" lon="-70.87639">
        <ele>3.1</ele>
      </trkpt>
      <trkpt lat="42.2928" lon="-70.87639">
        <ele>3.1</ele>
      </trkpt>
      <trkpt lat="42.29281" lon="-70.87635">
        <ele>3.0</ele>
      </trkpt>
      <trkpt lat="42.29282" lon="-70.87631">
        <ele>3.0</ele>
      </trkpt>
      <trkpt lat="42.29283" lon="-70.87629">
        <ele>3.0</ele>
      </trkpt>
      <trkpt lat="42.29283" lon="-70.87628">
        <ele>3.0</ele>
      </trkpt>
      <trkpt lat="42.29284" lon="-70.87627">
        <ele>2.9</ele>
      </trkpt>
      <trkpt lat="42.29285" lon="-70.87626">
        <ele>2.9</ele>
      </trkpt>
      <trkpt lat="42.29285" lon="-70.87625">
        <ele>2.9</ele>
      </trkpt>
      <trkpt lat="42.29286" lon="-70.87625">
        <ele>2.9</ele>
      </trkpt>
      <trkpt lat="42.29286" lon="-70.87624">
        <ele>2.9</ele>
      </trkpt>
      <trkpt lat="42.29287" lon="-70.87624">
        <ele>2.9</ele>
      </trkpt>
      <trkpt lat="42.292879" lon="-70.87624">
        <ele>2.9</ele>
      </trkpt>
      <trkpt lat="42.29289" lon="-70.87624">
        <ele>2.9</ele>
      </trkpt>
      <trkpt lat="42.2929" lon="-70.87624">
        <ele>2.9</ele>
      </trkpt>
      <trkpt lat="42.29291" lon="-70.87625">
        <ele>2.9</ele>
      </trkpt>
      <trkpt lat="42.29292" lon="-70.87625">
        <ele>2.9</ele>
      </trkpt>
      <trkpt lat="42.29293" lon="-70.87626">
        <ele>2.9</ele>
      </trkpt>
      <trkpt lat="42.29296" lon="-70.87628">
        <ele>3.0</ele>
      </trkpt>
      <trkpt lat="42.2932" lon="-70.87645">
        <ele>3.0</ele>
      </trkpt>
      <trkpt lat="42.29346" lon="-70.87663">
        <ele>2.9</ele>
      </trkpt>
      <trkpt lat="42.29375" lon="-70.87682">
        <ele>3.0</ele>
      </trkpt>
      <trkpt lat="42.29401" lon="-70.87701">
        <ele>3.0</ele>
      </trkpt>
      <trkpt lat="42.29455" lon="-70.87738">
        <ele>3.0</ele>
      </trkpt>
      <trkpt lat="42.29482" lon="-70.87755">
        <ele>3.0</ele>
      </trkpt>
      <trkpt lat="42.2951" lon="-70.87775">
        <ele>3.0</ele>
      </trkpt>
      <trkpt lat="42.29566" lon="-70.87813">
        <ele>3.0</ele>
      </trkpt>
      <trkpt lat="42.2962" lon="-70.8785">
        <ele>3.1</ele>
      </trkpt>
      <trkpt lat="42.29676" lon="-70.87889">
        <ele>3.2</ele>
      </trkpt>
      <trkpt lat="42.29699" lon="-70.87904">
        <ele>3.2</ele>
      </trkpt>
      <trkpt lat="42.2973" lon="-70.87925">
        <ele>3.1</ele>
      </trkpt>
      <trkpt lat="42.297849" lon="-70.87961">
        <ele>3.1</ele>
      </trkpt>
      <trkpt lat="42.2983" lon="-70.87992">
        <ele>3.2</ele>
      </trkpt>
      <trkpt lat="42.29836" lon="-70.87998">
        <ele>3.2</ele>
      </trkpt>
      <trkpt lat="42.29837" lon="-70.88001">
        <ele>3.2</ele>
      </trkpt>
      <trkpt lat="42.29837" lon="-70.880039">
        <ele>3.2</ele>
      </trkpt>
      <trkpt lat="42.29835" lon="-70.8802">
        <ele>3.2</ele>
      </trkpt>
      <trkpt lat="42.29831" lon="-70.88036">
        <ele>3.2</ele>
      </trkpt>
      <trkpt lat="42.298229" lon="-70.88065">
        <ele>3.2</ele>
      </trkpt>
      <trkpt lat="42.298229" lon="-70.88065">
        <ele>3.2</ele>
      </trkpt>
      <trkpt lat="42.2982" lon="-70.88084">
        <ele>3.1</ele>
      </trkpt>
      <trkpt lat="42.29798" lon="-70.881829">
        <ele>2.7</ele>
      </trkpt>
      <trkpt lat="42.29798" lon="-70.881829">
        <ele>2.7</ele>
      </trkpt>
      <trkpt lat="42.29857" lon="-70.88208">
        <ele>2.7</ele>
      </trkpt>
      <trkpt lat="42.299079" lon="-70.88228">
        <ele>2.7</ele>
      </trkpt>
      <trkpt lat="42.29915" lon="-70.88231">
        <ele>2.7</ele>
      </trkpt>
      <trkpt lat="42.29972" lon="-70.88254">
        <ele>2.9</ele>
      </trkpt>
      <trkpt lat="42.3003" lon="-70.88278">
        <ele>2.9</ele>
      </trkpt>
      <trkpt lat="42.30081" lon="-70.88299">
        <ele>2.9</ele>
      </trkpt>
      <trkpt lat="42.30088" lon="-70.88302">
        <ele>3.0</ele>
      </trkpt>
      <trkpt lat="42.30146" lon="-70.88326">
        <ele>3.2</ele>
      </trkpt>
      <trkpt lat="42.30204" lon="-70.8835">
        <ele>4.0</ele>
      </trkpt>
      <trkpt lat="42.30262" lon="-70.88373">
        <ele>4.6</ele>
      </trkpt>
      <trkpt lat="42.30321" lon="-70.88397">
        <ele>4.7</ele>
      </trkpt>
      <trkpt lat="42.30379" lon="-70.88421">
        <ele>4.1</ele>
      </trkpt>
      <trkpt lat="42.30393" lon="-70.88426">
        <ele>3.9</ele>
      </trkpt>
      <trkpt lat="42.304" lon="-70.884289">
        <ele>3.8</ele>
      </trkpt>
      <trkpt lat="42.30406" lon="-70.88431">
        <ele>3.8</ele>
      </trkpt>
      <trkpt lat="42.30408" lon="-70.88432">
        <ele>3.7</ele>
      </trkpt>
      <trkpt lat="42.3041" lon="-70.88433">
        <ele>3.7</ele>
      </trkpt>
      <trkpt lat="42.30412" lon="-70.88435">
        <ele>3.7</ele>
      </trkpt>
      <trkpt lat="42.30413" lon="-70.88436">
        <ele>3.7</ele>
      </trkpt>
      <trkpt lat="42.30415" lon="-70.88437">
        <ele>3.6</ele>
      </trkpt>
      <trkpt lat="42.30417" lon="-70.884379">
        <ele>3.6</ele>
      </trkpt>
      <trkpt lat="42.30418" lon="-70.88439">
        <ele>3.6</ele>
      </trkpt>
      <trkpt lat="42.30422" lon="-70.88443">
        <ele>3.5</ele>
      </trkpt>
      <trkpt lat="42.30433" lon="-70.88453">
        <ele>3.4</ele>
      </trkpt>
      <trkpt lat="42.30435" lon="-70.884559">
        <ele>3.3</ele>
      </trkpt>
      <trkpt lat="42.30443" lon="-70.884649">
        <ele>3.3</ele>
      </trkpt>
      <trkpt lat="42.30446" lon="-70.88468">
        <ele>3.3</ele>
      </trkpt>
      <trkpt lat="42.30454" lon="-70.88477">
        <ele>3.3</ele>
      </trkpt>
      <trkpt lat="42.30468" lon="-70.884919">
        <ele>3.3</ele>
      </trkpt>
      <trkpt lat="42.30478" lon="-70.88503">
        <ele>3.4</ele>
      </trkpt>
      <trkpt lat="42.30491" lon="-70.88519">
        <ele>3.6</ele>
      </trkpt>
      <trkpt lat="42.30491" lon="-70.88519">
        <ele>3.6</ele>
      </trkpt>
      <trkpt lat="42.30496" lon="-70.88537">
        <ele>3.5</ele>
      </trkpt>
      <trkpt lat="42.30498" lon="-70.88545">
        <ele>3.4</ele>
      </trkpt>
      <trkpt lat="42.305" lon="-70.88555">
        <ele>3.2</ele>
      </trkpt>
      <trkpt lat="42.30502" lon="-70.88566">
        <ele>3.1</ele>
      </trkpt>
      <trkpt lat="42.30503" lon="-70.88572">
        <ele>3.0</ele>
      </trkpt>
      <trkpt lat="42.30504" lon="-70.88582">
        <ele>2.8</ele>
      </trkpt>
      <trkpt lat="42.30506" lon="-70.88603">
        <ele>2.4</ele>
      </trkpt>
      <trkpt lat="42.30507" lon="-70.8862">
        <ele>2.3</ele>
      </trkpt>
      <trkpt lat="42.30507" lon="-70.88646">
        <ele>2.3</ele>
      </trkpt>
      <trkpt lat="42.305079" lon="-70.88686">
        <ele>1.9</ele>
      </trkpt>
      <trkpt lat="42.30509" lon="-70.887">
        <ele>1.8</ele>
      </trkpt>
      <trkpt lat="42.3051" lon="-70.88717">
        <ele>1.6</ele>
      </trkpt>
      <trkpt lat="42.30512" lon="-70.887289">
        <ele>1.8</ele>
      </trkpt>
      <trkpt lat="42.30515" lon="-70.88749">
        <ele>1.9</ele>
      </trkpt>
      <trkpt lat="42.305169" lon="-70.88761">
        <ele>1.9</ele>
      </trkpt>
      <trkpt lat="42.30521" lon="-70.88776">
        <ele>2.2</ele>
      </trkpt>
      <trkpt lat="42.30524" lon="-70.88788">
        <ele>2.4</ele>
      </trkpt>
      <trkpt lat="42.30529" lon="-70.88804">
        <ele>2.6</ele>
      </trkpt>
      <trkpt lat="42.30534" lon="-70.88817">
        <ele>2.8</ele>
      </trkpt>
      <trkpt lat="42.3054" lon="-70.888319">
        <ele>2.9</ele>
      </trkpt>
      <trkpt lat="42.30547" lon="-70.88846">
        <ele>3.1</ele>
      </trkpt>
      <trkpt lat="42.30552" lon="-70.88857">
        <ele>2.9</ele>
      </trkpt>
      <trkpt lat="42.30559" lon="-70.88869">
        <ele>2.8</ele>
      </trkpt>
      <trkpt lat="42.30566" lon="-70.88882">
        <ele>2.6</ele>
      </trkpt>
      <trkpt lat="42.30572" lon="-70.8889">
        <ele>2.6</ele>
      </trkpt>
      <trkpt lat="42.30577" lon="-70.88898">
        <ele>2.5</ele>
      </trkpt>
      <trkpt lat="42.30588" lon="-70.88912">
        <ele>2.5</ele>
      </trkpt>
      <trkpt lat="42.30595" lon="-70.8892">
        <ele>2.4</ele>
      </trkpt>
      <trkpt lat="42.30603" lon="-70.88929">
        <ele>2.4</ele>
      </trkpt>
      <trkpt lat="42.306109" lon="-70.88937">
        <ele>2.5</ele>
      </trkpt>
      <trkpt lat="42.30619" lon="-70.88946">
        <ele>2.4</ele>
      </trkpt>
      <trkpt lat="42.30629" lon="-70.88954">
        <ele>2.6</ele>
      </trkpt>
      <trkpt lat="42.30638" lon="-70.88961">
        <ele>2.8</ele>
      </trkpt>
      <trkpt lat="42.30647" lon="-70.88969">
        <ele>2.8</ele>
      </trkpt>
      <trkpt lat="42.30656" lon="-70.88976">
        <ele>3.0</ele>
      </trkpt>
      <trkpt lat="42.30671" lon="-70.88988">
        <ele>3.1</ele>
      </trkpt>
      <trkpt lat="42.30677" lon="-70.88995">
        <ele>2.7</ele>
      </trkpt>
      <trkpt lat="42.30683" lon="-70.89002">
        <ele>2.2</ele>
      </trkpt>
      <trkpt lat="42.3069" lon="-70.89011">
        <ele>1.8</ele>
      </trkpt>
      <trkpt lat="42.30698" lon="-70.89023">
        <ele>1.6</ele>
      </trkpt>
      <trkpt lat="42.307049" lon="-70.89035">
        <ele>2.3</ele>
      </trkpt>
      <trkpt lat="42.30708" lon="-70.89042">
        <ele>2.4</ele>
      </trkpt>
      <trkpt lat="42.30713" lon="-70.89052">
        <ele>2.5</ele>
      </trkpt>
      <trkpt lat="42.30715" lon="-70.89058">
        <ele>2.5</ele>
      </trkpt>
      <trkpt lat="42.30717" lon="-70.89063">
        <ele>2.7</ele>
      </trkpt>
      <trkpt lat="42.30719" lon="-70.89071">
        <ele>2.7</ele>
      </trkpt>
      <trkpt lat="42.30724" lon="-70.89088">
        <ele>2.7</ele>
      </trkpt>
      <trkpt lat="42.30728" lon="-70.8911">
        <ele>2.7</ele>
      </trkpt>
      <trkpt lat="42.3073" lon="-70.89121">
        <ele>2.6</ele>
      </trkpt>
      <trkpt lat="42.30731" lon="-70.89129">
        <ele>2.6</ele>
      </trkpt>
      <trkpt lat="42.30732" lon="-70.89135">
        <ele>2.6</ele>
      </trkpt>
      <trkpt lat="42.30732" lon="-70.89139">
        <ele>2.6</ele>
      </trkpt>
      <trkpt lat="42.30733" lon="-70.89144">
        <ele>2.6</ele>
      </trkpt>
      <trkpt lat="42.30733" lon="-70.89151">
        <ele>2.6</ele>
      </trkpt>
      <trkpt lat="42.30733" lon="-70.891589">
        <ele>2.6</ele>
      </trkpt>
      <trkpt lat="42.30734" lon="-70.89167">
        <ele>2.6</ele>
      </trkpt>
      <trkpt lat="42.30733" lon="-70.8918">
        <ele>2.6</ele>
      </trkpt>
      <trkpt lat="42.30733" lon="-70.89191">
        <ele>2.5</ele>
      </trkpt>
      <trkpt lat="42.30733" lon="-70.89202">
        <ele>2.5</ele>
      </trkpt>
      <trkpt lat="42.30732" lon="-70.89212">
        <ele>2.5</ele>
      </trkpt>
      <trkpt lat="42.3073" lon="-70.892259">
        <ele>2.3</ele>
      </trkpt>
      <trkpt lat="42.30729" lon="-70.892349">
        <ele>2.3</ele>
      </trkpt>
      <trkpt lat="42.30728" lon="-70.892439">
        <ele>2.2</ele>
      </trkpt>
      <trkpt lat="42.30725" lon="-70.89256">
        <ele>1.9</ele>
      </trkpt>
      <trkpt lat="42.307229" lon="-70.89265">
        <ele>1.7</ele>
      </trkpt>
      <trkpt lat="42.30721" lon="-70.89273">
        <ele>1.6</ele>
      </trkpt>
      <trkpt lat="42.30719" lon="-70.8928">
        <ele>1.4</ele>
      </trkpt>
      <trkpt lat="42.30717" lon="-70.89287">
        <ele>1.3</ele>
      </trkpt>
      <trkpt lat="42.30715" lon="-70.89294">
        <ele>1.2</ele>
      </trkpt>
      <trkpt lat="42.30711" lon="-70.89305">
        <ele>1.1</ele>
      </trkpt>
      <trkpt lat="42.30704" lon="-70.89325">
        <ele>0.9</ele>
      </trkpt>
      <trkpt lat="42.30697" lon="-70.8934">
        <ele>1.0</ele>
      </trkpt>
      <trkpt lat="42.30694" lon="-70.89346">
        <ele>1.0</ele>
      </trkpt>
      <trkpt lat="42.30687" lon="-70.89364">
        <ele>1.1</ele>
      </trkpt>
      <trkpt lat="42.30687" lon="-70.89364">
        <ele>1.1</ele>
      </trkpt>
      <trkpt lat="42.30664" lon="-70.89392">
        <ele>1.9</ele>
      </trkpt>
      <trkpt lat="42.30652" lon="-70.89407">
        <ele>1.8</ele>
      </trkpt>
      <trkpt lat="42.30621" lon="-70.8944">
        <ele>1.8</ele>
      </trkpt>
      <trkpt lat="42.30617" lon="-70.89445">
        <ele>1.8</ele>
      </trkpt>
      <trkpt lat="42.30614" lon="-70.89448">
        <ele>1.8</ele>
      </trkpt>
      <trkpt lat="42.306109" lon="-70.89451">
        <ele>1.9</ele>
      </trkpt>
      <trkpt lat="42.30606" lon="-70.89458">
        <ele>1.9</ele>
      </trkpt>
      <trkpt lat="42.30601" lon="-70.89464">
        <ele>1.9</ele>
      </trkpt>
      <trkpt lat="42.30596" lon="-70.89473">
        <ele>1.9</ele>
      </trkpt>
      <trkpt lat="42.30592" lon="-70.8948">
        <ele>2.0</ele>
      </trkpt>
      <trkpt lat="42.30587" lon="-70.89489">
        <ele>2.1</ele>
      </trkpt>
      <trkpt lat="42.30581" lon="-70.89501">
        <ele>2.2</ele>
      </trkpt>
      <trkpt lat="42.30578" lon="-70.89509">
        <ele>2.3</ele>
      </trkpt>
      <trkpt lat="42.30576" lon="-70.89514">
        <ele>2.3</ele>
      </trkpt>
      <trkpt lat="42.30574" lon="-70.8952">
        <ele>2.3</ele>
      </trkpt>
      <trkpt lat="42.30571" lon="-70.89527">
        <ele>2.2</ele>
      </trkpt>
      <trkpt lat="42.30569" lon="-70.89536">
        <ele>2.1</ele>
      </trkpt>
      <trkpt lat="42.30567" lon="-70.89542">
        <ele>2.1</ele>
      </trkpt>
      <trkpt lat="42.305639" lon="-70.895529">
        <ele>2.0</ele>
      </trkpt>
      <trkpt lat="42.30563" lon="-70.89559">
        <ele>1.9</ele>
      </trkpt>
      <trkpt lat="42.3056" lon="-70.89569">
        <ele>2.0</ele>
      </trkpt>
      <trkpt lat="42.30558" lon="-70.8958">
        <ele>2.0</ele>
      </trkpt>
      <trkpt lat="42.30557" lon="-70.89591">
        <ele>1.9</ele>
      </trkpt>
      <trkpt lat="42.30554" lon="-70.89605">
        <ele>2.0</ele>
      </trkpt>
      <trkpt lat="42.30553" lon="-70.89617">
        <ele>2.0</ele>
      </trkpt>
      <trkpt lat="42.30552" lon="-70.89626">
        <ele>2.0</ele>
      </trkpt>
      <trkpt lat="42.30551" lon="-70.896379">
        <ele>2.0</ele>
      </trkpt>
      <trkpt lat="42.3055" lon="-70.89646">
        <ele>2.1</ele>
      </trkpt>
      <trkpt lat="42.3055" lon="-70.89652">
        <ele>2.1</ele>
      </trkpt>
      <trkpt lat="42.3055" lon="-70.89664">
        <ele>2.1</ele>
      </trkpt>
      <trkpt lat="42.3055" lon="-70.89673">
        <ele>2.1</ele>
      </trkpt>
      <trkpt lat="42.3055" lon="-70.89683">
        <ele>2.1</ele>
      </trkpt>
      <trkpt lat="42.30551" lon="-70.89693">
        <ele>2.1</ele>
      </trkpt>
      <trkpt lat="42.30552" lon="-70.8971">
        <ele>2.1</ele>
      </trkpt>
      <trkpt lat="42.305549" lon="-70.89733">
        <ele>2.0</ele>
      </trkpt>
      <trkpt lat="42.30558" lon="-70.8976">
        <ele>2.0</ele>
      </trkpt>
      <trkpt lat="42.30558" lon="-70.89771">
        <ele>2.0</ele>
      </trkpt>
      <trkpt lat="42.30559" lon="-70.89781">
        <ele>2.0</ele>
      </trkpt>
      <trkpt lat="42.30559" lon="-70.89788">
        <ele>2.0</ele>
      </trkpt>
      <trkpt lat="42.30559" lon="-70.898169">
        <ele>2.1</ele>
      </trkpt>
      <trkpt lat="42.30559" lon="-70.898169">
        <ele>2.1</ele>
      </trkpt>
      <trkpt lat="42.305549" lon="-70.89833">
        <ele>2.2</ele>
      </trkpt>
      <trkpt lat="42.30552" lon="-70.89842">
        <ele>1.8</ele>
      </trkpt>
      <trkpt lat="42.30551" lon="-70.89847">
        <ele>1.4</ele>
      </trkpt>
      <trkpt lat="42.30549" lon="-70.89852">
        <ele>0.8</ele>
      </trkpt>
      <trkpt lat="42.305459" lon="-70.89859">
        <ele>0.4</ele>
      </trkpt>
      <trkpt lat="42.30545" lon="-70.898619">
        <ele>0.3</ele>
      </trkpt>
      <trkpt lat="42.30542" lon="-70.89868">
        <ele>0.2</ele>
      </trkpt>
      <trkpt lat="42.30539" lon="-70.89872">
        <ele>0.1</ele>
      </trkpt>
      <trkpt lat="42.30537" lon="-70.89876">
        <ele>0.1</ele>
      </trkpt>
      <trkpt lat="42.30535" lon="-70.89879">
        <ele>0.1</ele>
      </trkpt>
      <trkpt lat="42.30524" lon="-70.89894">
        <ele>0.2</ele>
      </trkpt>
      <trkpt lat="42.304519" lon="-70.89963">
        <ele>1.0</ele>
      </trkpt>
      <trkpt lat="42.30442" lon="-70.89972">
        <ele>1.4</ele>
      </trkpt>
      <trkpt lat="42.30427" lon="-70.89986">
        <ele>1.5</ele>
      </trkpt>
      <trkpt lat="42.30422" lon="-70.89991">
        <ele>1.5</ele>
      </trkpt>
      <trkpt lat="42.304049" lon="-70.90008">
        <ele>1.3</ele>
      </trkpt>
      <trkpt lat="42.304" lon="-70.900139">
        <ele>1.3</ele>
      </trkpt>
      <trkpt lat="42.303959" lon="-70.90018">
        <ele>1.3</ele>
      </trkpt>
      <trkpt lat="42.30392" lon="-70.90024">
        <ele>1.4</ele>
      </trkpt>
      <trkpt lat="42.30388" lon="-70.90029">
        <ele>1.3</ele>
      </trkpt>
      <trkpt lat="42.30383" lon="-70.90036">
        <ele>1.2</ele>
      </trkpt>
      <trkpt lat="42.30377" lon="-70.90047">
        <ele>1.4</ele>
      </trkpt>
      <trkpt lat="42.30374" lon="-70.90052">
        <ele>1.4</ele>
      </trkpt>
      <trkpt lat="42.3037" lon="-70.9006">
        <ele>1.4</ele>
      </trkpt>
      <trkpt lat="42.30365" lon="-70.9007">
        <ele>1.4</ele>
      </trkpt>
      <trkpt lat="42.30364" lon="-70.90074">
        <ele>1.6</ele>
      </trkpt>
      <trkpt lat="42.30361" lon="-70.90081">
        <ele>1.6</ele>
      </trkpt>
      <trkpt lat="42.30354" lon="-70.901">
        <ele>2.0</ele>
      </trkpt>
      <trkpt lat="42.30345" lon="-70.90128">
        <ele>2.3</ele>
      </trkpt>
      <trkpt lat="42.30326" lon="-70.90187">
        <ele>2.6</ele>
      </trkpt>
      <trkpt lat="42.30312" lon="-70.90231">
        <ele>2.8</ele>
      </trkpt>
      <trkpt lat="42.303019" lon="-70.9026">
        <ele>3.1</ele>
      </trkpt>
      <trkpt lat="42.30293" lon="-70.902869">
        <ele>3.3</ele>
      </trkpt>
      <trkpt lat="42.30287" lon="-70.903049">
        <ele>3.3</ele>
      </trkpt>
      <trkpt lat="42.30283" lon="-70.903139">
        <ele>2.9</ele>
      </trkpt>
      <trkpt lat="42.3028" lon="-70.90324">
        <ele>2.5</ele>
      </trkpt>
      <trkpt lat="42.30277" lon="-70.90335">
        <ele>2.3</ele>
      </trkpt>
      <trkpt lat="42.30272" lon="-70.90357">
        <ele>2.3</ele>
      </trkpt>
      <trkpt lat="42.30268" lon="-70.90379">
        <ele>2.6</ele>
      </trkpt>
      <trkpt lat="42.3026" lon="-70.90424">
        <ele>2.4</ele>
      </trkpt>
      <trkpt lat="42.30252" lon="-70.90471">
        <ele>2.5</ele>
      </trkpt>
      <trkpt lat="42.30247" lon="-70.905019">
        <ele>2.5</ele>
      </trkpt>
      <trkpt lat="42.30244" lon="-70.90515">
        <ele>2.3</ele>
      </trkpt>
      <trkpt lat="42.30243" lon="-70.90523">
        <ele>2.4</ele>
      </trkpt>
      <trkpt lat="42.30241" lon="-70.90541">
        <ele>2.6</ele>
      </trkpt>
      <trkpt lat="42.30242" lon="-70.90559">
        <ele>3.2</ele>
      </trkpt>
      <trkpt lat="42.30242" lon="-70.90567">
        <ele>3.3</ele>
      </trkpt>
      <trkpt lat="42.30242" lon="-70.90573">
        <ele>3.4</ele>
      </trkpt>
      <trkpt lat="42.30244" lon="-70.90591">
        <ele>3.8</ele>
      </trkpt>
      <trkpt lat="42.30244" lon="-70.90591">
        <ele>3.8</ele>
      </trkpt>
      <trkpt lat="42.30241" lon="-70.90618">
        <ele>4.2</ele>
      </trkpt>
      <trkpt lat="42.30238" lon="-70.90637">
        <ele>4.5</ele>
      </trkpt>
      <trkpt lat="42.30238" lon="-70.90646">
        <ele>4.7</ele>
      </trkpt>
      <trkpt lat="42.30238" lon="-70.90649">
        <ele>4.8</ele>
      </trkpt>
      <trkpt lat="42.30238" lon="-70.90653">
        <ele>4.9</ele>
      </trkpt>
      <trkpt lat="42.30238" lon="-70.90654">
        <ele>4.9</ele>
      </trkpt>
      <trkpt lat="42.30238" lon="-70.90656">
        <ele>5.0</ele>
      </trkpt>
      <trkpt lat="42.30241" lon="-70.90664">
        <ele>5.1</ele>
      </trkpt>
      <trkpt lat="42.30257" lon="-70.90695">
        <ele>6.2</ele>
      </trkpt>
      <trkpt lat="42.30262" lon="-70.90707">
        <ele>6.5</ele>
      </trkpt>
      <trkpt lat="42.30271" lon="-70.907259">
        <ele>6.6</ele>
      </trkpt>
      <trkpt lat="42.30288" lon="-70.90763">
        <ele>6.7</ele>
      </trkpt>
      <trkpt lat="42.30297" lon="-70.90787">
        <ele>6.7</ele>
      </trkpt>
      <trkpt lat="42.30319" lon="-70.908289">
        <ele>6.4</ele>
      </trkpt>
      <trkpt lat="42.3033" lon="-70.9085">
        <ele>6.3</ele>
      </trkpt>
      <trkpt lat="42.3034" lon="-70.90874">
        <ele>6.3</ele>
      </trkpt>
      <trkpt lat="42.303489" lon="-70.90903">
        <ele>6.3</ele>
      </trkpt>
      <trkpt lat="42.30357" lon="-70.90929">
        <ele>5.6</ele>
      </trkpt>
      <trkpt lat="42.30364" lon="-70.90952">
        <ele>5.0</ele>
      </trkpt>
      <trkpt lat="42.303669" lon="-70.90961">
        <ele>4.9</ele>
      </trkpt>
      <trkpt lat="42.30373" lon="-70.90986">
        <ele>4.6</ele>
      </trkpt>
      <trkpt lat="42.303759" lon="-70.91006">
        <ele>4.5</ele>
      </trkpt>
      <trkpt lat="42.30378" lon="-70.91024">
        <ele>4.5</ele>
      </trkpt>
      <trkpt lat="42.30379" lon="-70.91033">
        <ele>4.4</ele>
      </trkpt>
      <trkpt lat="42.30377" lon="-70.91064">
        <ele>4.6</ele>
      </trkpt>
      <trkpt lat="42.30373" lon="-70.911019">
        <ele>5.1</ele>
      </trkpt>
      <trkpt lat="42.30368" lon="-70.91163">
        <ele>5.1</ele>
      </trkpt>
      <trkpt lat="42.30361" lon="-70.91233">
        <ele>5.0</ele>
      </trkpt>
      <trkpt lat="42.30351" lon="-70.913169">
        <ele>4.5</ele>
      </trkpt>
      <trkpt lat="42.30351" lon="-70.9133">
        <ele>4.3</ele>
      </trkpt>
      <trkpt lat="42.30351" lon="-70.91335">
        <ele>4.2</ele>
      </trkpt>
      <trkpt lat="42.30352" lon="-70.91338">
        <ele>4.1</ele>
      </trkpt>
      <trkpt lat="42.30353" lon="-70.91342">
        <ele>4.0</ele>
      </trkpt>
      <trkpt lat="42.30357" lon="-70.91352">
        <ele>3.6</ele>
      </trkpt>
      <trkpt lat="42.30361" lon="-70.91358">
        <ele>3.4</ele>
      </trkpt>
      <trkpt lat="42.30366" lon="-70.91365">
        <ele>3.2</ele>
      </trkpt>
      <trkpt lat="42.30372" lon="-70.91377">
        <ele>3.1</ele>
      </trkpt>
      <trkpt lat="42.30377" lon="-70.91385">
        <ele>3.0</ele>
      </trkpt>
      <trkpt lat="42.30382" lon="-70.91392">
        <ele>2.9</ele>
      </trkpt>
      <trkpt lat="42.30394" lon="-70.91415">
        <ele>1.8</ele>
      </trkpt>
      <trkpt lat="42.30407" lon="-70.91454">
        <ele>0.5</ele>
      </trkpt>
      <trkpt lat="42.304229" lon="-70.91499">
        <ele>0.4</ele>
      </trkpt>
      <trkpt lat="42.30445" lon="-70.915629">
        <ele>0.8</ele>
      </trkpt>
      <trkpt lat="42.30474" lon="-70.91647">
        <ele>1.4</ele>
      </trkpt>
      <trkpt lat="42.30477" lon="-70.916569">
        <ele>1.4</ele>
      </trkpt>
      <trkpt lat="42.3048" lon="-70.91669">
        <ele>1.5</ele>
      </trkpt>
      <trkpt lat="42.3048" lon="-70.91672">
        <ele>1.4</ele>
      </trkpt>
      <trkpt lat="42.30482" lon="-70.91683">
        <ele>1.5</ele>
      </trkpt>
      <trkpt lat="42.30483" lon="-70.917">
        <ele>1.4</ele>
      </trkpt>
      <trkpt lat="42.30484" lon="-70.91708">
        <ele>1.4</ele>
      </trkpt>
      <trkpt lat="42.30484" lon="-70.91718">
        <ele>1.4</ele>
      </trkpt>
      <trkpt lat="42.30483" lon="-70.91734">
        <ele>1.3</ele>
      </trkpt>
      <trkpt lat="42.3048" lon="-70.91748">
        <ele>1.1</ele>
      </trkpt>
      <trkpt lat="42.30478" lon="-70.91759">
        <ele>1.1</ele>
      </trkpt>
      <trkpt lat="42.30474" lon="-70.91779">
        <ele>0.9</ele>
      </trkpt>
      <trkpt lat="42.30467" lon="-70.91806">
        <ele>0.6</ele>
      </trkpt>
      <trkpt lat="42.30463" lon="-70.91819">
        <ele>0.5</ele>
      </trkpt>
      <trkpt lat="42.30456" lon="-70.9184">
        <ele>0.3</ele>
      </trkpt>
      <trkpt lat="42.30447" lon="-70.9187">
        <ele>0.2</ele>
      </trkpt>
      <trkpt lat="42.3044" lon="-70.91885">
        <ele>0.1</ele>
      </trkpt>
      <trkpt lat="42.30435" lon="-70.91896">
        <ele>0.1</ele>
      </trkpt>
      <trkpt lat="42.30424" lon="-70.91917">
        <ele>0.1</ele>
      </trkpt>
      <trkpt lat="42.30424" lon="-70.91917">
        <ele>0.1</ele>
      </trkpt>
      <trkpt lat="42.30409" lon="-70.91936">
        <ele>0.2</ele>
      </trkpt>
      <trkpt lat="42.30402" lon="-70.91946"/>
      <trkpt lat="42.303959" lon="-70.91954">
        <ele>0.1</ele>
      </trkpt>
      <trkpt lat="42.30382" lon="-70.91974">
        <ele>0.1</ele>
      </trkpt>
      <trkpt lat="42.30373" lon="-70.91985">
        <ele>0.1</ele>
      </trkpt>
      <trkpt lat="42.30364" lon="-70.92">
        <ele>0.3</ele>
      </trkpt>
      <trkpt lat="42.30354" lon="-70.92016">
        <ele>0.4</ele>
      </trkpt>
      <trkpt lat="42.3035" lon="-70.92024">
        <ele>0.4</ele>
      </trkpt>
      <trkpt lat="42.30347" lon="-70.9203">
        <ele>0.3</ele>
      </trkpt>
      <trkpt lat="42.30336" lon="-70.92063">
        <ele>0.3</ele>
      </trkpt>
      <trkpt lat="42.30331" lon="-70.92088">
        <ele>0.4</ele>
      </trkpt>
      <trkpt lat="42.30326" lon="-70.92116">
        <ele>0.3</ele>
      </trkpt>
      <trkpt lat="42.30324" lon="-70.92138">
        <ele>0.3</ele>
      </trkpt>
      <trkpt lat="42.30324" lon="-70.92161">
        <ele>0.5</ele>
      </trkpt>
      <trkpt lat="42.30324" lon="-70.92187">
        <ele>0.5</ele>
      </trkpt>
      <trkpt lat="42.30326" lon="-70.92201">
        <ele>0.5</ele>
      </trkpt>
      <trkpt lat="42.303289" lon="-70.92214">
        <ele>0.5</ele>
      </trkpt>
      <trkpt lat="42.30333" lon="-70.92222">
        <ele>0.5</ele>
      </trkpt>
      <trkpt lat="42.30337" lon="-70.92228">
        <ele>0.5</ele>
      </trkpt>
      <trkpt lat="42.30344" lon="-70.92236">
        <ele>0.5</ele>
      </trkpt>
      <trkpt lat="42.30351" lon="-70.92243">
        <ele>0.4</ele>
      </trkpt>
      <trkpt lat="42.303537" lon="-70.922444">
        <ele>0.4</ele>
      </trkpt>
      <trkpt lat="42.30357" lon="-70.92246">
        <ele>0.4</ele>
      </trkpt>
      <trkpt lat="42.3036" lon="-70.92247">
        <ele>0.4</ele>
      </trkpt>
      <trkpt lat="42.30365" lon="-70.92247">
        <ele>0.4</ele>
      </trkpt>
      <trkpt lat="42.30372" lon="-70.922479">
        <ele>0.4</ele>
      </trkpt>
      <trkpt lat="42.30379" lon="-70.92247">
        <ele>0.4</ele>
      </trkpt>
      <trkpt lat="42.30386" lon="-70.92244">
        <ele>0.4</ele>
      </trkpt>
      <trkpt lat="42.304" lon="-70.92237">
        <ele>0.5</ele>
      </trkpt>
      <trkpt lat="42.30412" lon="-70.9223">
        <ele>0.6</ele>
      </trkpt>
      <trkpt lat="42.304" lon="-70.92237">
        <ele>0.5</ele>
      </trkpt>
      <trkpt lat="42.30386" lon="-70.92244">
        <ele>0.4</ele>
      </trkpt>
      <trkpt lat="42.30379" lon="-70.92247">
        <ele>0.4</ele>
      </trkpt>
      <trkpt lat="42.30372" lon="-70.922479">
        <ele>0.4</ele>
      </trkpt>
      <trkpt lat="42.30365" lon="-70.92247">
        <ele>0.4</ele>
      </trkpt>
      <trkpt lat="42.3036" lon="-70.92247">
        <ele>0.4</ele>
      </trkpt>
      <trkpt lat="42.30357" lon="-70.92246">
        <ele>0.4</ele>
      </trkpt>
      <trkpt lat="42.30351" lon="-70.92243">
        <ele>0.4</ele>
      </trkpt>
      <trkpt lat="42.30344" lon="-70.92236">
        <ele>0.5</ele>
      </trkpt>
      <trkpt lat="42.30337" lon="-70.92228">
        <ele>0.5</ele>
      </trkpt>
      <trkpt lat="42.30333" lon="-70.92222">
        <ele>0.5</ele>
      </trkpt>
      <trkpt lat="42.303289" lon="-70.92214">
        <ele>0.5</ele>
      </trkpt>
      <trkpt lat="42.30326" lon="-70.92201">
        <ele>0.5</ele>
      </trkpt>
      <trkpt lat="42.30324" lon="-70.92187">
        <ele>0.5</ele>
      </trkpt>
      <trkpt lat="42.30324" lon="-70.92161">
        <ele>0.5</ele>
      </trkpt>
      <trkpt lat="42.30324" lon="-70.92138">
        <ele>0.3</ele>
      </trkpt>
      <trkpt lat="42.30326" lon="-70.92116">
        <ele>0.3</ele>
      </trkpt>
      <trkpt lat="42.30331" lon="-70.92088">
        <ele>0.4</ele>
      </trkpt>
      <trkpt lat="42.30336" lon="-70.92063">
        <ele>0.3</ele>
      </trkpt>
      <trkpt lat="42.30347" lon="-70.9203">
        <ele>0.3</ele>
      </trkpt>
      <trkpt lat="42.3035" lon="-70.92024">
        <ele>0.4</ele>
      </trkpt>
      <trkpt lat="42.30354" lon="-70.92016">
        <ele>0.4</ele>
      </trkpt>
      <trkpt lat="42.30364" lon="-70.92">
        <ele>0.3</ele>
      </trkpt>
      <trkpt lat="42.30373" lon="-70.91985">
        <ele>0.1</ele>
      </trkpt>
      <trkpt lat="42.30382" lon="-70.91974">
        <ele>0.1</ele>
      </trkpt>
      <trkpt lat="42.303959" lon="-70.91954">
        <ele>0.1</ele>
      </trkpt>
      <trkpt lat="42.30409" lon="-70.91936">
        <ele>0.2</ele>
      </trkpt>
      <trkpt lat="42.30424" lon="-70.91917">
        <ele>0.1</ele>
      </trkpt>
      <trkpt lat="42.30435" lon="-70.91896">
        <ele>0.1</ele>
      </trkpt>
      <trkpt lat="42.3044" lon="-70.91885">
        <ele>0.1</ele>
      </trkpt>
      <trkpt lat="42.30447" lon="-70.9187">
        <ele>0.2</ele>
      </trkpt>
      <trkpt lat="42.30456" lon="-70.9184">
        <ele>0.3</ele>
      </trkpt>
      <trkpt lat="42.30463" lon="-70.91819">
        <ele>0.5</ele>
      </trkpt>
      <trkpt lat="42.30467" lon="-70.91806">
        <ele>0.6</ele>
      </trkpt>
      <trkpt lat="42.30474" lon="-70.91779">
        <ele>0.9</ele>
      </trkpt>
      <trkpt lat="42.30478" lon="-70.91759">
        <ele>1.1</ele>
      </trkpt>
      <trkpt lat="42.3048" lon="-70.91748">
        <ele>1.1</ele>
      </trkpt>
      <trkpt lat="42.30483" lon="-70.91734">
        <ele>1.3</ele>
      </trkpt>
      <trkpt lat="42.30484" lon="-70.91718">
        <ele>1.4</ele>
      </trkpt>
      <trkpt lat="42.30484" lon="-70.91708">
        <ele>1.4</ele>
      </trkpt>
      <trkpt lat="42.30483" lon="-70.917">
        <ele>1.4</ele>
      </trkpt>
      <trkpt lat="42.30482" lon="-70.91683">
        <ele>1.5</ele>
      </trkpt>
      <trkpt lat="42.3048" lon="-70.91672">
        <ele>1.4</ele>
      </trkpt>
      <trkpt lat="42.3048" lon="-70.91669">
        <ele>1.5</ele>
      </trkpt>
      <trkpt lat="42.30477" lon="-70.916569">
        <ele>1.4</ele>
      </trkpt>
      <trkpt lat="42.30474" lon="-70.91647">
        <ele>1.4</ele>
      </trkpt>
      <trkpt lat="42.30445" lon="-70.915629">
        <ele>0.8</ele>
      </trkpt>
      <trkpt lat="42.304229" lon="-70.91499">
        <ele>0.4</ele>
      </trkpt>
      <trkpt lat="42.30407" lon="-70.91454">
        <ele>0.5</ele>
      </trkpt>
      <trkpt lat="42.30394" lon="-70.91415">
        <ele>1.8</ele>
      </trkpt>
      <trkpt lat="42.30382" lon="-70.91392">
        <ele>2.9</ele>
      </trkpt>
      <trkpt lat="42.30377" lon="-70.91385">
        <ele>3.0</ele>
      </trkpt>
      <trkpt lat="42.30372" lon="-70.91377">
        <ele>3.1</ele>
      </trkpt>
      <trkpt lat="42.30366" lon="-70.91365">
        <ele>3.2</ele>
      </trkpt>
      <trkpt lat="42.30361" lon="-70.91358">
        <ele>3.4</ele>
      </trkpt>
      <trkpt lat="42.30357" lon="-70.91352">
        <ele>3.6</ele>
      </trkpt>
      <trkpt lat="42.30353" lon="-70.91342">
        <ele>4.0</ele>
      </trkpt>
      <trkpt lat="42.30352" lon="-70.91338">
        <ele>4.1</ele>
      </trkpt>
      <trkpt lat="42.30351" lon="-70.91335">
        <ele>4.2</ele>
      </trkpt>
      <trkpt lat="42.30351" lon="-70.9133">
        <ele>4.3</ele>
      </trkpt>
      <trkpt lat="42.30351" lon="-70.913169">
        <ele>4.5</ele>
      </trkpt>
      <trkpt lat="42.30361" lon="-70.91233">
        <ele>5.0</ele>
      </trkpt>
      <trkpt lat="42.30368" lon="-70.91163">
        <ele>5.1</ele>
      </trkpt>
      <trkpt lat="42.30373" lon="-70.911019">
        <ele>5.1</ele>
      </trkpt>
      <trkpt lat="42.30377" lon="-70.91064">
        <ele>4.6</ele>
      </trkpt>
      <trkpt lat="42.30379" lon="-70.91033">
        <ele>4.4</ele>
      </trkpt>
      <trkpt lat="42.30378" lon="-70.91024">
        <ele>4.5</ele>
      </trkpt>
      <trkpt lat="42.303759" lon="-70.91006">
        <ele>4.5</ele>
      </trkpt>
      <trkpt lat="42.30373" lon="-70.90986">
        <ele>4.6</ele>
      </trkpt>
      <trkpt lat="42.303669" lon="-70.90961">
        <ele>4.9</ele>
      </trkpt>
      <trkpt lat="42.30357" lon="-70.90929">
        <ele>5.6</ele>
      </trkpt>
      <trkpt lat="42.303489" lon="-70.90903">
        <ele>6.3</ele>
      </trkpt>
      <trkpt lat="42.3034" lon="-70.90874">
        <ele>6.3</ele>
      </trkpt>
      <trkpt lat="42.3033" lon="-70.9085">
        <ele>6.3</ele>
      </trkpt>
      <trkpt lat="42.30319" lon="-70.908289">
        <ele>6.4</ele>
      </trkpt>
      <trkpt lat="42.30297" lon="-70.90787">
        <ele>6.7</ele>
      </trkpt>
      <trkpt lat="42.30288" lon="-70.90763">
        <ele>6.7</ele>
      </trkpt>
      <trkpt lat="42.30271" lon="-70.907259">
        <ele>6.6</ele>
      </trkpt>
      <trkpt lat="42.30262" lon="-70.90707">
        <ele>6.5</ele>
      </trkpt>
      <trkpt lat="42.30257" lon="-70.90695">
        <ele>6.2</ele>
      </trkpt>
      <trkpt lat="42.30241" lon="-70.90664">
        <ele>5.1</ele>
      </trkpt>
      <trkpt lat="42.30238" lon="-70.90656">
        <ele>5.0</ele>
      </trkpt>
      <trkpt lat="42.30238" lon="-70.90654">
        <ele>4.9</ele>
      </trkpt>
      <trkpt lat="42.30238" lon="-70.90653">
        <ele>4.9</ele>
      </trkpt>
      <trkpt lat="42.30238" lon="-70.90649">
        <ele>4.8</ele>
      </trkpt>
      <trkpt lat="42.30238" lon="-70.90646">
        <ele>4.7</ele>
      </trkpt>
      <trkpt lat="42.30238" lon="-70.90637">
        <ele>4.5</ele>
      </trkpt>
      <trkpt lat="42.30241" lon="-70.90618">
        <ele>4.2</ele>
      </trkpt>
      <trkpt lat="42.30244" lon="-70.90591">
        <ele>3.8</ele>
      </trkpt>
      <trkpt lat="42.30244" lon="-70.90591">
        <ele>3.8</ele>
      </trkpt>
      <trkpt lat="42.30242" lon="-70.90573">
        <ele>3.4</ele>
      </trkpt>
      <trkpt lat="42.30242" lon="-70.90567">
        <ele>3.3</ele>
      </trkpt>
      <trkpt lat="42.30242" lon="-70.90559">
        <ele>3.2</ele>
      </trkpt>
      <trkpt lat="42.30241" lon="-70.90541">
        <ele>2.6</ele>
      </trkpt>
      <trkpt lat="42.30243" lon="-70.90523">
        <ele>2.4</ele>
      </trkpt>
      <trkpt lat="42.30244" lon="-70.90515">
        <ele>2.3</ele>
      </trkpt>
      <trkpt lat="42.30247" lon="-70.905019">
        <ele>2.5</ele>
      </trkpt>
      <trkpt lat="42.30252" lon="-70.90471">
        <ele>2.5</ele>
      </trkpt>
      <trkpt lat="42.3026" lon="-70.90424">
        <ele>2.4</ele>
      </trkpt>
      <trkpt lat="42.30268" lon="-70.90379">
        <ele>2.6</ele>
      </trkpt>
      <trkpt lat="42.30272" lon="-70.90357">
        <ele>2.3</ele>
      </trkpt>
      <trkpt lat="42.30277" lon="-70.90335">
        <ele>2.3</ele>
      </trkpt>
      <trkpt lat="42.30283" lon="-70.903139">
        <ele>2.9</ele>
      </trkpt>
      <trkpt lat="42.30287" lon="-70.903049">
        <ele>3.3</ele>
      </trkpt>
      <trkpt lat="42.30293" lon="-70.902869">
        <ele>3.3</ele>
      </trkpt>
      <trkpt lat="42.303019" lon="-70.9026">
        <ele>3.1</ele>
      </trkpt>
      <trkpt lat="42.30312" lon="-70.90231">
        <ele>2.8</ele>
      </trkpt>
      <trkpt lat="42.30326" lon="-70.90187">
        <ele>2.6</ele>
      </trkpt>
      <trkpt lat="42.30345" lon="-70.90128">
        <ele>2.3</ele>
      </trkpt>
      <trkpt lat="42.30354" lon="-70.901">
        <ele>2.0</ele>
      </trkpt>
      <trkpt lat="42.30361" lon="-70.90081">
        <ele>1.6</ele>
      </trkpt>
      <trkpt lat="42.30364" lon="-70.90074">
        <ele>1.6</ele>
      </trkpt>
      <trkpt lat="42.30365" lon="-70.9007">
        <ele>1.4</ele>
      </trkpt>
      <trkpt lat="42.3037" lon="-70.9006">
        <ele>1.4</ele>
      </trkpt>
      <trkpt lat="42.30374" lon="-70.90052">
        <ele>1.4</ele>
      </trkpt>
      <trkpt lat="42.30377" lon="-70.90047">
        <ele>1.4</ele>
      </trkpt>
      <trkpt lat="42.30383" lon="-70.90036">
        <ele>1.2</ele>
      </trkpt>
      <trkpt lat="42.30388" lon="-70.90029">
        <ele>1.3</ele>
      </trkpt>
      <trkpt lat="42.30392" lon="-70.90024">
        <ele>1.4</ele>
      </trkpt>
      <trkpt lat="42.303959" lon="-70.90018">
        <ele>1.3</ele>
      </trkpt>
      <trkpt lat="42.304" lon="-70.900139">
        <ele>1.3</ele>
      </trkpt>
      <trkpt lat="42.304049" lon="-70.90008">
        <ele>1.3</ele>
      </trkpt>
      <trkpt lat="42.30422" lon="-70.89991">
        <ele>1.5</ele>
      </trkpt>
      <trkpt lat="42.30427" lon="-70.89986">
        <ele>1.5</ele>
      </trkpt>
      <trkpt lat="42.30442" lon="-70.89972">
        <ele>1.4</ele>
      </trkpt>
      <trkpt lat="42.304519" lon="-70.89963">
        <ele>1.0</ele>
      </trkpt>
      <trkpt lat="42.30524" lon="-70.89894">
        <ele>0.2</ele>
      </trkpt>
      <trkpt lat="42.30535" lon="-70.89879">
        <ele>0.1</ele>
      </trkpt>
      <trkpt lat="42.30537" lon="-70.89876">
        <ele>0.1</ele>
      </trkpt>
      <trkpt lat="42.30539" lon="-70.89872">
        <ele>0.1</ele>
      </trkpt>
      <trkpt lat="42.30542" lon="-70.89868">
        <ele>0.2</ele>
      </trkpt>
      <trkpt lat="42.30545" lon="-70.898619">
        <ele>0.3</ele>
      </trkpt>
      <trkpt lat="42.305459" lon="-70.89859">
        <ele>0.4</ele>
      </trkpt>
      <trkpt lat="42.30549" lon="-70.89852">
        <ele>0.8</ele>
      </trkpt>
      <trkpt lat="42.30551" lon="-70.89847">
        <ele>1.4</ele>
      </trkpt>
      <trkpt lat="42.30552" lon="-70.89842">
        <ele>1.8</ele>
      </trkpt>
      <trkpt lat="42.305549" lon="-70.89833">
        <ele>2.2</ele>
      </trkpt>
      <trkpt lat="42.30559" lon="-70.898169">
        <ele>2.1</ele>
      </trkpt>
      <trkpt lat="42.30559" lon="-70.898169">
        <ele>2.1</ele>
      </trkpt>
      <trkpt lat="42.30559" lon="-70.89788">
        <ele>2.0</ele>
      </trkpt>
      <trkpt lat="42.30559" lon="-70.89781">
        <ele>2.0</ele>
      </trkpt>
      <trkpt lat="42.30558" lon="-70.89771">
        <ele>2.0</ele>
      </trkpt>
      <trkpt lat="42.30558" lon="-70.8976">
        <ele>2.0</ele>
      </trkpt>
      <trkpt lat="42.305549" lon="-70.89733">
        <ele>2.0</ele>
      </trkpt>
      <trkpt lat="42.30552" lon="-70.8971">
        <ele>2.1</ele>
      </trkpt>
      <trkpt lat="42.30551" lon="-70.89693">
        <ele>2.1</ele>
      </trkpt>
      <trkpt lat="42.3055" lon="-70.89683">
        <ele>2.1</ele>
      </trkpt>
      <trkpt lat="42.3055" lon="-70.89673">
        <ele>2.1</ele>
      </trkpt>
      <trkpt lat="42.3055" lon="-70.89664">
        <ele>2.1</ele>
      </trkpt>
      <trkpt lat="42.3055" lon="-70.89652">
        <ele>2.1</ele>
      </trkpt>
      <trkpt lat="42.3055" lon="-70.89646">
        <ele>2.1</ele>
      </trkpt>
      <trkpt lat="42.30551" lon="-70.896379">
        <ele>2.0</ele>
      </trkpt>
      <trkpt lat="42.30552" lon="-70.89626">
        <ele>2.0</ele>
      </trkpt>
      <trkpt lat="42.30553" lon="-70.89617">
        <ele>2.0</ele>
      </trkpt>
      <trkpt lat="42.30554" lon="-70.89605">
        <ele>2.0</ele>
      </trkpt>
      <trkpt lat="42.30557" lon="-70.89591">
        <ele>1.9</ele>
      </trkpt>
      <trkpt lat="42.30558" lon="-70.8958">
        <ele>2.0</ele>
      </trkpt>
      <trkpt lat="42.3056" lon="-70.89569">
        <ele>2.0</ele>
      </trkpt>
      <trkpt lat="42.305639" lon="-70.895529">
        <ele>2.0</ele>
      </trkpt>
      <trkpt lat="42.30567" lon="-70.89542">
        <ele>2.1</ele>
      </trkpt>
      <trkpt lat="42.30569" lon="-70.89536">
        <ele>2.1</ele>
      </trkpt>
      <trkpt lat="42.30571" lon="-70.89527">
        <ele>2.2</ele>
      </trkpt>
      <trkpt lat="42.30574" lon="-70.8952">
        <ele>2.3</ele>
      </trkpt>
      <trkpt lat="42.30576" lon="-70.89514">
        <ele>2.3</ele>
      </trkpt>
      <trkpt lat="42.30578" lon="-70.89509">
        <ele>2.3</ele>
      </trkpt>
      <trkpt lat="42.30581" lon="-70.89501">
        <ele>2.2</ele>
      </trkpt>
      <trkpt lat="42.30587" lon="-70.89489">
        <ele>2.1</ele>
      </trkpt>
      <trkpt lat="42.30592" lon="-70.8948">
        <ele>2.0</ele>
      </trkpt>
      <trkpt lat="42.30596" lon="-70.89473">
        <ele>1.9</ele>
      </trkpt>
      <trkpt lat="42.30601" lon="-70.89464">
        <ele>1.9</ele>
      </trkpt>
      <trkpt lat="42.30606" lon="-70.89458">
        <ele>1.9</ele>
      </trkpt>
      <trkpt lat="42.306109" lon="-70.89451">
        <ele>1.9</ele>
      </trkpt>
      <trkpt lat="42.30614" lon="-70.89448">
        <ele>1.8</ele>
      </trkpt>
      <trkpt lat="42.30617" lon="-70.89445">
        <ele>1.8</ele>
      </trkpt>
      <trkpt lat="42.30621" lon="-70.8944">
        <ele>1.8</ele>
      </trkpt>
      <trkpt lat="42.30652" lon="-70.89407">
        <ele>1.8</ele>
      </trkpt>
      <trkpt lat="42.30664" lon="-70.89392">
        <ele>1.9</ele>
      </trkpt>
      <trkpt lat="42.30687" lon="-70.89364">
        <ele>1.1</ele>
      </trkpt>
      <trkpt lat="42.30687" lon="-70.89364">
        <ele>1.1</ele>
      </trkpt>
      <trkpt lat="42.30689" lon="-70.89358">
        <ele>1.1</ele>
      </trkpt>
      <trkpt lat="42.30694" lon="-70.89346">
        <ele>1.0</ele>
      </trkpt>
      <trkpt lat="42.30697" lon="-70.8934">
        <ele>1.0</ele>
      </trkpt>
      <trkpt lat="42.30704" lon="-70.89325">
        <ele>0.9</ele>
      </trkpt>
      <trkpt lat="42.30711" lon="-70.89305">
        <ele>1.1</ele>
      </trkpt>
      <trkpt lat="42.30715" lon="-70.89294">
        <ele>1.2</ele>
      </trkpt>
      <trkpt lat="42.30717" lon="-70.89287">
        <ele>1.3</ele>
      </trkpt>
      <trkpt lat="42.30719" lon="-70.8928">
        <ele>1.4</ele>
      </trkpt>
      <trkpt lat="42.30721" lon="-70.89273">
        <ele>1.6</ele>
      </trkpt>
      <trkpt lat="42.307229" lon="-70.89265">
        <ele>1.7</ele>
      </trkpt>
      <trkpt lat="42.30725" lon="-70.89256">
        <ele>1.9</ele>
      </trkpt>
      <trkpt lat="42.30728" lon="-70.892439">
        <ele>2.2</ele>
      </trkpt>
      <trkpt lat="42.30729" lon="-70.892349">
        <ele>2.3</ele>
      </trkpt>
      <trkpt lat="42.3073" lon="-70.892259">
        <ele>2.3</ele>
      </trkpt>
      <trkpt lat="42.30732" lon="-70.89212">
        <ele>2.5</ele>
      </trkpt>
      <trkpt lat="42.30733" lon="-70.89202">
        <ele>2.5</ele>
      </trkpt>
      <trkpt lat="42.30733" lon="-70.89191">
        <ele>2.5</ele>
      </trkpt>
      <trkpt lat="42.30733" lon="-70.8918">
        <ele>2.6</ele>
      </trkpt>
      <trkpt lat="42.30734" lon="-70.89167">
        <ele>2.6</ele>
      </trkpt>
      <trkpt lat="42.30733" lon="-70.891589">
        <ele>2.6</ele>
      </trkpt>
      <trkpt lat="42.30733" lon="-70.89151">
        <ele>2.6</ele>
      </trkpt>
      <trkpt lat="42.30733" lon="-70.89144">
        <ele>2.6</ele>
      </trkpt>
      <trkpt lat="42.30732" lon="-70.89139">
        <ele>2.6</ele>
      </trkpt>
      <trkpt lat="42.30732" lon="-70.89135">
        <ele>2.6</ele>
      </trkpt>
      <trkpt lat="42.30731" lon="-70.89129">
        <ele>2.6</ele>
      </trkpt>
      <trkpt lat="42.3073" lon="-70.89121">
        <ele>2.6</ele>
      </trkpt>
      <trkpt lat="42.30728" lon="-70.8911">
        <ele>2.7</ele>
      </trkpt>
      <trkpt lat="42.30724" lon="-70.89088">
        <ele>2.7</ele>
      </trkpt>
      <trkpt lat="42.30719" lon="-70.89071">
        <ele>2.7</ele>
      </trkpt>
      <trkpt lat="42.30717" lon="-70.89063">
        <ele>2.7</ele>
      </trkpt>
      <trkpt lat="42.30715" lon="-70.89058">
        <ele>2.5</ele>
      </trkpt>
      <trkpt lat="42.30713" lon="-70.89052">
        <ele>2.5</ele>
      </trkpt>
      <trkpt lat="42.30708" lon="-70.89042">
        <ele>2.4</ele>
      </trkpt>
      <trkpt lat="42.307049" lon="-70.89035">
        <ele>2.3</ele>
      </trkpt>
      <trkpt lat="42.30698" lon="-70.89023">
        <ele>1.6</ele>
      </trkpt>
      <trkpt lat="42.3069" lon="-70.89011">
        <ele>1.8</ele>
      </trkpt>
      <trkpt lat="42.30683" lon="-70.89002">
        <ele>2.2</ele>
      </trkpt>
      <trkpt lat="42.30677" lon="-70.88995">
        <ele>2.7</ele>
      </trkpt>
      <trkpt lat="42.30671" lon="-70.88988">
        <ele>3.1</ele>
      </trkpt>
      <trkpt lat="42.30656" lon="-70.88976">
        <ele>3.0</ele>
      </trkpt>
      <trkpt lat="42.30647" lon="-70.88969">
        <ele>2.8</ele>
      </trkpt>
      <trkpt lat="42.30638" lon="-70.88961">
        <ele>2.8</ele>
      </trkpt>
      <trkpt lat="42.30629" lon="-70.88954">
        <ele>2.6</ele>
      </trkpt>
      <trkpt lat="42.30619" lon="-70.88946">
        <ele>2.4</ele>
      </trkpt>
      <trkpt lat="42.306109" lon="-70.88937">
        <ele>2.5</ele>
      </trkpt>
      <trkpt lat="42.30603" lon="-70.88929">
        <ele>2.4</ele>
      </trkpt>
      <trkpt lat="42.30595" lon="-70.8892">
        <ele>2.4</ele>
      </trkpt>
      <trkpt lat="42.30588" lon="-70.88912">
        <ele>2.5</ele>
      </trkpt>
      <trkpt lat="42.30577" lon="-70.88898">
        <ele>2.5</ele>
      </trkpt>
      <trkpt lat="42.30572" lon="-70.8889">
        <ele>2.6</ele>
      </trkpt>
      <trkpt lat="42.30566" lon="-70.88882">
        <ele>2.6</ele>
      </trkpt>
      <trkpt lat="42.30559" lon="-70.88869">
        <ele>2.8</ele>
      </trkpt>
      <trkpt lat="42.30552" lon="-70.88857">
        <ele>2.9</ele>
      </trkpt>
      <trkpt lat="42.30547" lon="-70.88846">
        <ele>3.1</ele>
      </trkpt>
      <trkpt lat="42.3054" lon="-70.888319">
        <ele>2.9</ele>
      </trkpt>
      <trkpt lat="42.30534" lon="-70.88817">
        <ele>2.8</ele>
      </trkpt>
      <trkpt lat="42.30529" lon="-70.88804">
        <ele>2.6</ele>
      </trkpt>
      <trkpt lat="42.30524" lon="-70.88788">
        <ele>2.4</ele>
      </trkpt>
      <trkpt lat="42.30521" lon="-70.88776">
        <ele>2.2</ele>
      </trkpt>
      <trkpt lat="42.305169" lon="-70.88761">
        <ele>1.9</ele>
      </trkpt>
      <trkpt lat="42.30515" lon="-70.88749">
        <ele>1.9</ele>
      </trkpt>
      <trkpt lat="42.30512" lon="-70.887289">
        <ele>1.8</ele>
      </trkpt>
      <trkpt lat="42.3051" lon="-70.88717">
        <ele>1.6</ele>
      </trkpt>
      <trkpt lat="42.30509" lon="-70.887">
        <ele>1.8</ele>
      </trkpt>
      <trkpt lat="42.305079" lon="-70.88686">
        <ele>1.9</ele>
      </trkpt>
      <trkpt lat="42.30507" lon="-70.88646">
        <ele>2.3</ele>
      </trkpt>
      <trkpt lat="42.30507" lon="-70.8862">
        <ele>2.3</ele>
      </trkpt>
      <trkpt lat="42.30506" lon="-70.88603">
        <ele>2.4</ele>
      </trkpt>
      <trkpt lat="42.30504" lon="-70.88582">
        <ele>2.8</ele>
      </trkpt>
      <trkpt lat="42.30503" lon="-70.88572">
        <ele>3.0</ele>
      </trkpt>
      <trkpt lat="42.30502" lon="-70.88566">
        <ele>3.1</ele>
      </trkpt>
      <trkpt lat="42.305" lon="-70.88555">
        <ele>3.2</ele>
      </trkpt>
      <trkpt lat="42.30498" lon="-70.88545">
        <ele>3.4</ele>
      </trkpt>
      <trkpt lat="42.30496" lon="-70.88537">
        <ele>3.5</ele>
      </trkpt>
      <trkpt lat="42.30491" lon="-70.88519">
        <ele>3.6</ele>
      </trkpt>
      <trkpt lat="42.30491" lon="-70.88519">
        <ele>3.6</ele>
      </trkpt>
      <trkpt lat="42.30478" lon="-70.88503">
        <ele>3.4</ele>
      </trkpt>
      <trkpt lat="42.30472" lon="-70.88495">
        <ele>3.4</ele>
      </trkpt>
      <trkpt lat="42.30468" lon="-70.884919">
        <ele>3.3</ele>
      </trkpt>
      <trkpt lat="42.30454" lon="-70.88477">
        <ele>3.3</ele>
      </trkpt>
      <trkpt lat="42.30443" lon="-70.884649">
        <ele>3.3</ele>
      </trkpt>
      <trkpt lat="42.30435" lon="-70.884559">
        <ele>3.3</ele>
      </trkpt>
      <trkpt lat="42.30433" lon="-70.88453">
        <ele>3.4</ele>
      </trkpt>
      <trkpt lat="42.30422" lon="-70.88443">
        <ele>3.5</ele>
      </trkpt>
      <trkpt lat="42.30418" lon="-70.88439">
        <ele>3.6</ele>
      </trkpt>
      <trkpt lat="42.30417" lon="-70.884379">
        <ele>3.6</ele>
      </trkpt>
      <trkpt lat="42.30415" lon="-70.88437">
        <ele>3.6</ele>
      </trkpt>
      <trkpt lat="42.30413" lon="-70.88436">
        <ele>3.7</ele>
      </trkpt>
      <trkpt lat="42.30412" lon="-70.88435">
        <ele>3.7</ele>
      </trkpt>
      <trkpt lat="42.3041" lon="-70.88433">
        <ele>3.7</ele>
      </trkpt>
      <trkpt lat="42.30408" lon="-70.88432">
        <ele>3.7</ele>
      </trkpt>
      <trkpt lat="42.30406" lon="-70.88431">
        <ele>3.8</ele>
      </trkpt>
      <trkpt lat="42.304" lon="-70.884289">
        <ele>3.8</ele>
      </trkpt>
      <trkpt lat="42.30393" lon="-70.88426">
        <ele>3.9</ele>
      </trkpt>
      <trkpt lat="42.30379" lon="-70.88421">
        <ele>4.1</ele>
      </trkpt>
      <trkpt lat="42.30321" lon="-70.88397">
        <ele>4.7</ele>
      </trkpt>
      <trkpt lat="42.30262" lon="-70.88373">
        <ele>4.6</ele>
      </trkpt>
      <trkpt lat="42.30204" lon="-70.8835">
        <ele>4.0</ele>
      </trkpt>
      <trkpt lat="42.30146" lon="-70.88326">
        <ele>3.2</ele>
      </trkpt>
      <trkpt lat="42.30088" lon="-70.88302">
        <ele>3.0</ele>
      </trkpt>
      <trkpt lat="42.3003" lon="-70.88278">
        <ele>2.9</ele>
      </trkpt>
      <trkpt lat="42.29972" lon="-70.88254">
        <ele>2.9</ele>
      </trkpt>
      <trkpt lat="42.29915" lon="-70.88231">
        <ele>2.7</ele>
      </trkpt>
      <trkpt lat="42.29857" lon="-70.88208">
        <ele>2.7</ele>
      </trkpt>
      <trkpt lat="42.29798" lon="-70.881829">
        <ele>2.7</ele>
      </trkpt>
      <trkpt lat="42.2974" lon="-70.88159">
        <ele>2.8</ele>
      </trkpt>
      <trkpt lat="42.296819" lon="-70.88135">
        <ele>2.8</ele>
      </trkpt>
      <trkpt lat="42.29624" lon="-70.88112">
        <ele>2.7</ele>
      </trkpt>
      <trkpt lat="42.29566" lon="-70.88088">
        <ele>2.6</ele>
      </trkpt>
      <trkpt lat="42.29508" lon="-70.88064">
        <ele>2.4</ele>
      </trkpt>
      <trkpt lat="42.29482" lon="-70.88054">
        <ele>2.3</ele>
      </trkpt>
      <trkpt lat="42.2945" lon="-70.88041">
        <ele>2.2</ele>
      </trkpt>
      <trkpt lat="42.29394" lon="-70.88017">
        <ele>2.1</ele>
      </trkpt>
      <trkpt lat="42.29334" lon="-70.87993">
        <ele>2.1</ele>
      </trkpt>
      <trkpt lat="42.29315" lon="-70.87985">
        <ele>2.1</ele>
      </trkpt>
      <trkpt lat="42.29304" lon="-70.87981">
        <ele>2.1</ele>
      </trkpt>
      <trkpt lat="42.29296" lon="-70.87978">
        <ele>2.1</ele>
      </trkpt>
      <trkpt lat="42.29276" lon="-70.8797">
        <ele>2.1</ele>
      </trkpt>
      <trkpt lat="42.292499" lon="-70.8796">
        <ele>2.3</ele>
      </trkpt>
      <trkpt lat="42.29233" lon="-70.87954">
        <ele>2.5</ele>
      </trkpt>
      <trkpt lat="42.29233" lon="-70.87953">
        <ele>2.5</ele>
      </trkpt>
      <trkpt lat="42.29212" lon="-70.87945">
        <ele>2.7</ele>
      </trkpt>
      <trkpt lat="42.2918" lon="-70.8793">
        <ele>3.5</ele>
      </trkpt>
      <trkpt lat="42.29177" lon="-70.87928">
        <ele>3.6</ele>
      </trkpt>
      <trkpt lat="42.29171" lon="-70.87925">
        <ele>3.8</ele>
      </trkpt>
      <trkpt lat="42.29161" lon="-70.87919">
        <ele>4.2</ele>
      </trkpt>
      <trkpt lat="42.29151" lon="-70.87914">
        <ele>4.6</ele>
      </trkpt>
      <trkpt lat="42.29145" lon="-70.87909">
        <ele>4.8</ele>
      </trkpt>
      <trkpt lat="42.2914" lon="-70.87905">
        <ele>5.0</ele>
      </trkpt>
      <trkpt lat="42.291289" lon="-70.87896">
        <ele>5.3</ele>
      </trkpt>
      <trkpt lat="42.29113" lon="-70.87881">
        <ele>5.4</ele>
      </trkpt>
      <trkpt lat="42.29096" lon="-70.87869">
        <ele>5.5</ele>
      </trkpt>
      <trkpt lat="42.29093" lon="-70.87867">
        <ele>5.5</ele>
      </trkpt>
      <trkpt lat="42.29072" lon="-70.87853">
        <ele>5.5</ele>
      </trkpt>
      <trkpt lat="42.290529" lon="-70.87842">
        <ele>5.5</ele>
      </trkpt>
      <trkpt lat="42.29037" lon="-70.87833">
        <ele>5.4</ele>
      </trkpt>
      <trkpt lat="42.29028" lon="-70.87828">
        <ele>5.4</ele>
      </trkpt>
      <trkpt lat="42.29026" lon="-70.87827">
        <ele>5.4</ele>
      </trkpt>
      <trkpt lat="42.29016" lon="-70.87822">
        <ele>5.4</ele>
      </trkpt>
      <trkpt lat="42.29005" lon="-70.87817">
        <ele>5.4</ele>
      </trkpt>
      <trkpt lat="42.289589" lon="-70.87795">
        <ele>4.7</ele>
      </trkpt>
      <trkpt lat="42.28945" lon="-70.87788">
        <ele>4.5</ele>
      </trkpt>
      <trkpt lat="42.289319" lon="-70.877799">
        <ele>4.2</ele>
      </trkpt>
      <trkpt lat="42.28907" lon="-70.87764">
        <ele>3.7</ele>
      </trkpt>
      <trkpt lat="42.28882" lon="-70.87749">
        <ele>3.4</ele>
      </trkpt>
      <trkpt lat="42.28807" lon="-70.877039">
        <ele>3.0</ele>
      </trkpt>
      <trkpt lat="42.28778" lon="-70.876859">
        <ele>2.8</ele>
      </trkpt>
      <trkpt lat="42.28734" lon="-70.876589">
        <ele>2.8</ele>
      </trkpt>
      <trkpt lat="42.28686" lon="-70.8763">
        <ele>2.8</ele>
      </trkpt>
      <trkpt lat="42.28658" lon="-70.87613">
        <ele>2.8</ele>
      </trkpt>
      <trkpt lat="42.28636" lon="-70.87599">
        <ele>2.8</ele>
      </trkpt>
      <trkpt lat="42.28576" lon="-70.87563">
        <ele>2.7</ele>
      </trkpt>
      <trkpt lat="42.2853" lon="-70.87535">
        <ele>2.7</ele>
      </trkpt>
      <trkpt lat="42.28496" lon="-70.87514">
        <ele>2.7</ele>
      </trkpt>
      <trkpt lat="42.28431" lon="-70.87474">
        <ele>2.7</ele>
      </trkpt>
      <trkpt lat="42.28416" lon="-70.87466">
        <ele>2.7</ele>
      </trkpt>
      <trkpt lat="42.28383" lon="-70.87445">
        <ele>2.7</ele>
      </trkpt>
      <trkpt lat="42.28369" lon="-70.87435">
        <ele>2.7</ele>
      </trkpt>
      <trkpt lat="42.28333" lon="-70.87409">
        <ele>2.7</ele>
      </trkpt>
      <trkpt lat="42.28313" lon="-70.87394">
        <ele>2.7</ele>
      </trkpt>
      <trkpt lat="42.28295" lon="-70.87381">
        <ele>2.7</ele>
      </trkpt>
      <trkpt lat="42.28287" lon="-70.87375">
        <ele>2.7</ele>
      </trkpt>
      <trkpt lat="42.28268" lon="-70.87361">
        <ele>2.7</ele>
      </trkpt>
      <trkpt lat="42.28203" lon="-70.87313">
        <ele>2.7</ele>
      </trkpt>
      <trkpt lat="42.28193" lon="-70.87305">
        <ele>2.7</ele>
      </trkpt>
      <trkpt lat="42.281799" lon="-70.87295">
        <ele>2.7</ele>
      </trkpt>
      <trkpt lat="42.28172" lon="-70.87289">
        <ele>2.7</ele>
      </trkpt>
      <trkpt lat="42.28167" lon="-70.87284">
        <ele>2.7</ele>
      </trkpt>
      <trkpt lat="42.28149" lon="-70.87268">
        <ele>2.7</ele>
      </trkpt>
      <trkpt lat="42.281239" lon="-70.87242">
        <ele>2.8</ele>
      </trkpt>
      <trkpt lat="42.28103" lon="-70.8722">
        <ele>2.8</ele>
      </trkpt>
      <trkpt lat="42.28054" lon="-70.87172">
        <ele>2.8</ele>
      </trkpt>
      <trkpt lat="42.28033" lon="-70.8715">
        <ele>2.8</ele>
      </trkpt>
      <trkpt lat="42.28018" lon="-70.87134">
        <ele>2.8</ele>
      </trkpt>
      <trkpt lat="42.28014" lon="-70.8713">
        <ele>2.8</ele>
      </trkpt>
      <trkpt lat="42.28002" lon="-70.87117">
        <ele>2.8</ele>
      </trkpt>
      <trkpt lat="42.27995" lon="-70.871039">
        <ele>2.8</ele>
      </trkpt>
      <trkpt lat="42.27991" lon="-70.87097">
        <ele>2.8</ele>
      </trkpt>
      <trkpt lat="42.2799" lon="-70.87094">
        <ele>2.8</ele>
      </trkpt>
      <trkpt lat="42.27988" lon="-70.8709">
        <ele>2.8</ele>
      </trkpt>
      <trkpt lat="42.27987" lon="-70.870859">
        <ele>2.8</ele>
      </trkpt>
      <trkpt lat="42.27975" lon="-70.87048">
        <ele>2.8</ele>
      </trkpt>
      <trkpt lat="42.27961" lon="-70.87006">
        <ele>2.8</ele>
      </trkpt>
      <trkpt lat="42.279559" lon="-70.86988">
        <ele>2.8</ele>
      </trkpt>
      <trkpt lat="42.27949" lon="-70.86968">
        <ele>2.8</ele>
      </trkpt>
      <trkpt lat="42.2794" lon="-70.86939">
        <ele>2.8</ele>
      </trkpt>
      <trkpt lat="42.27921" lon="-70.86876">
        <ele>2.8</ele>
      </trkpt>
      <trkpt lat="42.27906" lon="-70.8683">
        <ele>2.8</ele>
      </trkpt>
      <trkpt lat="42.27896" lon="-70.86798">
        <ele>3.4</ele>
      </trkpt>
      <trkpt lat="42.27884" lon="-70.86761">
        <ele>4.7</ele>
      </trkpt>
      <trkpt lat="42.278619" lon="-70.86708">
        <ele>5.4</ele>
      </trkpt>
      <trkpt lat="42.27856" lon="-70.86695">
        <ele>5.5</ele>
      </trkpt>
      <trkpt lat="42.2785" lon="-70.86685">
        <ele>5.5</ele>
      </trkpt>
      <trkpt lat="42.27846" lon="-70.86677">
        <ele>5.5</ele>
      </trkpt>
      <trkpt lat="42.2784" lon="-70.86669">
        <ele>5.5</ele>
      </trkpt>
      <trkpt lat="42.27826" lon="-70.86651">
        <ele>5.3</ele>
      </trkpt>
      <trkpt lat="42.27811" lon="-70.86631">
        <ele>5.0</ele>
      </trkpt>
      <trkpt lat="42.27791" lon="-70.86608">
        <ele>4.5</ele>
      </trkpt>
      <trkpt lat="42.27772" lon="-70.86586">
        <ele>3.8</ele>
      </trkpt>
      <trkpt lat="42.27702" lon="-70.86505">
        <ele>2.1</ele>
      </trkpt>
      <trkpt lat="42.27678" lon="-70.864769">
        <ele>2.0</ele>
      </trkpt>
      <trkpt lat="42.27634" lon="-70.86427">
        <ele>1.9</ele>
      </trkpt>
      <trkpt lat="42.27614" lon="-70.86403">
        <ele>1.8</ele>
      </trkpt>
      <trkpt lat="42.27609" lon="-70.86398">
        <ele>1.8</ele>
      </trkpt>
      <trkpt lat="42.27606" lon="-70.86394">
        <ele>1.8</ele>
      </trkpt>
      <trkpt lat="42.27601" lon="-70.86388">
        <ele>1.8</ele>
      </trkpt>
      <trkpt lat="42.27601" lon="-70.86387">
        <ele>1.8</ele>
      </trkpt>
      <trkpt lat="42.27599" lon="-70.86385">
        <ele>1.8</ele>
      </trkpt>
      <trkpt lat="42.27594" lon="-70.86377">
        <ele>1.8</ele>
      </trkpt>
      <trkpt lat="42.27591" lon="-70.86371">
        <ele>1.8</ele>
      </trkpt>
      <trkpt lat="42.27583" lon="-70.86356">
        <ele>1.9</ele>
      </trkpt>
      <trkpt lat="42.27574" lon="-70.86338">
        <ele>2.0</ele>
      </trkpt>
      <trkpt lat="42.2757" lon="-70.8633">
        <ele>2.0</ele>
      </trkpt>
      <trkpt lat="42.27565" lon="-70.86323">
        <ele>2.1</ele>
      </trkpt>
      <trkpt lat="42.27561" lon="-70.863159">
        <ele>2.2</ele>
      </trkpt>
      <trkpt lat="42.27558" lon="-70.86312">
        <ele>2.2</ele>
      </trkpt>
      <trkpt lat="42.27555" lon="-70.86308">
        <ele>2.3</ele>
      </trkpt>
      <trkpt lat="42.27543" lon="-70.86293">
        <ele>2.6</ele>
      </trkpt>
      <trkpt lat="42.27519" lon="-70.86265">
        <ele>3.1</ele>
      </trkpt>
      <trkpt lat="42.27493" lon="-70.86235">
        <ele>3.6</ele>
      </trkpt>
      <trkpt lat="42.27471" lon="-70.8621">
        <ele>4.1</ele>
      </trkpt>
      <trkpt lat="42.27459" lon="-70.86194">
        <ele>4.2</ele>
      </trkpt>
      <trkpt lat="42.274479" lon="-70.8618">
        <ele>4.3</ele>
      </trkpt>
      <trkpt lat="42.27438" lon="-70.86166">
        <ele>4.3</ele>
      </trkpt>
      <trkpt lat="42.274299" lon="-70.86155">
        <ele>4.3</ele>
      </trkpt>
      <trkpt lat="42.27419" lon="-70.8614">
        <ele>4.2</ele>
      </trkpt>
      <trkpt lat="42.273829" lon="-70.8609">
        <ele>4.0</ele>
      </trkpt>
      <trkpt lat="42.27356" lon="-70.86056">
        <ele>4.2</ele>
      </trkpt>
      <trkpt lat="42.27313" lon="-70.86002">
        <ele>2.6</ele>
      </trkpt>
      <trkpt lat="42.27294" lon="-70.85977">
        <ele>1.7</ele>
      </trkpt>
      <trkpt lat="42.272709" lon="-70.85946">
        <ele>1.2</ele>
      </trkpt>
      <trkpt lat="42.27266" lon="-70.85939">
        <ele>1.2</ele>
      </trkpt>
      <trkpt lat="42.272509" lon="-70.8592">
        <ele>1.1</ele>
      </trkpt>
      <trkpt lat="42.27232" lon="-70.85896">
        <ele>1.1</ele>
      </trkpt>
      <trkpt lat="42.27228" lon="-70.85891">
        <ele>1.1</ele>
      </trkpt>
      <trkpt lat="42.272239" lon="-70.85885">
        <ele>1.1</ele>
      </trkpt>
      <trkpt lat="42.272239" lon="-70.85885">
        <ele>1.1</ele>
      </trkpt>
      <trkpt lat="42.27216" lon="-70.85873">
        <ele>1.0</ele>
      </trkpt>
      <trkpt lat="42.27203" lon="-70.85853">
        <ele>1.0</ele>
      </trkpt>
      <trkpt lat="42.27184" lon="-70.85827">
        <ele>0.9</ele>
      </trkpt>
      <trkpt lat="42.27179" lon="-70.858189">
        <ele>0.9</ele>
      </trkpt>
      <trkpt lat="42.27173" lon="-70.85811">
        <ele>0.9</ele>
      </trkpt>
      <trkpt lat="42.27165" lon="-70.858">
        <ele>0.9</ele>
      </trkpt>
      <trkpt lat="42.27149" lon="-70.85778">
        <ele>0.8</ele>
      </trkpt>
      <trkpt lat="42.27138" lon="-70.85764">
        <ele>0.8</ele>
      </trkpt>
      <trkpt lat="42.27069" lon="-70.85669">
        <ele>0.7</ele>
      </trkpt>
      <trkpt lat="42.27058" lon="-70.85653">
        <ele>0.7</ele>
      </trkpt>
      <trkpt lat="42.27034" lon="-70.85619">
        <ele>0.7</ele>
      </trkpt>
      <trkpt lat="42.26975" lon="-70.85533">
        <ele>0.6</ele>
      </trkpt>
      <trkpt lat="42.26963" lon="-70.85515">
        <ele>0.6</ele>
      </trkpt>
      <trkpt lat="42.26948" lon="-70.85493">
        <ele>0.6</ele>
      </trkpt>
      <trkpt lat="42.26943" lon="-70.85485">
        <ele>0.5</ele>
      </trkpt>
      <trkpt lat="42.26934" lon="-70.85471">
        <ele>0.5</ele>
      </trkpt>
      <trkpt lat="42.2691" lon="-70.85436">
        <ele>0.5</ele>
      </trkpt>
      <trkpt lat="42.26891" lon="-70.85405">
        <ele>0.5</ele>
      </trkpt>
      <trkpt lat="42.26865" lon="-70.85363">
        <ele>0.5</ele>
      </trkpt>
      <trkpt lat="42.26854" lon="-70.85345">
        <ele>0.5</ele>
      </trkpt>
      <trkpt lat="42.26843" lon="-70.85329">
        <ele>0.5</ele>
      </trkpt>
      <trkpt lat="42.26832" lon="-70.85307">
        <ele>0.5</ele>
      </trkpt>
      <trkpt lat="42.26795" lon="-70.85242">
        <ele>0.8</ele>
      </trkpt>
      <trkpt lat="42.26784" lon="-70.85222">
        <ele>0.9</ele>
      </trkpt>
      <trkpt lat="42.2677" lon="-70.8519">
        <ele>1.1</ele>
      </trkpt>
      <trkpt lat="42.26755" lon="-70.85155">
        <ele>1.3</ele>
      </trkpt>
      <trkpt lat="42.26728" lon="-70.85083">
        <ele>2.5</ele>
      </trkpt>
      <trkpt lat="42.26717" lon="-70.85056">
        <ele>3.6</ele>
      </trkpt>
      <trkpt lat="42.26714" lon="-70.850489">
        <ele>3.8</ele>
      </trkpt>
      <trkpt lat="42.26711" lon="-70.85045">
        <ele>4.0</ele>
      </trkpt>
      <trkpt lat="42.26709" lon="-70.85042">
        <ele>4.1</ele>
      </trkpt>
      <trkpt lat="42.267069" lon="-70.85038">
        <ele>4.3</ele>
      </trkpt>
      <trkpt lat="42.26705" lon="-70.85035">
        <ele>4.4</ele>
      </trkpt>
      <trkpt lat="42.26702" lon="-70.850309">
        <ele>4.5</ele>
      </trkpt>
      <trkpt lat="42.26697" lon="-70.85025">
        <ele>4.7</ele>
      </trkpt>
      <trkpt lat="42.26691" lon="-70.8502">
        <ele>4.9</ele>
      </trkpt>
      <trkpt lat="42.26683" lon="-70.85015">
        <ele>4.9</ele>
      </trkpt>
      <trkpt lat="42.26652" lon="-70.84995">
        <ele>4.7</ele>
      </trkpt>
      <trkpt lat="42.2659" lon="-70.8496">
        <ele>7.0</ele>
      </trkpt>
      <trkpt lat="42.26567" lon="-70.84944">
        <ele>6.8</ele>
      </trkpt>
      <trkpt lat="42.26547" lon="-70.84929">
        <ele>7.1</ele>
      </trkpt>
      <trkpt lat="42.2654" lon="-70.84925">
        <ele>7.4</ele>
      </trkpt>
      <trkpt lat="42.26537" lon="-70.84923">
        <ele>7.6</ele>
      </trkpt>
      <trkpt lat="42.26533" lon="-70.84921">
        <ele>8.1</ele>
      </trkpt>
      <trkpt lat="42.26529" lon="-70.84918">
        <ele>8.5</ele>
      </trkpt>
      <trkpt lat="42.26525" lon="-70.84916">
        <ele>8.9</ele>
      </trkpt>
      <trkpt lat="42.2652" lon="-70.84914">
        <ele>9.4</ele>
      </trkpt>
      <trkpt lat="42.26515" lon="-70.84913">
        <ele>9.7</ele>
      </trkpt>
      <trkpt lat="42.26506" lon="-70.84911">
        <ele>10.4</ele>
      </trkpt>
      <trkpt lat="42.26497" lon="-70.8491">
        <ele>10.9</ele>
      </trkpt>
      <trkpt lat="42.26488" lon="-70.8491">
        <ele>11.1</ele>
      </trkpt>
      <trkpt lat="42.26488" lon="-70.8491">
        <ele>11.1</ele>
      </trkpt>
      <trkpt lat="42.26469" lon="-70.8491">
        <ele>11.2</ele>
      </trkpt>
      <trkpt lat="42.26457" lon="-70.84906">
        <ele>11.6</ele>
      </trkpt>
      <trkpt lat="42.26444" lon="-70.84896">
        <ele>12.4</ele>
      </trkpt>
      <trkpt lat="42.2644" lon="-70.84893">
        <ele>12.7</ele>
      </trkpt>
      <trkpt lat="42.26436" lon="-70.84889">
        <ele>12.9</ele>
      </trkpt>
      <trkpt lat="42.26434" lon="-70.84887">
        <ele>13.0</ele>
      </trkpt>
      <trkpt lat="42.26429" lon="-70.848789">
        <ele>13.1</ele>
      </trkpt>
      <trkpt lat="42.26426" lon="-70.84874">
        <ele>13.2</ele>
      </trkpt>
      <trkpt lat="42.26419" lon="-70.84862">
        <ele>13.1</ele>
      </trkpt>
      <trkpt lat="42.26412" lon="-70.84848">
        <ele>12.8</ele>
      </trkpt>
      <trkpt lat="42.26409" lon="-70.8484">
        <ele>12.8</ele>
      </trkpt>
      <trkpt lat="42.26406" lon="-70.848339">
        <ele>13.0</ele>
      </trkpt>
      <trkpt lat="42.26403" lon="-70.848249">
        <ele>13.6</ele>
      </trkpt>
      <trkpt lat="42.26401" lon="-70.84818">
        <ele>13.8</ele>
      </trkpt>
      <trkpt lat="42.26399" lon="-70.8481">
        <ele>14.0</ele>
      </trkpt>
      <trkpt lat="42.26397" lon="-70.84803">
        <ele>14.2</ele>
      </trkpt>
      <trkpt lat="42.26395" lon="-70.84793">
        <ele>14.3</ele>
      </trkpt>
      <trkpt lat="42.26393" lon="-70.84783">
        <ele>14.3</ele>
      </trkpt>
      <trkpt lat="42.26387" lon="-70.84732">
        <ele>13.8</ele>
      </trkpt>
      <trkpt lat="42.26381" lon="-70.84689">
        <ele>12.9</ele>
      </trkpt>
      <trkpt lat="42.26381" lon="-70.84683">
        <ele>12.7</ele>
      </trkpt>
      <trkpt lat="42.2638" lon="-70.84676">
        <ele>12.4</ele>
      </trkpt>
      <trkpt lat="42.263779" lon="-70.84668">
        <ele>12.0</ele>
      </trkpt>
      <trkpt lat="42.26376" lon="-70.84662">
        <ele>11.6</ele>
      </trkpt>
      <trkpt lat="42.26373" lon="-70.84654">
        <ele>11.2</ele>
      </trkpt>
      <trkpt lat="42.26358" lon="-70.84629">
        <ele>9.8</ele>
      </trkpt>
      <trkpt lat="42.26342" lon="-70.84613">
        <ele>8.6</ele>
      </trkpt>
      <trkpt lat="42.26338" lon="-70.84609">
        <ele>8.1</ele>
      </trkpt>
      <trkpt lat="42.26331" lon="-70.84604">
        <ele>7.2</ele>
      </trkpt>
      <trkpt lat="42.26324" lon="-70.84598">
        <ele>6.3</ele>
      </trkpt>
      <trkpt lat="42.26314" lon="-70.84592">
        <ele>5.5</ele>
      </trkpt>
      <trkpt lat="42.26305" lon="-70.84587">
        <ele>5.1</ele>
      </trkpt>
      <trkpt lat="42.262749" lon="-70.84566">
        <ele>5.2</ele>
      </trkpt>
      <trkpt lat="42.26262" lon="-70.84558">
        <ele>5.7</ele>
      </trkpt>
      <trkpt lat="42.26251" lon="-70.84551">
        <ele>6.1</ele>
      </trkpt>
      <trkpt lat="42.26233" lon="-70.84539">
        <ele>6.6</ele>
      </trkpt>
      <trkpt lat="42.26215" lon="-70.84528">
        <ele>7.1</ele>
      </trkpt>
      <trkpt lat="42.262009" lon="-70.84519">
        <ele>7.4</ele>
      </trkpt>
      <trkpt lat="42.26182" lon="-70.84508">
        <ele>7.3</ele>
      </trkpt>
      <trkpt lat="42.26165" lon="-70.84499">
        <ele>6.3</ele>
      </trkpt>
      <trkpt lat="42.26149" lon="-70.84489">
        <ele>5.1</ele>
      </trkpt>
      <trkpt lat="42.26124" lon="-70.84473">
        <ele>4.1</ele>
      </trkpt>
      <trkpt lat="42.26115" lon="-70.84468">
        <ele>3.9</ele>
      </trkpt>
      <trkpt lat="42.26111" lon="-70.84466">
        <ele>3.8</ele>
      </trkpt>
      <trkpt lat="42.26108" lon="-70.84465">
        <ele>3.8</ele>
      </trkpt>
      <trkpt lat="42.26102" lon="-70.84463">
        <ele>3.7</ele>
      </trkpt>
      <trkpt lat="42.26099" lon="-70.84462">
        <ele>3.6</ele>
      </trkpt>
      <trkpt lat="42.26096" lon="-70.84461">
        <ele>3.6</ele>
      </trkpt>
      <trkpt lat="42.26092" lon="-70.84461">
        <ele>3.4</ele>
      </trkpt>
      <trkpt lat="42.26088" lon="-70.84461">
        <ele>3.3</ele>
      </trkpt>
      <trkpt lat="42.26083" lon="-70.84461">
        <ele>3.2</ele>
      </trkpt>
      <trkpt lat="42.26035" lon="-70.844669">
        <ele>3.0</ele>
      </trkpt>
      <trkpt lat="42.26" lon="-70.84472">
        <ele>2.9</ele>
      </trkpt>
      <trkpt lat="42.25979" lon="-70.84473">
        <ele>3.4</ele>
      </trkpt>
      <trkpt lat="42.25971" lon="-70.84474">
        <ele>3.5</ele>
      </trkpt>
      <trkpt lat="42.25971" lon="-70.84474">
        <ele>3.5</ele>
      </trkpt>
      <trkpt lat="42.259749" lon="-70.84486">
        <ele>3.4</ele>
      </trkpt>
      <trkpt lat="42.25976" lon="-70.84492">
        <ele>3.3</ele>
      </trkpt>
      <trkpt lat="42.25977" lon="-70.844939">
        <ele>3.3</ele>
      </trkpt>
      <trkpt lat="42.25977" lon="-70.84497">
        <ele>3.2</ele>
      </trkpt>
      <trkpt lat="42.25976" lon="-70.845">
        <ele>3.2</ele>
      </trkpt>
      <trkpt lat="42.25976" lon="-70.84503">
        <ele>3.1</ele>
      </trkpt>
      <trkpt lat="42.259749" lon="-70.84506">
        <ele>3.1</ele>
      </trkpt>
      <trkpt lat="42.25974" lon="-70.84509">
        <ele>3.0</ele>
      </trkpt>
      <trkpt lat="42.25974" lon="-70.84511">
        <ele>2.9</ele>
      </trkpt>
      <trkpt lat="42.25972" lon="-70.84515">
        <ele>2.8</ele>
      </trkpt>
      <trkpt lat="42.25967" lon="-70.84524">
        <ele>2.5</ele>
      </trkpt>
      <trkpt lat="42.25942" lon="-70.845699">
        <ele>1.7</ele>
      </trkpt>
      <trkpt lat="42.25942" lon="-70.845699">
        <ele>1.7</ele>
      </trkpt>
      <trkpt lat="42.25938" lon="-70.845789">
        <ele>1.6</ele>
      </trkpt>
      <trkpt lat="42.25886" lon="-70.84669">
        <ele>1.1</ele>
      </trkpt>
      <trkpt lat="42.25879" lon="-70.84681">
        <ele>1.3</ele>
      </trkpt>
      <trkpt lat="42.25859" lon="-70.84714">
        <ele>1.7</ele>
      </trkpt>
      <trkpt lat="42.25832" lon="-70.847579">
        <ele>1.8</ele>
      </trkpt>
      <trkpt lat="42.25827" lon="-70.84765">
        <ele>1.9</ele>
      </trkpt>
      <trkpt lat="42.25798" lon="-70.84812">
        <ele>2.0</ele>
      </trkpt>
      <trkpt lat="42.25751" lon="-70.84884">
        <ele>2.2</ele>
      </trkpt>
      <trkpt lat="42.25718" lon="-70.84933">
        <ele>2.2</ele>
      </trkpt>
      <trkpt lat="42.25681" lon="-70.84986">
        <ele>2.1</ele>
      </trkpt>
      <trkpt lat="42.25639" lon="-70.85045">
        <ele>2.4</ele>
      </trkpt>
      <trkpt lat="42.25613" lon="-70.85081">
        <ele>2.2</ele>
      </trkpt>
      <trkpt lat="42.25584" lon="-70.85123">
        <ele>1.9</ele>
      </trkpt>
      <trkpt lat="42.25576" lon="-70.851339">
        <ele>1.9</ele>
      </trkpt>
      <trkpt lat="42.25547" lon="-70.85175">
        <ele>2.3</ele>
      </trkpt>
      <trkpt lat="42.25541" lon="-70.85184">
        <ele>2.4</ele>
      </trkpt>
      <trkpt lat="42.25524" lon="-70.85208">
        <ele>2.6</ele>
      </trkpt>
      <trkpt lat="42.254869" lon="-70.85262">
        <ele>2.4</ele>
      </trkpt>
      <trkpt lat="42.25467" lon="-70.85291">
        <ele>2.5</ele>
      </trkpt>
      <trkpt lat="42.25454" lon="-70.85312">
        <ele>2.5</ele>
      </trkpt>
      <trkpt lat="42.25441" lon="-70.85334">
        <ele>2.6</ele>
      </trkpt>
      <trkpt lat="42.25434" lon="-70.85345">
        <ele>2.8</ele>
      </trkpt>
      <trkpt lat="42.25429" lon="-70.85356">
        <ele>3.2</ele>
      </trkpt>
      <trkpt lat="42.25419" lon="-70.85376">
        <ele>4.0</ele>
      </trkpt>
      <trkpt lat="42.25408" lon="-70.85401">
        <ele>4.3</ele>
      </trkpt>
      <trkpt lat="42.25395" lon="-70.85431">
        <ele>4.1</ele>
      </trkpt>
      <trkpt lat="42.25378" lon="-70.85472">
        <ele>5.1</ele>
      </trkpt>
      <trkpt lat="42.25369" lon="-70.85496">
        <ele>5.2</ele>
      </trkpt>
      <trkpt lat="42.25361" lon="-70.85518">
        <ele>5.1</ele>
      </trkpt>
      <trkpt lat="42.2535" lon="-70.85545">
        <ele>4.6</ele>
      </trkpt>
      <trkpt lat="42.253279" lon="-70.85602">
        <ele>4.1</ele>
      </trkpt>
      <trkpt lat="42.25308" lon="-70.85654">
        <ele>4.0</ele>
      </trkpt>
      <trkpt lat="42.25291" lon="-70.856979">
        <ele>4.3</ele>
      </trkpt>
      <trkpt lat="42.252809" lon="-70.857249">
        <ele>4.7</ele>
      </trkpt>
      <trkpt lat="42.25263" lon="-70.85774">
        <ele>4.9</ele>
      </trkpt>
      <trkpt lat="42.25257" lon="-70.85789">
        <ele>4.9</ele>
      </trkpt>
      <trkpt lat="42.25251" lon="-70.85808">
        <ele>4.8</ele>
      </trkpt>
      <trkpt lat="42.25229" lon="-70.85884">
        <ele>3.9</ele>
      </trkpt>
      <trkpt lat="42.25207" lon="-70.85953">
        <ele>3.6</ele>
      </trkpt>
      <trkpt lat="42.25197" lon="-70.8599">
        <ele>3.3</ele>
      </trkpt>
      <trkpt lat="42.25189" lon="-70.86018">
        <ele>3.1</ele>
      </trkpt>
      <trkpt lat="42.25174" lon="-70.86067">
        <ele>1.3</ele>
      </trkpt>
      <trkpt lat="42.25166" lon="-70.86097">
        <ele>2.4</ele>
      </trkpt>
      <trkpt lat="42.25166" lon="-70.86097">
        <ele>2.4</ele>
      </trkpt>
      <trkpt lat="42.25154" lon="-70.861009">
        <ele>2.4</ele>
      </trkpt>
      <trkpt lat="42.25139" lon="-70.86108">
        <ele>2.1</ele>
      </trkpt>
      <trkpt lat="42.25092" lon="-70.86129">
        <ele>1.2</ele>
      </trkpt>
      <trkpt lat="42.25061" lon="-70.86142">
        <ele>1.7</ele>
      </trkpt>
      <trkpt lat="42.24983" lon="-70.86178">
        <ele>2.3</ele>
      </trkpt>
      <trkpt lat="42.2497" lon="-70.86185">
        <ele>3.1</ele>
      </trkpt>
      <trkpt lat="42.24901" lon="-70.86221">
        <ele>2.3</ele>
      </trkpt>
      <trkpt lat="42.24825" lon="-70.86263">
        <ele>5.7</ele>
      </trkpt>
      <trkpt lat="42.24801" lon="-70.86275">
        <ele>6.9</ele>
      </trkpt>
      <trkpt lat="42.24778" lon="-70.862889">
        <ele>8.5</ele>
      </trkpt>
      <trkpt lat="42.2476" lon="-70.862979">
        <ele>9.2</ele>
      </trkpt>
      <trkpt lat="42.24747" lon="-70.86305">
        <ele>9.7</ele>
      </trkpt>
      <trkpt lat="42.24747" lon="-70.86304">
        <ele>9.7</ele>
      </trkpt>
      <trkpt lat="42.24738" lon="-70.86309">
        <ele>10.2</ele>
      </trkpt>
      <trkpt lat="42.24731" lon="-70.8631">
        <ele>10.4</ele>
      </trkpt>
      <trkpt lat="42.24705" lon="-70.86314">
        <ele>11.0</ele>
      </trkpt>
      <trkpt lat="42.24689" lon="-70.863159">
        <ele>11.0</ele>
      </trkpt>
      <trkpt lat="42.24678" lon="-70.86319">
        <ele>11.4</ele>
      </trkpt>
      <trkpt lat="42.24672" lon="-70.86321">
        <ele>11.7</ele>
      </trkpt>
      <trkpt lat="42.24666" lon="-70.86324">
        <ele>12.0</ele>
      </trkpt>
      <trkpt lat="42.2466" lon="-70.86327">
        <ele>12.5</ele>
      </trkpt>
      <trkpt lat="42.24653" lon="-70.8633">
        <ele>12.9</ele>
      </trkpt>
      <trkpt lat="42.24635" lon="-70.86344">
        <ele>13.3</ele>
      </trkpt>
      <trkpt lat="42.24585" lon="-70.863829">
        <ele>10.9</ele>
      </trkpt>
      <trkpt lat="42.24564" lon="-70.864">
        <ele>10.7</ele>
      </trkpt>
      <trkpt lat="42.24524" lon="-70.86432">
        <ele>9.7</ele>
      </trkpt>
      <trkpt lat="42.24519" lon="-70.86436">
        <ele>9.5</ele>
      </trkpt>
      <trkpt lat="42.24496" lon="-70.86454">
        <ele>8.7</ele>
      </trkpt>
      <trkpt lat="42.24442" lon="-70.86498">
        <ele>8.7</ele>
      </trkpt>
      <trkpt lat="42.244169" lon="-70.86518">
        <ele>8.0</ele>
      </trkpt>
      <trkpt lat="42.24401" lon="-70.8653">
        <ele>8.0</ele>
      </trkpt>
      <trkpt lat="42.2438" lon="-70.86546">
        <ele>7.7</ele>
      </trkpt>
      <trkpt lat="42.24341" lon="-70.86579">
        <ele>9.4</ele>
      </trkpt>
      <trkpt lat="42.24325" lon="-70.86592">
        <ele>10.1</ele>
      </trkpt>
      <trkpt lat="42.243139" lon="-70.866">
        <ele>10.4</ele>
      </trkpt>
      <trkpt lat="42.24281" lon="-70.86626">
        <ele>11.7</ele>
      </trkpt>
      <trkpt lat="42.24238" lon="-70.86661">
        <ele>12.8</ele>
      </trkpt>
      <trkpt lat="42.24206" lon="-70.86686">
        <ele>14.5</ele>
      </trkpt>
      <trkpt lat="42.24185" lon="-70.86703">
        <ele>15.2</ele>
      </trkpt>
      <trkpt lat="42.24157" lon="-70.86723">
        <ele>15.3</ele>
      </trkpt>
      <trkpt lat="42.24152" lon="-70.86727">
        <ele>15.3</ele>
      </trkpt>
      <trkpt lat="42.24148" lon="-70.8673">
        <ele>15.2</ele>
      </trkpt>
      <trkpt lat="42.241459" lon="-70.86732">
        <ele>15.3</ele>
      </trkpt>
      <trkpt lat="42.24143" lon="-70.86733">
        <ele>15.3</ele>
      </trkpt>
      <trkpt lat="42.24141" lon="-70.86734">
        <ele>15.3</ele>
      </trkpt>
      <trkpt lat="42.24138" lon="-70.86734">
        <ele>15.2</ele>
      </trkpt>
      <trkpt lat="42.24122" lon="-70.86731">
        <ele>15.0</ele>
      </trkpt>
      <trkpt lat="42.24122" lon="-70.86731">
        <ele>15.0</ele>
      </trkpt>
      <trkpt lat="42.241169" lon="-70.86743">
        <ele>15.5</ele>
      </trkpt>
      <trkpt lat="42.24113" lon="-70.86756">
        <ele>15.7</ele>
      </trkpt>
      <trkpt lat="42.24109" lon="-70.86765">
        <ele>15.9</ele>
      </trkpt>
      <trkpt lat="42.24105" lon="-70.86779">
        <ele>16.3</ele>
      </trkpt>
      <trkpt lat="42.24102" lon="-70.8679">
        <ele>16.6</ele>
      </trkpt>
      <trkpt lat="42.24098" lon="-70.86807">
        <ele>17.0</ele>
      </trkpt>
      <trkpt lat="42.24094" lon="-70.86828">
        <ele>17.1</ele>
      </trkpt>
      <trkpt lat="42.24093" lon="-70.86834">
        <ele>17.1</ele>
      </trkpt>
      <trkpt lat="42.24091" lon="-70.86846">
        <ele>16.9</ele>
      </trkpt>
      <trkpt lat="42.24087" lon="-70.86869">
        <ele>17.1</ele>
      </trkpt>
      <trkpt lat="42.24086" lon="-70.86876">
        <ele>17.5</ele>
      </trkpt>
      <trkpt lat="42.24083" lon="-70.86892">
        <ele>18.6</ele>
      </trkpt>
      <trkpt lat="42.240789" lon="-70.8691">
        <ele>19.4</ele>
      </trkpt>
      <trkpt lat="42.24074" lon="-70.86928">
        <ele>19.3</ele>
      </trkpt>
      <trkpt lat="42.24064" lon="-70.86954">
        <ele>19.2</ele>
      </trkpt>
      <trkpt lat="42.24059" lon="-70.869649">
        <ele>19.3</ele>
      </trkpt>
      <trkpt lat="42.24053" lon="-70.86977">
        <ele>19.3</ele>
      </trkpt>
      <trkpt lat="42.24046" lon="-70.86991">
        <ele>19.1</ele>
      </trkpt>
      <trkpt lat="42.24037" lon="-70.87007">
        <ele>19.0</ele>
      </trkpt>
      <trkpt lat="42.24028" lon="-70.87021">
        <ele>19.1</ele>
      </trkpt>
      <trkpt lat="42.24013" lon="-70.87042">
        <ele>20.1</ele>
      </trkpt>
      <trkpt lat="42.24003" lon="-70.87055">
        <ele>20.3</ele>
      </trkpt>
      <trkpt lat="42.23982" lon="-70.87082">
        <ele>18.8</ele>
      </trkpt>
      <trkpt lat="42.2396" lon="-70.87111">
        <ele>17.8</ele>
      </trkpt>
      <trkpt lat="42.23936" lon="-70.87143">
        <ele>16.7</ele>
      </trkpt>
      <trkpt lat="42.23921" lon="-70.87164">
        <ele>17.1</ele>
      </trkpt>
      <trkpt lat="42.23903" lon="-70.871889">
        <ele>16.3</ele>
      </trkpt>
      <trkpt lat="42.23885" lon="-70.872159">
        <ele>14.5</ele>
      </trkpt>
      <trkpt lat="42.238729" lon="-70.87235">
        <ele>14.2</ele>
      </trkpt>
      <trkpt lat="42.23865" lon="-70.87246">
        <ele>14.1</ele>
      </trkpt>
      <trkpt lat="42.23849" lon="-70.87272">
        <ele>13.3</ele>
      </trkpt>
      <trkpt lat="42.23822" lon="-70.87316">
        <ele>13.7</ele>
      </trkpt>
      <trkpt lat="42.23806" lon="-70.8734">
        <ele>13.6</ele>
      </trkpt>
      <trkpt lat="42.23791" lon="-70.87364">
        <ele>13.9</ele>
      </trkpt>
      <trkpt lat="42.23785" lon="-70.87373">
        <ele>14.1</ele>
      </trkpt>
      <trkpt lat="42.23774" lon="-70.87389">
        <ele>15.0</ele>
      </trkpt>
      <trkpt lat="42.23766" lon="-70.874">
        <ele>16.2</ele>
      </trkpt>
      <trkpt lat="42.23759" lon="-70.87408">
        <ele>16.8</ele>
      </trkpt>
      <trkpt lat="42.23749" lon="-70.8742">
        <ele>16.5</ele>
      </trkpt>
      <trkpt lat="42.237409" lon="-70.87429">
        <ele>16.0</ele>
      </trkpt>
      <trkpt lat="42.237319" lon="-70.87439">
        <ele>15.4</ele>
      </trkpt>
      <trkpt lat="42.23718" lon="-70.87454">
        <ele>14.8</ele>
      </trkpt>
      <trkpt lat="42.23705" lon="-70.87466">
        <ele>14.2</ele>
      </trkpt>
      <trkpt lat="42.23686" lon="-70.87482">
        <ele>14.1</ele>
      </trkpt>
      <trkpt lat="42.23665" lon="-70.874979">
        <ele>13.6</ele>
      </trkpt>
      <trkpt lat="42.23661" lon="-70.87502">
        <ele>13.3</ele>
      </trkpt>
      <trkpt lat="42.2364" lon="-70.87517">
        <ele>13.2</ele>
      </trkpt>
      <trkpt lat="42.23625" lon="-70.87529">
        <ele>13.4</ele>
      </trkpt>
      <trkpt lat="42.23621" lon="-70.87532">
        <ele>13.2</ele>
      </trkpt>
      <trkpt lat="42.23536" lon="-70.87596">
        <ele>15.3</ele>
      </trkpt>
      <trkpt lat="42.23525" lon="-70.87605">
        <ele>15.5</ele>
      </trkpt>
      <trkpt lat="42.23519" lon="-70.87611">
        <ele>15.6</ele>
      </trkpt>
      <trkpt lat="42.23513" lon="-70.87616">
        <ele>15.7</ele>
      </trkpt>
      <trkpt lat="42.23507" lon="-70.87628">
        <ele>15.7</ele>
      </trkpt>
      <trkpt lat="42.23504" lon="-70.87634">
        <ele>15.7</ele>
      </trkpt>
      <trkpt lat="42.23502" lon="-70.87639">
        <ele>15.8</ele>
      </trkpt>
      <trkpt lat="42.23498" lon="-70.87647">
        <ele>15.8</ele>
      </trkpt>
      <trkpt lat="42.23496" lon="-70.87654">
        <ele>15.8</ele>
      </trkpt>
      <trkpt lat="42.23491" lon="-70.87666">
        <ele>15.8</ele>
      </trkpt>
      <trkpt lat="42.23491" lon="-70.87666">
        <ele>15.8</ele>
      </trkpt>
      <trkpt lat="42.23457" lon="-70.87666">
        <ele>15.0</ele>
      </trkpt>
      <trkpt lat="42.2345" lon="-70.876679">
        <ele>14.8</ele>
      </trkpt>
      <trkpt lat="42.23443" lon="-70.8767">
        <ele>14.5</ele>
      </trkpt>
      <trkpt lat="42.2344" lon="-70.87671">
        <ele>14.4</ele>
      </trkpt>
      <trkpt lat="42.23428" lon="-70.87674">
        <ele>13.8</ele>
      </trkpt>
      <trkpt lat="42.234139" lon="-70.87679">
        <ele>12.9</ele>
      </trkpt>
      <trkpt lat="42.23398" lon="-70.87682">
        <ele>12.0</ele>
      </trkpt>
      <trkpt lat="42.23383" lon="-70.87685">
        <ele>11.8</ele>
      </trkpt>
      <trkpt lat="42.23363" lon="-70.87688">
        <ele>11.5</ele>
      </trkpt>
      <trkpt lat="42.23345" lon="-70.8769">
        <ele>11.0</ele>
      </trkpt>
      <trkpt lat="42.23258" lon="-70.87696">
        <ele>15.3</ele>
      </trkpt>
      <trkpt lat="42.23205" lon="-70.87698">
        <ele>15.7</ele>
      </trkpt>
      <trkpt lat="42.23154" lon="-70.87683">
        <ele>13.2</ele>
      </trkpt>
      <trkpt lat="42.23154" lon="-70.87683">
        <ele>13.2</ele>
      </trkpt>
      <trkpt lat="42.23127" lon="-70.87636">
        <ele>13.8</ele>
      </trkpt>
      <trkpt lat="42.23118" lon="-70.87621">
        <ele>14.5</ele>
      </trkpt>
      <trkpt lat="42.23115" lon="-70.87616">
        <ele>14.6</ele>
      </trkpt>
      <trkpt lat="42.23113" lon="-70.87614">
        <ele>14.6</ele>
      </trkpt>
      <trkpt lat="42.23111" lon="-70.87612">
        <ele>14.6</ele>
      </trkpt>
      <trkpt lat="42.23107" lon="-70.87611">
        <ele>14.6</ele>
      </trkpt>
      <trkpt lat="42.231029" lon="-70.876099">
        <ele>14.7</ele>
      </trkpt>
      <trkpt lat="42.23088" lon="-70.87608">
        <ele>15.2</ele>
      </trkpt>
      <trkpt lat="42.23059" lon="-70.87602">
        <ele>15.6</ele>
      </trkpt>
      <trkpt lat="42.22987" lon="-70.87588">
        <ele>15.6</ele>
      </trkpt>
      <trkpt lat="42.22938" lon="-70.87579">
        <ele>15.5</ele>
      </trkpt>
      <trkpt lat="42.22914" lon="-70.8758">
        <ele>15.2</ele>
      </trkpt>
      <trkpt lat="42.22914" lon="-70.8758">
        <ele>15.2</ele>
      </trkpt>
      <trkpt lat="42.229059" lon="-70.87634">
        <ele>15.8</ele>
      </trkpt>
      <trkpt lat="42.22903" lon="-70.87654">
        <ele>15.8</ele>
      </trkpt>
      <trkpt lat="42.22902" lon="-70.87674">
        <ele>15.8</ele>
      </trkpt>
      <trkpt lat="42.22902" lon="-70.87674">
        <ele>15.8</ele>
      </trkpt>
      <trkpt lat="42.22894" lon="-70.876679">
        <ele>15.8</ele>
      </trkpt>
      <trkpt lat="42.22887" lon="-70.87663">
        <ele>15.8</ele>
      </trkpt>
      <trkpt lat="42.22878" lon="-70.87657">
        <ele>15.7</ele>
      </trkpt>
      <trkpt lat="42.22869" lon="-70.87652">
        <ele>15.5</ele>
      </trkpt>
      <trkpt lat="42.2286" lon="-70.87649">
        <ele>15.2</ele>
      </trkpt>
      <trkpt lat="42.22847" lon="-70.87646">
        <ele>15.2</ele>
      </trkpt>
      <trkpt lat="42.22788" lon="-70.87632">
        <ele>13.3</ele>
      </trkpt>
      <trkpt lat="42.22761" lon="-70.87627">
        <ele>12.4</ele>
      </trkpt>
      <trkpt lat="42.2267" lon="-70.87609">
        <ele>9.3</ele>
      </trkpt>
      <trkpt lat="42.22587" lon="-70.8759">
        <ele>8.7</ele>
      </trkpt>
      <trkpt lat="42.225589" lon="-70.875829">
        <ele>8.6</ele>
      </trkpt>
      <trkpt lat="42.225589" lon="-70.87584">
        <ele>8.6</ele>
      </trkpt>
      <trkpt lat="42.22475" lon="-70.875649">
        <ele>8.9</ele>
      </trkpt>
      <trkpt lat="42.2246" lon="-70.87562">
        <ele>9.5</ele>
      </trkpt>
      <trkpt lat="42.224469" lon="-70.87559">
        <ele>9.6</ele>
      </trkpt>
      <trkpt lat="42.22426" lon="-70.87553">
        <ele>8.9</ele>
      </trkpt>
      <trkpt lat="42.22414" lon="-70.87548">
        <ele>8.7</ele>
      </trkpt>
      <trkpt lat="42.22406" lon="-70.87543">
        <ele>8.7</ele>
      </trkpt>
      <trkpt lat="42.22398" lon="-70.87536">
        <ele>8.6</ele>
      </trkpt>
      <trkpt lat="42.22388" lon="-70.87525">
        <ele>8.6</ele>
      </trkpt>
      <trkpt lat="42.2237" lon="-70.87499">
        <ele>8.6</ele>
      </trkpt>
      <trkpt lat="42.22368" lon="-70.87496">
        <ele>8.6</ele>
      </trkpt>
      <trkpt lat="42.22308" lon="-70.8742">
        <ele>7.9</ele>
      </trkpt>
      <trkpt lat="42.22272" lon="-70.87373">
        <ele>7.8</ele>
      </trkpt>
      <trkpt lat="42.22204" lon="-70.87286">
        <ele>7.8</ele>
      </trkpt>
      <trkpt lat="42.2218" lon="-70.87255">
        <ele>8.5</ele>
      </trkpt>
      <trkpt lat="42.221739" lon="-70.87247">
        <ele>8.8</ele>
      </trkpt>
      <trkpt lat="42.22116" lon="-70.871709">
        <ele>9.8</ele>
      </trkpt>
      <trkpt lat="42.22043" lon="-70.870769">
        <ele>10.7</ele>
      </trkpt>
      <trkpt lat="42.22042" lon="-70.87075">
        <ele>10.7</ele>
      </trkpt>
      <trkpt lat="42.22021" lon="-70.87048">
        <ele>11.3</ele>
      </trkpt>
      <trkpt lat="42.22005" lon="-70.87032">
        <ele>11.7</ele>
      </trkpt>
      <trkpt lat="42.21986" lon="-70.87016">
        <ele>12.6</ele>
      </trkpt>
      <trkpt lat="42.21952" lon="-70.869919">
        <ele>12.7</ele>
      </trkpt>
      <trkpt lat="42.21933" lon="-70.86979">
        <ele>12.3</ele>
      </trkpt>
      <trkpt lat="42.21918" lon="-70.86969">
        <ele>11.8</ele>
      </trkpt>
      <trkpt lat="42.21901" lon="-70.86962">
        <ele>11.2</ele>
      </trkpt>
      <trkpt lat="42.21888" lon="-70.8696">
        <ele>11.0</ele>
      </trkpt>
      <trkpt lat="42.21888" lon="-70.8696">
        <ele>11.0</ele>
      </trkpt>
      <trkpt lat="42.21889" lon="-70.86938">
        <ele>10.8</ele>
      </trkpt>
      <trkpt lat="42.21885" lon="-70.86904">
        <ele>11.0</ele>
      </trkpt>
      <trkpt lat="42.2188" lon="-70.8687">
        <ele>10.8</ele>
      </trkpt>
      <trkpt lat="42.21878" lon="-70.86861">
        <ele>10.8</ele>
      </trkpt>
      <trkpt lat="42.21878" lon="-70.86861">
        <ele>10.8</ele>
      </trkpt>
      <trkpt lat="42.21872" lon="-70.86837">
        <ele>10.9</ele>
      </trkpt>
      <trkpt lat="42.21871" lon="-70.86828">
        <ele>11.0</ele>
      </trkpt>
      <trkpt lat="42.21868" lon="-70.86802">
        <ele>11.6</ele>
      </trkpt>
      <trkpt lat="42.21868" lon="-70.86792">
        <ele>11.9</ele>
      </trkpt>
      <trkpt lat="42.21868" lon="-70.86767">
        <ele>12.5</ele>
      </trkpt>
      <trkpt lat="42.21869" lon="-70.86754">
        <ele>12.6</ele>
      </trkpt>
      <trkpt lat="42.21873" lon="-70.86726">
        <ele>12.8</ele>
      </trkpt>
      <trkpt lat="42.21875" lon="-70.86716">
        <ele>12.8</ele>
      </trkpt>
      <trkpt lat="42.21876" lon="-70.86703">
        <ele>12.8</ele>
      </trkpt>
      <trkpt lat="42.21877" lon="-70.86696">
        <ele>12.9</ele>
      </trkpt>
      <trkpt lat="42.218739" lon="-70.86682">
        <ele>13.1</ele>
      </trkpt>
      <trkpt lat="42.21872" lon="-70.86667">
        <ele>13.4</ele>
      </trkpt>
      <trkpt lat="42.21871" lon="-70.86661">
        <ele>13.5</ele>
      </trkpt>
      <trkpt lat="42.2187" lon="-70.86658">
        <ele>13.5</ele>
      </trkpt>
      <trkpt lat="42.2187" lon="-70.86651">
        <ele>13.6</ele>
      </trkpt>
      <trkpt lat="42.2187" lon="-70.86645">
        <ele>13.6</ele>
      </trkpt>
      <trkpt lat="42.21871" lon="-70.86632">
        <ele>13.7</ele>
      </trkpt>
      <trkpt lat="42.21872" lon="-70.86623">
        <ele>13.8</ele>
      </trkpt>
      <trkpt lat="42.21875" lon="-70.86604">
        <ele>14.2</ele>
      </trkpt>
      <trkpt lat="42.21872" lon="-70.86572">
        <ele>15.1</ele>
      </trkpt>
      <trkpt lat="42.2187" lon="-70.86566">
        <ele>15.3</ele>
      </trkpt>
      <trkpt lat="42.21864" lon="-70.86539">
        <ele>16.4</ele>
      </trkpt>
      <trkpt lat="42.21848" lon="-70.86498">
        <ele>19.3</ele>
      </trkpt>
      <trkpt lat="42.21828" lon="-70.86448">
        <ele>21.2</ele>
      </trkpt>
      <trkpt lat="42.21825" lon="-70.8644">
        <ele>21.5</ele>
      </trkpt>
      <trkpt lat="42.21816" lon="-70.86416">
        <ele>21.3</ele>
      </trkpt>
      <trkpt lat="42.2181" lon="-70.86396">
        <ele>20.8</ele>
      </trkpt>
      <trkpt lat="42.21807" lon="-70.86388">
        <ele>20.7</ele>
      </trkpt>
      <trkpt lat="42.21801" lon="-70.86375">
        <ele>20.7</ele>
      </trkpt>
      <trkpt lat="42.21797" lon="-70.86368">
        <ele>20.8</ele>
      </trkpt>
      <trkpt lat="42.21791" lon="-70.86359">
        <ele>21.1</ele>
      </trkpt>
      <trkpt lat="42.21775" lon="-70.86337">
        <ele>21.1</ele>
      </trkpt>
      <trkpt lat="42.2176" lon="-70.86314">
        <ele>20.2</ele>
      </trkpt>
      <trkpt lat="42.21746" lon="-70.86299">
        <ele>19.9</ele>
      </trkpt>
      <trkpt lat="42.2173" lon="-70.86278">
        <ele>20.0</ele>
      </trkpt>
      <trkpt lat="42.217251" lon="-70.862712">
        <ele>20.0</ele>
      </trkpt>
      <trkpt lat="42.21725" lon="-70.86271">
        <ele>20.0</ele>
      </trkpt>
      <trkpt lat="42.21721" lon="-70.86267">
        <ele>20.0</ele>
      </trkpt>
    </trkseg>
  </trk>
</gpx>
